0,2014-09-25,Thu,8878,515157758443012096,0,Alea_,"['ECBs', 'test', 'may', 'not', 'be', 'final', 'word', 'on', 'health', 'of', 'Europes', 'banks']",[],15:15:55,73623921
1,2014-09-25,Thu,8878,515141976526954496,0,Alea_,"['Long-Termism', 'Is', 'Just', 'as', 'Bad', 'as', 'Short-Termism']",[],14:13:12,73623921
2,2014-09-25,Thu,8878,515124354913271810,1,Alea_,"['Miss', 'a', 'Payment', 'Good', 'Luck', 'Moving', 'That', 'Car']",[],13:03:11,73623921
3,2014-09-24,Wed,8878,514806926484709376,2,Alea_,"['Former', 'German', 'top', 'judge', 'says', 'ECB', 'could', 'face', 'more', 'legal', 'challenges']",[],16:01:50,73623921
4,2014-09-24,Wed,8878,514795902805245952,0,Alea_,"['Angry', 'customers', 'tell', 'feds', 'about', 'unresponsive', 'Bitcoin', 'miner', 'makers']",[],15:18:02,73623921
5,2014-09-24,Wed,8878,514682636682682368,1,Alea_,"['Who', 's', 'afraid', 'of', 'the', 'AQR']",[],07:47:57,73623921
6,2014-09-23,Tue,8878,514458016314576896,3,Alea_,"['FTC', 'shuts', 'down', 'Butterfly', 'Labs', 'the', 'second-most', 'hated', 'company', 'in', 'Bitcoinland']",[],16:55:23,73623921
7,2014-09-23,Tue,8878,514419098722500609,2,Alea_,"['German', 'Prosecutors', 'Charge', 'Deutsche', 'Bank', 'Executives']",[],14:20:45,73623921
8,2014-09-23,Tue,8878,514417596167639040,1,Alea_,"['Germanys', 'Merkel', 'impressed', 'with', 'French', 'reforms']",[],14:14:47,73623921
9,2014-09-23,Tue,8878,514415152725516288,2,Alea_,"['Feds', 'say', 'Bitcoin', 'miner', 'maker', 'Butterfly', 'Labs', 'ran', 'systematic', 'deception']",[],14:05:04,73623921
10,2014-09-23,Tue,8878,514399813933096960,0,Alea_,"['Google', 'must', 'improve', 'search', 'settlement', 'or', 'face', 'charges', 'EUs', 'Almunia', 'says']",[],13:04:07,73623921
11,2014-09-23,Tue,8878,514398422531862528,0,Alea_,"['Indian', 'average', 'is', 'over']",[],12:58:35,73623921
12,2014-09-23,Tue,8878,514398295322820608,0,Alea_,"['Merkel', 'says', 'first', 'signs', 'of', 'success', 'are', 'visible', 'in', 'Greece']",[],12:58:05,73623921
13,2014-09-23,Tue,8878,514393977211322369,1,Alea_,"['Blue', 'dollar', 'up', 'to', '1515', 'pesos']",[],12:40:55,73623921
14,2014-09-23,Tue,8878,514393548968701952,0,Alea_,"['Bank', 'of', 'New', 'York', 'Mellon', 'refuses', 'to', 'step', 'aside', 'as', 'financial', 'agent']",[],12:39:13,73623921
15,2014-09-23,Tue,8878,514316384126656512,0,Alea_,"['Hedge', 'fund', 'rats']",[],07:32:36,73623921
16,2014-09-20,Sat,8878,513423463835774978,0,Alea_,['Endorsed'],[],20:24:27,73623921
17,2014-09-20,Sat,8878,513262611593715712,1,Alea_,"['QE', 'not', 'on', 'ECB', 'agenda', 'at', 'the', 'moment', 'Noyer']",[],09:45:17,73623921
18,2014-09-19,Fri,8878,512975512923541504,0,Alea_,"['Sarkozy', 'is', 'back', '@AlbertoNardelli', 'Il', 'est', 'back', '@NicolasSarkozy', 'announces', 'return', 'to', 'French', 'politics']",[],14:44:27,73623921
19,2014-09-18,Thu,8878,512576035238326274,1,Alea_,"['Classico', 'Pyramid', 'scheme', 'operation', 'sees', 'six', 'women', 'convicted']",[],12:17:04,73623921
20,2014-09-18,Thu,8878,512533722525347840,2,Alea_,"['Low', 'take', 'on', 'TLTRO', 'is', 'a', 'goog', 'thing', 'only', 'for', 'the', 'truly', 'desperate', 'undercapped', 'banks']",[],09:28:56,73623921
21,2014-09-18,Thu,8878,512501658941923328,0,Alea_,"['TLTROguesses', '120']",[],07:21:31,73623921
22,2014-09-17,Wed,8878,512381752590233600,5,Alea_,"['Journalism', 'school', 'shuts', 'down', 'its', 'print', 'newspaper', 'will', 'publish', 'everything', 'on', 'Medium']",[],23:25:04,73623921
23,2014-09-17,Wed,8878,512304472501256192,0,Alea_,"['France', 'Announces', 'An', 'Ambitious', 'New', 'Data', 'Strategy']",[],18:17:59,73623921
24,2014-09-17,Wed,8878,512297199989174272,1,Alea_,"['Harder', 'or', 'easier']",[],17:49:05,73623921
25,2014-09-17,Wed,8878,512295277391527936,1,Alea_,"['Mass', 'incarceration', 'is', 'making', 'the', 'Federal', 'Reserve', 's', 'job', 'harder']",[],17:41:26,73623921
26,2014-09-17,Wed,8878,512285336953552896,2,Alea_,"['European', 'court', 'adds', 'hundreds', 'of', 'millions', 'to', 'UK', 'bank', 'taxes']",[],17:01:56,73623921
27,2014-09-17,Wed,8878,512282465986420737,0,Alea_,"['Blue', 'dollar', 'continues', 'to', 'skyrocket', 'hits', 'new', 'record', 'high', 'at', '1497', 'pesos']",[],16:50:32,73623921
28,2014-09-08,Mon,8878,508977257788882944,2,Alea_,"['1', 'The', 'average', 'annual', 'rainfall', 'will', 'go', 'down', 'by', '20cms', 'each', 'year', 'if', 'Scotland', 'leaves']",[],13:56:49,73623921
29,2014-09-08,Mon,8878,508925779078418432,3,Alea_,"['UK', 'absolutely', 'correct', 'to', 'reject', 'currency', 'union', 'with', 'Scotland']",[],10:32:15,73623921
30,2014-09-08,Mon,8878,508925358582665216,5,Alea_,"['As', 'we', 'have', 'seen', 'in', 'Europe', 'monetary', 'union', 'requires', 'political', 'union']",[],10:30:35,73623921
31,2014-09-08,Mon,8878,508917962212773888,1,Alea_,"['EU', 'positive', 'about', 'Irelands', 'early', 'pay', 'back', 'of', 'IMF', 'loans', 'EU', 'official']",[],10:01:12,73623921
32,2014-09-08,Mon,8878,508795728798298113,2,Alea_,"['Nasty', 'Brutish', 'and', 'Poor']",[],01:55:29,73623921
33,2014-09-07,Sun,8878,508577583500230656,0,Alea_,"['Scottish', 'independence', 'My', 'views', 'have', 'changed', 'during', 'the', 'debate', 'says', 'one', 'of', 'Scotlands', 'richest', 'men']",[],11:28:39,73623921
34,2014-09-07,Sun,8878,508518840351748096,1,Alea_,"['The', 'Slow', 'Decline', 'of', 'American', 'Entrepreneurship']",[],07:35:14,73623921
35,2014-09-07,Sun,8878,508494076321087489,2,Alea_,"['Should', 'Twitter', 'algorithmically', 'curate', 'the', 'timeline', 'NO']",[],05:56:49,73623921
36,2014-09-07,Sun,8878,508462701358510080,2,Alea_,"['Shock', 'new', 'poll', 'says', 'Scots', 'set', 'to', 'vote', 'yes', 'to', 'independence']",[],03:52:09,73623921
37,2014-09-05,Fri,8878,507807427207495680,4,Alea_,"['Credit', 'easing', 'CB', 'focus', 'on', 'asset', 'side', 'of', 'its', 'BS', 'QE', 'CB', 'focus', 'on', 'liability', 'side', 'of', 'its', 'BS', 'ie', 'ECB', 'doing', 'credit', 'easing', 'thx', 'for', 'asking']",[],08:28:19,73623921
38,2014-09-05,Fri,8878,507739948674338816,0,Alea_,"['The', 'Dying', 'Russians']",[],04:00:11,73623921
39,2014-09-05,Fri,8878,507708305276280832,0,Alea_,"['China', 's', 'shadow', 'banks', 'A', 'moving', 'target']",[],01:54:27,73623921
40,2014-09-05,Fri,8878,507707850693435392,1,Alea_,"['Big', 'banks', 'must', 'face', 'US', 'CDS', 'swaps', 'price-fixing', 'lawsuit']",[],01:52:39,73623921
41,2014-09-05,Fri,8878,507704371434364928,1,Alea_,"['Feds', 'Powell', 'says', 'alternative', 'to', 'Libor', 'needed', 'as', 'soon', 'as', 'practical']",[],01:38:49,73623921
42,2014-09-04,Thu,8878,507547837064679424,0,Alea_,"['Moscow', 'needs', 'to', 'regulate', 'SWIFT', 'Reuters', 'Bloomberg', 'to', 'protect', 'Russia']",[],15:16:48,73623921
43,2014-09-04,Thu,8878,507547665005957121,2,Alea_,"['Fed', 'to', 'test', 'revised', 'term', 'deposit', 'facility', 'next', 'month', 'allowing', 'banks', 'early', 'withdrawal']",[],15:16:07,73623921
44,2014-09-04,Thu,8878,507534055710027776,2,Alea_,"['Facebook', 's', 'Report', 'Abuse', 'button', 'has', 'become', 'a', 'tool', 'of', 'global', 'oppression']",[],14:22:03,73623921
45,2014-09-04,Thu,8878,507530390257401856,1,Alea_,"['Argentine', 'Senate', 'approves', 'debt', 'jurisdiction', 'bill', 'sends', 'to', 'House']",[],14:07:29,73623921
46,2014-09-04,Thu,8878,507525640992473090,0,Alea_,"['Goldman', 'The', 'ECB', 'will', 'sit', 'on', 'its', 'hands', 'on', 'QE']",[],13:48:36,73623921
47,2014-09-04,Thu,8878,507523222326108160,0,Alea_,"['As', 'It', 'Flouts', 'Germany-Wide', 'Ban', 'Uber', 'Touts', '30', 'Price', 'Cut', 'In', 'Berlin', 'And', 'Munich']",[],13:39:00,73623921
48,2014-09-04,Thu,8878,507514778487492608,4,Alea_,"['Reuters', 'scoop', 'wasnt', 'that', 'bad', 'after', 'all']",[],13:05:27,73623921
49,2014-09-04,Thu,8878,507463856638021632,5,Alea_,"['Everything', 'is', 'fine', 'France', '2055', 'bond', 'at', '245']",[],09:43:06,73623921
50,2014-09-04,Thu,8878,507460302107971584,0,Alea_,"['Like', 'the', 'Martin', 'Wolf', 'book', 'so', 'far', 'not', 'finished']",[],09:28:58,73623921
51,2014-09-04,Thu,8878,507459340442157056,0,Alea_,"['Need', 'more', 'time', 'to', 'assess', 'impact', 'of', 'ECB', 'measures', 'Eurogroup', 'head']",[],09:25:09,73623921
52,2014-09-04,Thu,8878,507453255396257793,0,Alea_,"['Another', 'QE', 'Casualty']",[],09:00:58,73623921
53,2014-09-04,Thu,8878,507447828042366976,2,Alea_,"['Deutsche', 'Banks', 'Jain', 'skeptical', 'on', 'need', 'for', 'ECB', 'QE', 'additional', 'liquidity', 'measures', 'would', 'achieve', 'little']",[],08:39:24,73623921
54,2014-09-04,Thu,8878,507446212761370625,0,Alea_,"['Wow', 'UK', '1400', 'young', 'people', 'abused', 'gt', 'Child', 'safety', 'officers', 'will', 'not', 'face', 'disciplinary', 'action']",[],08:32:59,73623921
55,2014-09-04,Thu,8878,507442471752585216,0,Alea_,"['1', 'The', 'Galaxy', 'Note', 'Edge', 'is', 'a', 'flagship', 'phone', 'with', 'an', 'entirely', 'new', 'kind', 'of', 'curved', 'display']",[],08:18:07,73623921
56,2014-09-04,Thu,8878,507440981713514498,0,Alea_,"['Eight', 'Shanghai', 'journalists', 'PR', 'executives', 'detained', 'for', 'allegedly', 'running', 'extortion', 'scam']",[],08:12:12,73623921
57,2014-09-04,Thu,8878,507440017711452160,0,Alea_,"['Goldman', 'Sachs', 'plans', 'benchmark-size', 'dollar', 'sukuk', 'issue']",[],08:08:22,73623921
58,2014-09-04,Thu,8878,507440007359897600,0,Alea_,"['Russia', 'warns', 'against', 'Ukraine', 'joining', 'NATO', 'criticises', 'US']",[],08:08:20,73623921
59,2014-09-04,Thu,8878,507434075049562112,10,Alea_,"['@chrisdeerin', 'Ill', 'go', 'to', 'hell', 'but', 'I', 'cant', 'stop', 'laughing', 'at', 'this']",[],07:44:45,73623921
60,2014-09-04,Thu,8878,507418415523315712,0,Alea_,"['Japan', 'struggles', 'to', 'control', 'first', 'dengue', 'fever', 'outbreak', 'in', 'decades']",[],06:42:32,73623921
61,2014-09-04,Thu,8878,507408604664586240,2,Alea_,"['Argentina', 'Central', 'Bank', 'orders', 'reduction', 'of', 'banks', 'foreign', 'currency', 'holdings', 'desperate']",[],06:03:33,73623921
62,2014-09-04,Thu,8878,507361733615165440,0,Alea_,"['Money', 'in', 'a', 'Time', 'of', 'Zero']",[],02:57:18,73623921
63,2014-09-04,Thu,8878,507356064191217664,0,Alea_,"['The', 'Goldman', 'Sachs', 'Aluminum', 'Conspiracy', 'Lawsuit', 'Is', 'Over']",[],02:34:46,73623921
64,2014-09-04,Thu,8878,507355959153274880,0,Alea_,"['Argentina', 'bonds', 'valued', 'at', '395', 'cents', 'in', 'CDS', 'auction']",[],02:34:21,73623921
65,2014-09-04,Thu,8878,507355658463612929,0,Alea_,"['European', 'repo', 'activity', 'recovers', 'modestly', 'as', 'banks', 'cut', 'ECB', 'reliance']",[],02:33:09,73623921
66,2014-09-04,Thu,8878,507354464236208129,2,Alea_,"['Regulators', 'Propose', 'Rule', 'to', 'Reduce', 'Risk', 'of', 'Derivatives']",[],02:28:25,73623921
67,2014-09-04,Thu,8878,507354134648221696,0,Alea_,"['It', 'pays', 'to', 'have', 'both', 'math', 'and', 'social', 'skills', 'now', 'more', 'than', 'ever']",[],02:27:06,73623921
68,2014-09-03,Wed,8878,507204898404855809,0,Alea_,"['Argentina', 'Presidential', 'elections', 'set', 'for', 'October', '25', '2015']",[],16:34:05,73623921
69,2014-09-03,Wed,8878,507203837602459648,0,Alea_,"['France', 'raises', 'possibility', 'of', 'military', 'action', 'on', 'Islamic', 'State']",[],16:29:52,73623921
70,2014-09-03,Wed,8878,507193516213014530,0,Alea_,"['NY', 'Fed', 's', 'Emanuel', 'Moench', 'to', 'Become', 'Head', 'of', 'Research', 'at', 'the', 'Bundesbank']",[],15:48:52,73623921
71,2014-09-03,Wed,8878,507193035512217601,0,Alea_,"['Twitter', 'CEO', 'finally', 'explains', 'why', 'random', 'favorites', 'are', 'inserted', 'into', 'your', 'timeline']",[],15:46:57,73623921
72,2014-09-03,Wed,8878,507148603056332800,2,Alea_,"['How', 'to', 'make', 'your', 'email', 'address', 'as', 'hard', 'to', 'guess', 'as', 'your', 'password']",[],12:50:23,73623921
73,2014-09-03,Wed,8878,507144422962651136,1,Alea_,"['German', 'government', 'is', 'not', 'considering', 'eurobonds', 'spokesman', 'says']",[],12:33:47,73623921
74,2014-09-03,Wed,8878,507121898094731264,2,Alea_,"['Argentina', 'to', 'add', 'France', 'as', 'payment', 'location', 'in', 'external', 'debt', 'bill']",[],11:04:17,73623921
75,2014-09-03,Wed,8878,507108861853978624,0,Alea_,"['No', '@AlenMattich', 'If', 'Europe', 'is', 'turning', 'Japanese', 'does', 'the', 'Nikkeis', 'performance', 'during', 'the', '90s', 'offer', 'a', 'pointer', 'for', 'EZ', 'equities', 'as', 'well']",[],10:12:28,73623921
76,2014-09-02,Tue,8878,506789571271462912,0,Alea_,"['It', 's', 'Never', 'Been', 'More', 'Lucrative', 'to', 'Be', 'a', 'Math-Loving', 'People', 'Person']",[],13:03:44,73623921
77,2014-09-02,Tue,8878,506766001115906048,3,Alea_,"['Russian', 'cancels', 'treasury', 'bond', 'auction', 'for', 'seventh', 'straight', 'week']",[],11:30:04,73623921
78,2014-09-02,Tue,8878,506763943763648512,1,Alea_,"['Going', 'down', 'The', 'Value', 'of', 'a', 'College', 'Degree']",[],11:21:54,73623921
79,2014-09-02,Tue,8878,506745586050011137,3,Alea_,"['Wow', 'better', 'be', 'born', 'in', 'Saudi', 'Arabia', 'than', 'Mexico', 'says', 'the', '@TheEconomist']",[],10:08:57,73623921
80,2014-09-02,Tue,8878,506728657398689793,3,Alea_,"['Argentina', 'Minimum', 'wage', 'increased', '31', 'to', '4760', 'pesos', '$335']",[],09:01:41,73623921
81,2014-09-02,Tue,8878,506725712825700352,0,Alea_,"['Citi', 'Miners', 'and', 'Merchants', 'Are', 'Keeping', 'Bitcoin', 'Prices', 'Low']",[],08:49:59,73623921
82,2014-09-02,Tue,8878,506722294308163585,75,Alea_,"['@mynameisjerm', 'The', 'difference', 'between', 'Swiss', 'and', 'American', 'news', 'media']",[],08:36:24,73623921
83,2014-09-02,Tue,8878,506713549951864834,1,Alea_,"['German', 'court', 'orders', 'Uber', 'to', 'suspend', 'services', 'across', 'the', 'country']",[],08:01:39,73623921
84,2014-09-02,Tue,8878,506671904514523137,1,Alea_,"['Making', 'money', 'is', 'art', 'and', 'working', 'is', 'art', 'and', 'good', 'business', 'is', 'the', 'best', 'art', 'Andy', 'Warhol']",[],05:16:10,73623921
85,2014-09-01,Mon,8878,506345489843748864,1,Alea_,"['5', 'Charts', 'That', 'Explain', 'Millennial', 'Voters']",[],07:39:06,73623921
86,2014-09-01,Mon,8878,506340204085403648,0,Alea_,"['Indeed', '@ibexsalad', 'German', 'GDP', 'hardly', 'the', 'disaster', 'the', 'headlines', 'would', 'have', 'you', 'believe']",[],07:18:06,73623921
87,2014-09-01,Mon,8878,506338156136767488,0,Alea_,"['Bankers', 'beware', 'City', 'will', 'soon', 'be', 'run', 'by', 'robots']",[],07:09:58,73623921
88,2014-09-01,Mon,8878,506331669423337472,0,Alea_,"['Hundreds', 'of', 'nude', 'celebrity', 'photos', 'leaked', 'in', 'reported', 'iCloud', 'hack']",[],06:44:11,73623921
89,2014-09-01,Mon,8878,506328045142028288,2,Alea_,"['No', 'case', 'for', 'a', 'weak', 'Euro']",[],06:29:47,73623921
90,2014-09-01,Mon,8878,506323581077164032,1,Alea_,"['China', 'gives', 'Microsoft', '20', 'days', 'to', 'provide', 'explanation', 'in', 'anti-trust', 'probe']",[],06:12:03,73623921
91,2014-09-01,Mon,8878,506288287326035969,1,Alea_,"['Sch\xc3\xa4uble', 'Argentina', 'an', 'example', 'of', 'lack', 'of', 'solidity']",[],03:51:48,73623921
92,2014-09-01,Mon,8878,506283394112573440,6,Alea_,"['Entrepreneurship', 'EU', 'France']",[],03:32:22,73623921
93,2014-09-01,Mon,8878,506281197207420928,0,Alea_,"['Smooth', 'start', 'for', 'Shanghai-Hong', 'Kong', 'trading', 'connector', 'tests']",[],03:23:38,73623921
94,2014-09-01,Mon,8878,506274917004763136,0,Alea_,"['54', 'Say', 'Obama', 'Approach', 'on', 'Foreign', 'Policy', 'Is', 'Not', 'Tough', 'Enough']",[],02:58:41,73623921
95,2014-09-01,Mon,8878,506259420729188352,0,Alea_,"['6', 'new', 'IPOs', 'launched', 'late', 'last', 'week', 'attracted', 'more', 'than', '660', 'billion', 'yuan', '$107', 'billion', 'in', 'subscription', 'funds', 'China']",[],01:57:06,73623921
96,2014-09-01,Mon,8878,506241133152698368,80,Alea_,"['Life', 'expectancy', 'EU', 'vs', 'US', 'regions']",[],00:44:26,73623921
97,2014-08-31,Sun,8878,506222763070087168,0,Alea_,"['Regulatory', 'models', 'make', 'markets', 'riskier']",[],23:31:26,73623921
98,2014-08-31,Sun,8878,506069671380930560,0,Alea_,"['1', '@ExCBOHealth', '@stiglitzian', 'dont', 'advertise', 'something', 'that', 'needs', 'a', 'subscription', 'to', 'read', 'FT', 'be', 'darned']",[],13:23:06,73623921
99,2014-08-31,Sun,8878,506049364578414592,0,Alea_,"['Iran', 'says', 'possible', 'response', 'to', 'new', 'US', 'sanctions', 'could', 'not', 'be', 'pleasant']",[],12:02:25,73623921
100,2014-08-31,Sun,8878,506046170573979650,9,Alea_,"['Bitcoin', 'is', 'banned', 'in', 'Ecuador', 'btw']",[],11:49:43,73623921
101,2014-08-31,Sun,8878,506045443151638528,2,Alea_,"['Issued', 'by', 'central', 'bank', 'Ecuador', 'gives', 'details', 'of', 'new', 'digital', 'currency']",[],11:46:50,73623921
102,2014-08-31,Sun,8878,505979036909072384,1,Alea_,"['House', 'sales', 'stall', 'as', 'Britain', 'becomes', 'a', 'buyers', 'market']",[],07:22:57,73623921
103,2014-08-31,Sun,8878,505936449854636032,3,Alea_,"['No', 'shame', '3MB', '=', '600', 'times', 'local', 'price', 'cc', '@VodafoneUK']",[],04:33:44,73623921
104,2014-08-31,Sun,8878,505931877015093248,2,Alea_,"['Bitcoin', 's', 'Earliest', 'Adopter', 'Is', 'Cryonically', 'Freezing', 'His', 'Body', 'to', 'See', 'the', 'Future']",[],04:15:33,73623921
105,2014-08-31,Sun,8878,505878785552424961,14,Alea_,"['Where', 'do', 'foreign', 'fighters', 'in', 'Syria', 'come', 'from']",[],00:44:35,73623921
106,2014-08-30,Sat,8878,505746596793827328,1,Alea_,"['Meet', 'the', 'computer', 'scientist', 'trying', 'to', 'digitize', 'analyze', 'and', 'visualize', 'our', 'past']",[],15:59:19,73623921
107,2014-08-30,Sat,8878,505702756993077249,0,Alea_,"['Online', 'Anonymity', 'Will', 'Soon', 'Be', 'The', 'Only', 'Kind', 'We', 'Have']",[],13:05:07,73623921
108,2014-08-30,Sat,8878,505702364230062083,2,Alea_,"['Increasingly', 'Retirees', 'Dump', 'Their', 'Possessions', 'and', 'Hit', 'the', 'Road']",[],13:03:33,73623921
109,2014-08-30,Sat,8878,505692893227384833,0,Alea_,"['lol', 'How', 'to', 'see', 'what', 'Google', 'thinks', 'you', 'like']",[],12:25:55,73623921
110,2014-08-29,Fri,8878,505498293388845056,1,Alea_,"['@BruceBartlett', 'Chelsea', 'Clinton', 'leaves', 'job', 'for', 'which', 'she', 'got', '$600', 'k', 'to', 'do', 'absolutely', 'nothing', 'But', 'she', 'did', 'it', 'well']",[],23:32:39,73623921
111,2014-08-29,Fri,8878,505282132780924928,0,Alea_,"['Market', 'body', 'revises', 'rules', 'for', 'sovereign', 'defaults']",[],09:13:42,73623921
112,2014-08-29,Fri,8878,505265020452618240,2,Alea_,"['Malaysia', 'Airlines', 'to', 'cut', '6000', 'jobs', 'spend', '$19', 'billion', 'on', 'restructuring']",[],08:05:42,73623921
113,2014-08-29,Fri,8878,505249890088140800,0,Alea_,"['Social', 'Media', 'and', 'the', 'Spiral', 'of', 'Silence']",[],07:05:35,73623921
114,2014-08-29,Fri,8878,505243722053730305,3,Alea_,"['The', 'Rotherham', 'horror']",[],06:41:04,73623921
115,2014-08-29,Fri,8878,505212439441338368,0,Alea_,"['Facebook', 'censors', 'operate', 'under', 'a', 'cloak', 'of', 'anonymity', 'with', 'no', 'accountability', 'to', 'users']",[],04:36:46,73623921
116,2014-08-29,Fri,8878,505205596161716224,2,Alea_,"['Companies', 'must', 'be', 'punished', 'when', 'they', 'do', 'wrong', 'but', 'the', 'legal', 'system', 'has', 'become', 'an', 'extortion', 'racket']",[],04:09:35,73623921
117,2014-08-29,Fri,8878,505202229326774272,6,Alea_,"['Internet', 'users', 'begging', 'for', 'arrest', 'after', 'photo', 'of', 'stunning', 'Dutch', 'cop', 'surfaces']",[],03:56:12,73623921
118,2014-08-29,Fri,8878,505166850783596544,0,Alea_,"['US', 'banking', 'group', 'says', 'unaware', 'of', 'any', 'significant', 'cyber', 'attack']",[],01:35:37,73623921
119,2014-08-29,Fri,8878,505165753486557185,1,Alea_,"['Obama', 'We', 'dont', 'have', 'a', 'strategy', 'yet', 'ISIL']",[],01:31:15,73623921
120,2014-08-29,Fri,8878,505154531148038144,0,Alea_,"['Studying', 'how', 'dogs', 'herd', 'sheep', 'could', 'help', 'robots', 'learn', 'how', 'to', 'herd', 'humans']",[],00:46:40,73623921
121,2014-08-28,Thu,8878,505019259706023936,0,Alea_,"['US', 'NSA', 'leaks', 'should', 'be', 'no', 'excuse', 'for', 'local', 'storage', 'mandates', 'which', 'harm', 'organic', 'internet']",[],15:49:08,73623921
122,2014-08-28,Thu,8878,504988979888795648,0,Alea_,"['Germany', 'ready', 'to', 'dilute', 'austerity', 'medicine', 'for', 'reform-minded', 'France']",[],13:48:49,73623921
123,2014-08-28,Thu,8878,504975642668969985,16,Alea_,"['Going', 'japanese', 'Germanys', '30-year', 'borrowing', 'costs', 'stand', 'at', 'just', '172']",[],12:55:49,73623921
124,2014-08-28,Thu,8878,504960705842274304,2,Alea_,"['This', 'paper', 'about', 'the', 'Fed', 'really', 'scared', 'me']",[],11:56:28,73623921
125,2014-08-28,Thu,8878,504957255716859907,2,Alea_,"['China', 'tells', 'US', 'to', 'reduce', 'or', 'halt', 'close', 'surveillance', 'patrols']",[],11:42:46,73623921
126,2014-08-28,Thu,8878,504944249020743680,1,Alea_,"['Blue', 'dollar', 'climbs', '18', 'cents', 'to', '1438', 'pesos', 'hits', 'new', 'record', 'mark']",[],10:51:05,73623921
127,2014-08-28,Thu,8878,504940031895539713,1,Alea_,"['Ukraine', 'accuses', 'Russia', 'of', 'launching', 'invasion']",[],10:34:19,73623921
128,2014-08-28,Thu,8878,504938994807746560,2,Alea_,"['The', 'World', 'is', 'Squared', 'on', 'Switzerland']",[],10:30:12,73623921
129,2014-08-28,Thu,8878,504857382829051904,1,Alea_,"['Dethrone', 'King', 'Dollar']",[],05:05:54,73623921
130,2014-08-28,Thu,8878,504783099113132032,0,Alea_,"['Thanks', '@DoubleDeuce', 'Jellyfish', 'sting', 'kills', '5', 'yr', 'old', 'boy', 'in', 'Thailand', 'Koh', 'Phangan', 'cc', '@Alea']",[],00:10:43,73623921
131,2014-08-26,Tue,8878,504185094785863680,3,Alea_,"['Soros', 'sues', 'BoNY', 'for', 'unpaid', 'Argentina', 'bonds']",[],08:34:28,73623921
132,2014-08-25,Mon,8878,503863612847292416,4,Alea_,"['Merkel', 'says', 'Germany', 'will', 'back', 'Spains', 'De', 'Guindos', 'as', 'Eurogroup', 'head']",[],11:17:01,73623921
133,2014-08-25,Mon,8878,503842444060803072,0,Alea_,"['Nobel', 'laureates', 'halo', 'effects', 'and', 'idiosyncratic', 'ma']",[],09:52:54,73623921
134,2014-08-22,Fri,8878,502816505851961344,1,Alea_,"['Myanmar', 'sim', 'card', 'cost', 'drops', 'to', '$15', 'from', '$200', 'a', 'year', 'ago']",[],13:56:11,73623921
135,2014-08-22,Fri,8878,502721834966478848,2,Alea_,['Wow'],[],07:40:00,73623921
136,2014-08-21,Thu,8878,502535924215844865,3,Alea_,"['Argentine', 'peso', 'hits', 'record', 'low', 'of', '14', 'per', 'dollar', 'on', 'black', 'market']",[],19:21:15,73623921
137,2014-08-21,Thu,8878,502388454357884928,2,Alea_,"['When', 'do', 'economists', 'matter']",[],09:35:16,73623921
138,2014-08-20,Wed,8878,501886560619352064,0,Alea_,"['Tad', 'Sae', 'falls']",[],00:20:55,73623921
139,2014-08-18,Mon,8878,501513105365430272,5,Alea_,"['Twitter', 'vs', 'Facebook', 'as', 'a', 'news', 'source', 'Ferguson', 'shows', 'the', 'downsides', 'of', 'an', 'algorithmic', 'filter']",[],23:36:56,73623921
140,2014-08-16,Sat,8878,500599520753745922,8,Alea_,"['No', '@WSJ', 'Last', 'year', 'more', 'than', '100', 'million', 'people', 'left', 'China', 'The', 'great', 'Chinese', 'exodus']",[],11:06:41,73623921
141,2014-08-16,Sat,8878,500504480933097472,4,Alea_,"['Bitcoin', 'versus', 'the', 'dollar']",[],04:49:01,73623921
142,2014-08-15,Fri,8878,500096307650785280,3,Alea_,"['Argentina', 'Defaulted', 'on', 'Bonds', 'No', 'One', 'Can', 'Even', 'Find']",[],01:47:05,73623921
143,2014-08-13,Wed,8878,499583244472315905,4,Alea_,"['Brazil', 'presidential', 'candidate', 'Campos', 'in', 'plane', 'crash', 'source']",[],15:48:21,73623921
144,2014-08-13,Wed,8878,499581898939568128,5,Alea_,"['Murder', 'suspect', 'asked', 'Siri', 'where', 'to', 'hide', 'my', 'roommate']",[],15:43:01,73623921
145,2014-08-13,Wed,8878,499495382800277504,2,Alea_,"['My', 'kind', 'of', 'town']",[],09:59:14,73623921
146,2014-08-13,Wed,8878,499485620016664576,1,Alea_,"['Amazon', 'undercuts', 'Square', 'and', 'PayPal', 'with', 'its', 'own', 'mobile', 'card', 'reader']",[],09:20:26,73623921
147,2014-08-13,Wed,8878,499430269841973248,1,Alea_,"['Banks', 'push', 'US', 'Fed', 'to', 'delay', 'Volcker', 'rule']",[],05:40:29,73623921
148,2014-08-12,Tue,8878,499006829309857793,4,Alea_,"['Lyft', 'Uber', 'employees', 'have', 'ordered', 'and', 'canceled', '5560', 'Lyft', 'rides']",[],01:37:53,73623921
149,2014-08-11,Mon,8878,498810568405295106,1,Alea_,"['Market', 'perception', 'of', 'sovereign', 'credit', 'risk', 'in', 'the', 'euro', 'area', 'during', 'the', 'financial', 'crisis', 'ECB', 'paper']",[],12:38:01,73623921
150,2014-08-11,Mon,8878,498782446712655872,3,Alea_,"['US', 'to', 'force', 'swaps', 'overhaul', 'to', 'improve', 'wind-downs']",[],10:46:16,73623921
151,2014-08-10,Sun,8878,498462875795484672,2,Alea_,"['Traders', 'brace', 'for', 'research', 'crackdown', 'as', 'easy', 'money', 'dries', 'up']",[],13:36:25,73623921
152,2014-08-09,Sat,8878,498100956404277248,7,Alea_,['1'],[],13:38:16,73623921
153,2014-08-09,Sat,8878,498096289196695552,2,Alea_,"['I', 'am', 'very', 'sorry', 'for', 'what', 'I', 'have', 'done']",[],13:19:44,73623921
154,2014-08-09,Sat,8878,498083920601038849,2,Alea_,"['US', 'rejects', 'to', 'grant', 'jurisdiction', 'in', 'The', 'Hague', 'over', 'Argentine', 'debt', 'case']",[],12:30:35,73623921
155,2014-08-02,Sat,8878,495526966385061890,4,Alea_,"['How', 'one', 'judge', 'single-handedly', 'killed', 'trust', 'in', 'the', 'US', 'technology', 'industry']",[],11:10:09,73623921
156,2014-08-01,Fri,8878,495355235204747264,4,Alea_,"['ISDA', 'declares', 'credit', 'event', 'on', 'Argentina', 'CDS']",[],23:47:45,73623921
157,2014-07-30,Wed,8878,494596839350345728,3,Alea_,"['S', 'ampP', 'downgrades', 'Argentina', 'to', 'Selective', 'Default']",[],21:34:10,73623921
158,2014-07-30,Wed,8878,494287225987690496,1,Alea_,"['800', 'steps']",[],01:03:52,73623921
159,2014-07-29,Tue,8878,494110832012181504,1,Alea_,"['Technical', 'default', 'a', 'fabrication', 'of', 'rating', 'agencies']",[],13:22:57,73623921
160,2014-07-28,Mon,8878,493552643403313154,6,Alea_,"['Hague', 'court', 'to', 'order', 'Russia', 'to', 'pay', '$50', 'billion', 'in', 'Yukos', 'case']",[],00:24:54,73623921
161,2014-07-27,Sun,8878,493330409665462272,0,Alea_,"['Argentina', 'won', 't', 'default', 'on', 'Wednesday']",[],09:41:50,73623921
162,2014-07-26,Sat,8878,493021523150512128,2,Alea_,"['Argentine', 'default', 'looms', 'as', 'time', 'runs', 'out', 'for', 'debt', 'deal']",[],13:14:25,73623921
163,2014-07-26,Sat,8878,493020933045485568,4,Alea_,"['Germany', 'to', 'reject', 'EU-Canada', 'trade', 'deal', 'Sueddeutsche', 'newspaper']",[],13:12:04,73623921
164,2014-07-26,Sat,8878,492956711712325632,1,Alea_,"['Volcker', 'Sunlight', 'Should', 'be', 'the', 'Best', 'Disinfectant']",[],08:56:53,73623921
165,2014-07-25,Fri,8878,492655767564984320,0,Alea_,"['The', 'Muddled', 'Case', 'of', 'Argentine', 'Bonds']",[],13:01:02,73623921
166,2014-07-25,Fri,8878,492650750460194817,5,Alea_,"['ELA', 'is', 'back']",[],12:41:06,73623921
167,2014-07-23,Wed,8878,491939359679975424,4,Alea_,"['Internet', 'of', 'things']",[],13:34:17,73623921
168,2014-07-23,Wed,8878,491759923428986880,3,Alea_,"['The', 'tech', 'utopia', 'nobody', 'wants']",[],01:41:16,73623921
169,2014-07-21,Mon,8878,491356859547131904,5,Alea_,"['Spanish', 'yields', 'near', 'record', 'low', 'amid', '50-year', 'bond', 'sale', 'hints']",[],22:59:38,73623921
170,2014-07-21,Mon,8878,491220456783884289,0,Alea_,"['US', 'RMBS', 'Liquidations', 'Rise', 'for', 'First', 'Time', 'in', 'Two', 'Years']",[],13:57:37,73623921
171,2014-07-19,Sat,8878,490325186399313920,4,Alea_,"['China', 'lends', 'Argentina', '$75', 'billion', 'for', 'power', 'rail', 'projects']",[],02:40:08,73623921
172,2014-07-19,Sat,8878,490307997071986688,1,Alea_,"['Argentina', 'to', 'sign', '$11', 'bn', 'currency', 'swap', 'with', 'China']",[],01:31:50,73623921
173,2014-07-19,Sat,8878,490303237279326209,3,Alea_,"['Why', 'Would', 'Anyone', 'Buy', 'Credit', 'Default', 'Swaps', 'on', 'China']",[],01:12:55,73623921
174,2014-07-11,Fri,8878,487497220636147715,2,Alea_,"['FCA', 'says', 'temporarily', 'halts', 'short', 'selling', 'on', 'Banco', 'Espirito', 'Santo', 'securities']",[],07:22:49,73623921
175,2014-07-08,Tue,8878,486421058526801920,1,Alea_,"['What', 'if', 'the', 'market', 'has', 'it', 'right']",[],08:06:32,73623921
176,2014-07-08,Tue,8878,486368703630430208,2,Alea_,"['Mathematical', 'model', 'illustrates', 'our', 'online', 'copycat', 'behavior']",[],04:38:29,73623921
177,2014-07-08,Tue,8878,486340760761937921,4,Alea_,"['Nicaragua', 'approves', 'route', 'for', '$40', 'billion', 'canal', 'linking', 'oceans']",[],02:47:27,73623921
178,2014-07-07,Mon,8878,486115768287768576,1,Alea_,"['Well', 'done', '@Pawelmorski', 'Argentina', 'exchange', 'bondholders', 'sue', 'BNY', 'Mellon', 'and', 'Euroclear', 'for', 'failing', 'to', 'perform', 'duties']",[],11:53:25,73623921
179,2014-07-07,Mon,8878,486087980981821440,3,Alea_,"['Bond', 'Anxiety', 'in', '$16', 'Trillion', 'Repo', 'Market', 'as', 'Failures', 'Soar']",[],10:03:00,73623921
180,2014-07-07,Mon,8878,486080422955073536,3,Alea_,"['Good', 'luck', '@davidenrich', 'Basel', 'Committee', 'looks', 'at', 'ending', 'risk-free', 'status', 'of', 'govt', 'bonds']",[],09:32:58,73623921
181,2014-07-07,Mon,8878,486016771237756929,1,Alea_,"['Central', 'banks', 'ending', 'era', 'of', 'clear', 'promises', 'return', 'to', 'artful', 'policy']",[],05:20:02,73623921
182,2014-07-06,Sun,8878,485734359698132993,2,Alea_,"['The', 'era', 'of', 'the', 'traditional', 'bank', 'branch', 'is', 'dead', 'says', 'BBA']",[],10:37:50,73623921
183,2014-07-05,Sat,8878,485369559004639233,4,Alea_,"['Hospitals', 'Are', 'Mining', 'Patients', 'Credit', 'Card', 'Data', 'to', 'Predict', 'Who', 'Will', 'Get', 'Sick']",[],10:28:15,73623921
184,2014-07-04,Fri,8878,485012376140251136,1,Alea_,"['WOW', '64', 'of', 'EU', 'pop', 'made', '23', 'of', 'requests', '@markscott82', '23', 'of', '70k', '@Google', 'privacy', 'requests', 'from', 'combined', 'France', 'Germany', 'Britain', 'S']",[],10:48:56,73623921
185,2014-07-04,Fri,8878,485007946460323840,0,Alea_,"['Suspected', 'double', 'agent', 'spied', 'on', 'German', 'NSA', 'committee', 'for', 'the', 'US', 'reports', 'claim']",[],10:31:20,73623921
186,2014-07-04,Fri,8878,484992834433327105,2,Alea_,"['EBA', 'opinion', 'on', 'virtual', 'currencies']",[],09:31:17,73623921
187,2014-07-04,Fri,8878,484951348274688000,0,Alea_,"['Japan', '3-month', 'govt', 'bill', 'yield', 'falls', 'to', 'zero', 'percent', 'as', 'BOJ', 'mops', 'them', 'up']",[],06:46:26,73623921
188,2014-07-04,Fri,8878,484929166748303360,3,Alea_,"['Researchers', 'asked', '1400', 'experts', 'to', 'describe', 'the', 'biggest', 'threats', 'to', 'the', 'Web', 'Here', 's', 'what', 'they', 'said']",[],05:18:17,73623921
189,2014-07-03,Thu,8878,484674620381884416,3,Alea_,"['NSA', 'targeted', 'Tor', 'server', 'administrator', 'in', 'Germany', 'reports', 'claim']",[],12:26:48,73623921
190,2014-07-03,Thu,8878,484661667658092544,2,Alea_,"['Russia', 'says', 'no', 'to', 'filming', 'House', 'of', 'Cards', 'inside', 'UN']",[],11:35:20,73623921
191,2014-07-03,Thu,8878,484656249825284096,0,Alea_,"['9', 'answers', 'about', 'Facebook', 's', 'creepy', 'emotional-manipulation', 'experiment']",[],11:13:49,73623921
192,2014-07-03,Thu,8878,484629314306985984,0,Alea_,"['The', 'next', 'financial', 'crisis']",[],09:26:47,73623921
193,2014-07-03,Thu,8878,484558549788278784,0,Alea_,"['Facebook', 'conducted', 'hundreds', 'of', 'psychological', 'experiments', 'with', 'few', 'boundaries']",[],04:45:35,73623921
194,2014-07-03,Thu,8878,484546758744100864,0,Alea_,"['Guaranteed', '$20', 'K', 'income', 'for', 'all', 'Canadians', 'endorsed', 'by', 'academics']",[],03:58:44,73623921
195,2014-07-02,Wed,8878,484287866244063232,1,Alea_,"['Fidelity', 'bans', 'overseas', 'investors', 'from', 'buying', 'mutual', 'funds', 'cites', 'evolving', 'global', 'regulatory', 'environment']",[],10:49:59,73623921
196,2014-07-01,Tue,8878,483903988392148994,2,Alea_,"['Another', 'PayPal', 'horror', 'story']",[],09:24:35,73623921
197,2014-07-01,Tue,8878,483902291146055680,1,Alea_,"['China', 's', 'rich', 'enjoy', 'dinner', 'while', 'suspended', 'from', 'crane']",[],09:17:51,73623921
198,2014-07-01,Tue,8878,483867682316382208,1,Alea_,"['Internet', 'billionaire', 'warns', 'of', 'coming', 'revolution']",[],07:00:19,73623921
199,2014-07-01,Tue,8878,483838162020483072,1,Alea_,"['Central', 'banks', 'and', 'all', 'tomorrows', 'parties']",[],05:03:01,73623921
200,2014-07-01,Tue,8878,483835810471346178,0,Alea_,"['After', 'BNP', 'US', 'targets', 'range', 'of', 'firms', 'in', 'crackdown', 'on', 'illicit', 'money', 'flows']",[],04:53:41,73623921
201,2014-07-01,Tue,8878,483796695898021889,3,Alea_,"['Argentina', 'to', 'send', 'delegation', 'to', 'vulture', 'fund', 'negotiations']",[],02:18:15,73623921
202,2014-06-30,Mon,8878,483624565881331715,2,Alea_,['1'],[],14:54:16,73623921
203,2014-06-30,Mon,8878,483605349681729538,5,Alea_,"['Euro', 'zone', 'wasted', 'two', 'years', 'before', 'bailouts', 'Rehn']",[],13:37:54,73623921
204,2014-06-30,Mon,8878,483602283700035585,0,Alea_,"['@efKatharine', 'RMB-sterling', 'trading', 'gets', 'off', 'to', 'a', 'flying', 'start']",[],13:25:43,73623921
205,2014-06-30,Mon,8878,483534631040319488,1,Alea_,"['Strongest', 'sale', 'of', 'government', 'debt', 'by', 'Greek', 'banks', 'since', '2001', 'in', 'May', 'ECB']",[],08:56:54,73623921
206,2014-06-30,Mon,8878,483529603168731136,1,Alea_,"['Bulgarias', 'First', 'Investment', 'Bank', 'shares', 'leap', '34', 'after', 'state', 'reassurances']",[],08:36:55,73623921
207,2014-06-30,Mon,8878,483529276361166848,1,Alea_,"['Dozens', 'of', 'Bulgarians', 'queue', 'outside', 'bank', 'branches', 'to', 'withdraw', 'savings']",[],08:35:37,73623921
208,2014-06-30,Mon,8878,483505542858436609,7,Alea_,"['EU', 'approves', 'Bulgaria', 'credit', 'line', 'for', 'banking', 'system']",[],07:01:19,73623921
209,2014-06-30,Mon,8878,483457014488510464,1,Alea_,"['Facebook', 'emotion', 'experiment', 'sparks', 'criticism']",[],03:48:29,73623921
210,2014-06-30,Mon,8878,483425994221432835,0,Alea_,"['Facebook', 'And', 'The', 'Ethics', 'Of', 'User', 'Manipulation', '[', 'Updated', ']']",[],01:45:13,73623921
211,2014-06-29,Sun,8878,483202715825090561,4,Alea_,"['Rise', 'of', 'asset', 'managers', 'may', 'create', 'new', 'risks', 'BIS', 'report']",[],10:57:59,73623921
212,2014-06-29,Sun,8878,483202532718551040,3,Alea_,"['BIS', 'detects', 'early', 'worrying', 'signals', 'from', 'credit', 'booms']",[],10:57:15,73623921
213,2014-06-29,Sun,8878,483064096527360001,3,Alea_,"['Facebook', 'ran', 'secret', 'psychological', 'experiments', 'on', 'users']",[],01:47:10,73623921
214,2014-06-27,Fri,8878,482467020722544640,1,Alea_,"['Euro-zone', 'mood', 'worsens', 'despite', 'ECB', 'action']",[],10:14:36,73623921
215,2014-06-27,Fri,8878,482448519035236355,2,Alea_,"['Bulgaria', 'PM', 'says', 'no', 'grounds', 'for', 'concern', 'over', 'banking', 'system']",[],09:01:05,73623921
216,2014-06-27,Fri,8878,482389840969752576,3,Alea_,"['Argentina', 'deposits', 'debt', 'payment', 'but', 'US', 'court', 'blocks', 'payout']",[],05:07:55,73623921
217,2014-06-24,Tue,8878,481479018575712256,4,Alea_,"['The', 'word', 'natural', 'helps', 'sell', '$40', 'billion', 'worth', 'of', 'food', 'in', 'the', 'US', 'every', 'year', 'and', 'the', 'label', 'means', 'nothing']",[],16:48:38,73623921
218,2014-06-23,Mon,8878,481050833191047169,2,Alea_,"['A', 'fifth', 'of', 'Americans', 'believe', 'that', 'they', 'are', 'in', 'the', 'top', '1', 'percent', 'income', 'group', 'and', 'just', 'as', 'many', 'believe', 'that', 'they', 'will', 'soon', 'be', 'there']",[],12:27:10,73623921
219,2014-06-23,Mon,8878,481047609784541185,0,Alea_,"['EU', 'sees', 'little', 'risk', 'of', 'Ireland', 'defaulting', 'on', 'euro', 'zone', 'loans']",[],12:14:22,73623921
220,2014-06-23,Mon,8878,481034087444934657,1,Alea_,"['Sovereign', 'Debt', 'Restructuring', 'Evaluating', 'the', 'Impact', 'of', 'the', 'Argentina', 'Ruling']",[],11:20:38,73623921
221,2014-06-23,Mon,8878,481007694791200769,0,Alea_,"['great', 'timing', 's', 'Kerry', 'Says', 'US', 'Is', 'Ready', 'to', 'Renew', 'Ties', 'With', 'Egypt']",[],09:35:45,73623921
222,2014-06-23,Mon,8878,480962810684252160,51,Alea_,"['@annerwright', 'So', 'true']",[],06:37:24,73623921
223,2014-06-23,Mon,8878,480927510134128642,2,Alea_,"['BNP', 'Paribas', 'nears', 'up', 'to', '$9', 'billion', 'settlement', 'with', 'US', 'authorities', 'source']",[],04:17:08,73623921
224,2014-06-23,Mon,8878,480874942754340865,0,Alea_,"['BNP', 'Near', 'Settlement', 'With', 'US', 'for', 'Up', 'to', '$9', 'Billion']",[],00:48:15,73623921
225,2014-06-21,Sat,8878,480158781045612544,3,Alea_,"['Instinct', 'Can', 'Beat', 'Analytical', 'Thinking']",[],01:22:29,73623921
226,2014-06-20,Fri,8878,479923297392402433,0,Alea_,"['ECB', 'balance', 'sheet', 'shrinking']",[],09:46:45,73623921
227,2014-06-19,Thu,8878,479596686445015041,0,Alea_,"['Victor', 'Hugo', 'attacked', 'by', 'French', 'students']",[],12:08:55,73623921
228,2014-06-19,Thu,8878,479450669753974785,0,Alea_,"['Argentina', 'says', 'next', 'bond', 'payment', 'impossible', 'default', 'looms']",[],02:28:42,73623921
229,2014-06-18,Wed,8878,479272827682435074,1,Alea_,"['Good', '@SidVerma', 'Ugly', 'US', 'and', 'European', 'regulators', 'clash', 'over', 'cross-border', 'rules']",[],14:42:01,73623921
230,2014-06-18,Wed,8878,479236205037383682,1,Alea_,"['1', '@adelaigue', 'LArgentine', 'et', 'les', 'fonds', 'vautour']",[],12:16:29,73623921
231,2014-06-18,Wed,8878,479226501439553536,0,Alea_,"['Argentina', 'Defiant', 'Against', 'Supreme', 'Court', 'on', 'Bond', 'Payments']",[],11:37:56,73623921
232,2014-06-17,Tue,8878,478842911216263169,3,Alea_,"['Shut', 'down', 'the', 'IMF']",[],10:13:41,73623921
233,2014-06-16,Mon,8878,478354341347078146,6,Alea_,"['Bitcoin', 'security', 'guarantee', 'shattered', 'by', 'anonymous', 'miner', 'with', '51', 'network', 'power']",[],01:52:17,73623921
234,2014-06-14,Sat,8878,477757771618607104,1,Alea_,"['Chinese', 'bike']",[],10:21:43,73623921
235,2014-06-13,Fri,8878,477378516644667392,2,Alea_,"['How', 'to', 'Learn', 'Lewis', 'Carroll', 's', '4', 'Rules', 'for', 'Digesting', 'Information', 'and', 'Mastering', 'the', 'Art', 'of', 'Reading']",[],09:14:42,73623921
236,2014-06-10,Tue,8878,476443801611800576,1,Alea_,"['US', 'Treasury', 'seeks', 'more', 'information', 'on', 'bond', 'positions']",[],19:20:28,73623921
237,2014-06-04,Wed,8878,474083298713432064,3,Alea_,"['Fed', 'may', 'shun', 'global', 'risk', 'rules', 'banks', 'spent', 'billions', 'to', 'meet']",[],07:00:41,73623921
238,2014-06-04,Wed,8878,474058925210218498,0,Alea_,['Cool'],[],05:23:50,73623921
239,2014-06-02,Mon,8878,473391076594569216,4,Alea_,"['there', 'was', 'more', 'disagreement', 'among', 'the', 'old', 'Soviet', 'Politburo', 'than', 'there', 'is', 'among', 'Ivy', 'League', 'donors']",[],09:10:02,73623921
240,2014-05-16,Fri,8878,467348303156224002,1,Alea_,"['Euroclear', 'says', 'likely', 'cause', 'of', 'Belgiums', 'big', 'rise', 'in', 'Treasuries']",[],16:58:13,73623921
241,2014-05-12,Mon,8878,465855530066386946,0,Alea_,"['The', 'Importance', 'of', 'Criticizing', 'Philanthropy']",[],14:06:28,73623921
242,2014-05-09,Fri,8878,464761654643671040,7,Alea_,"['25', 'years', 'of', 'Spanish', 'unemployment']",[],13:39:47,73623921
