0,2014-09-26,Fri,510239,515553346238038016,5,anildash,"['I', 'wish', 'the', 'Google', 'Authenticator', 'two-factor', 'auth', 'app', 'on', 'iOS', 'supported', 'TouchID', 'fingerprints', '2facsecure']",[],17:27:50,36823
1,2014-09-26,Fri,510239,515512266301902848,23,anildash,"['Glad', 'to', 'see', 'the', 'tech', 'industry', 'has', 'adopted', '2-factor', 'authentication', 'Disappointed', 'that', 'the', 'first', 'factor', 'is', 'generally', 'who', 'your', 'parents', 'are']",[],14:44:36,36823
2,2014-09-25,Thu,510239,515268062887804928,2,anildash,"['Another', 'pleasant', 'surprise', 'is', 'that', 'the', 'upcoming', 'Prince', 'album', 'sounds', 'at', 'first', 'listen', 'to', 'be', 'his', 'best', 'of', 'the', 'present', 'century', 'Yay', '@3RDEYEGIRL']",[],22:34:14,36823
3,2014-09-25,Thu,510239,515251912711884800,24,anildash,"['Parenting', 'hack', 'Put', 'on', 'a', 'coat', 'you', 'havent', 'worn', 'in', 'ages', 'find', 'a', 'pacifier', 'in', 'the', 'pocket', 'dissolve', 'into', 'tears', 'because', 'your', 'babys', 'all', 'grown', 'up']",[],21:30:03,36823
4,2014-09-25,Thu,510239,515244261777113088,3,anildash,"['Did', 'you', 'know', 'you', 'can', 'use', 'a', 'MagSafe', '2', 'adapter', 'to', 'remove', 'a', 'MagSafe', '1', 'plug', 'uhoh', 'bendghazi']",[],20:59:39,36823
5,2014-09-25,Thu,510239,515229982311059456,9,anildash,"['How', 'long', 'has', 'it', 'been', 'since', 'you', 'last', 'felt', 'like', 'using', 'a', 'content', 'management', 'system', 'Do', 'these', 'feelings', 'arise', 'even', 'when', 'you', 'are', 'amongst', 'friends']",[],20:02:54,36823
6,2014-09-25,Thu,510239,515204885785370624,16,anildash,"['Headcount', 'stats', 'tend', 'to', 'overlook', 'how', 'accepting', 'and', 'supportive', 'the', 'workplace', 'is', 'From', '@etsy']",[],18:23:11,36823
7,2014-09-25,Thu,510239,515196079877672960,21,anildash,"['Huh', 'An', 'interesting', 'social', 'network', 'where', 'everyone', 'has', 'one', 'shared', 'timeline', 'Instead', 'of', '140', 'chars', 'limit', 'is', '1', 'postday']",[],17:48:11,36823
8,2014-09-25,Thu,510239,515188615916576768,1,anildash,"['I', 'find', 'it', 'inordinately', 'sweet', 'when', 'restaurants', 'warn', 'me', 'that', 'uh', 'has', 'pork', 'when', 'I', 'order', 'something', 'because', 'they', 'think', 'I', 'might', 'be', 'Muslim']",[],17:18:32,36823
9,2014-09-25,Thu,510239,515171181172097026,34,anildash,"['Ive', 'been', 'blogging', 'for', '15', 'years', 'so', 'I', 'wrote', 'up', '15', 'lessons', 'Ive', 'learned', 'about', 'blogging', 'over', 'the', 'years']",[],16:09:15,36823
10,2014-09-25,Thu,510239,515166875635175424,15,anildash,"['Is', 'the', 'idea', 'behind', 'Ello', 'the', 'opposite', 'of', 'Black', 'Twitter', 'Because']",[],15:52:09,36823
11,2014-09-25,Thu,510239,515166391373418496,8,anildash,"['It', 'is', 'now', 'officially', 'Autumn', 'aka', 'The', 'Season', 'Where', 'I', 'Am', 'Just', 'Going', 'To', 'Be', 'Cold', 'All', 'The', 'Time']",[],15:50:13,36823
12,2014-09-25,Thu,510239,514980286292328448,20,anildash,"['Brilliant', 'move', 'by', 'Apple', 'to', 'release', 'a', 'buggy', 'OS', 'update', 'cheap', 'to', 'fix', 'to', 'distract', 'from', 'the', 'bogus', 'bendghazi', 'hardware', 'issue', 'expensive', 'fix']",[],03:30:42,36823
13,2014-09-25,Thu,510239,514955142362578944,5,anildash,"['Man', 'in', '2014', 'we', 'will', 'hear', '@DeadPrezRBG', 'in', 'a', 'primetime', 'sitcom', 'Life', 'is', 'amazing']",[],01:50:48,36823
14,2014-09-25,Thu,510239,514940364135088130,48,anildash,"['Im', 'so', 'Indian', 'right', 'now', 'over', 'this', 'Mars', 'orbiter', 'I', 'cant', 'even', 'tell', 'you']",[],00:52:04,36823
15,2014-09-24,Wed,510239,514890609698816000,21,anildash,"['After', '12', 'years', '@metafilter', 'launches', 'a', 'great', 'new', 'look', 'Professional', 'white', 'background']",[],21:34:22,36823
16,2014-09-24,Wed,510239,514853986512683008,9,anildash,"['Aw', 'nuts', 'I', 'had', 'predicted', 'last', 'year', 'Apple', 'would', 'botch', 'the', 'watch', 'OS', 'less', 'than', 'a', 'week', 'after', 'launch', 'not', 'the', 'phone', 'OS']",[],19:08:50,36823
17,2014-09-24,Wed,510239,514833987941175296,33,anildash,"['Hey', 'dont', 'worry', 'if', 'the', 'iOS', 'update', 'makes', 'it', 'impossible', 'for', 'your', 'phone', 'to', 'connect', 'Apple', 'will', 'fix', 'it', 'with', 'an', 'over', 'the', 'air', 'update']",[],17:49:22,36823
18,2014-09-24,Wed,510239,514826861810294784,9,anildash,"['Just', 'ran', 'into', 'Sway', 'on', 'the', 'street', 'amp', 'refrained', 'from', 'asking', 'HOW', 'SWAY', 'so', 'I', 'should', 'probably', 'get', 'a', 'Nobel', 'Prize', 'for', 'self', 'control']",[],17:21:03,36823
19,2014-09-24,Wed,510239,514785881438568450,2,anildash,"['Im', 'still', 'stuck', 'on', 'the', 'alternate', 'Janet', 'history', 'that', '@flytetymejam', 'describes', 'here', 'Couldve', 'called', 'the', 'album', 'Escapade']",[],14:38:13,36823
20,2014-09-24,Wed,510239,514776730872315904,24,anildash,"['Some', 'other', 'good', 'news', 'from', 'tech', 'companies', 'Facebook', 'Google', 'amp', 'Microsoft', 'have', 'all', 'quit', 'Alec', 'over', 'its', 'climate', 'denial']",[],14:01:51,36823
21,2014-09-24,Wed,510239,514773405774921728,4,anildash,"['REMINDER', 'TO', 'SELF']",[],13:48:38,36823
22,2014-09-24,Wed,510239,514763734380990464,208,anildash,"['Most', 'folks', 'dont', 'realize', 'Obamacare', 'has', 'come', 'in', 'more', 'than', '$100', 'B', 'under', 'its', 'expected', 'cost']",[],13:10:12,36823
23,2014-09-24,Wed,510239,514745464290570240,5,anildash,"['[', 'NYPD', ']', 'policing', 'of', 'Sundays', 'Peoples', 'Climate', 'March', 'and', 'Mondays', 'Flood', 'Wall', 'Street', 'action', 'showed', 'encouraging', 'signs']",[],11:57:36,36823
24,2014-09-24,Wed,510239,514634862935166976,6,anildash,"['In', 'the', 'past', '3444', 'days', 'almost', '9', 'and', 'a', 'half', 'years', 'Ive', 'done', '70725', 'Google', 'searches', 'about', '205', 'per', 'day', 'And', 'you']",[],04:38:07,36823
25,2014-09-24,Wed,510239,514597738638749696,10,anildash,"['This', 'update', 'includes', 'several', 'bug', 'fixes', 'and', 'performance', 'improvements', 'Please', 'rate', 'us', 'in', 'the', 'App', 'Store']",[],02:10:36,36823
26,2014-09-23,Tue,510239,514524179975372800,2,anildash,"['I', 'm', 'going', 'to', 'write', 'SEO', 'UNFRIENDLY', 'headlines', 'here', 'Because', 'I', 'can', '@espiers', 'on', 'personal', 'blogs', 'amp', 'internet', 'celebrity']",[],21:18:18,36823
27,2014-09-23,Tue,510239,514518492197183488,14,anildash,"['The', 'hardest', 'problem', 'in', 'computer', 'science', 'is', 'counting', 'more', 'than', '301', 'views', 'on', 'a', 'YouTube', 'video']",[],20:55:42,36823
28,2014-09-23,Tue,510239,514514913562476544,5,anildash,"['We', 'all', 'owe', '@caterina', 'a', 'round', 'of', 'applause', 'because', 'anybody', 'else', 'who', 'coined', 'FOMO', 'would', 'have', 'had', 'a', 'TED', 'talk', 'amp', '2', 'and', 'books', 'about', 'it', 'by', 'now']",[],20:41:29,36823
29,2014-09-23,Tue,510239,514511671822671872,6,anildash,"['This', 'is', 'excellent', 'from', '@vijithassar', 'and', '@Awl', 'Enterprise-grade', 'media', 'encoding', 'using', 'Yo']",[],20:28:36,36823
30,2014-09-23,Tue,510239,514504963943591937,0,anildash,"['I', 'dont', 'think', 'I', 'was', 'supposed', 'to', 'laugh', 'out', 'loud', 'when', 'I', 'saw', 'this', 'photo', 'but', 'I', 'did', 'I', 'sure', 'did', 'View', 'it', 'large', 'art']",[],20:01:57,36823
31,2014-09-23,Tue,510239,514479065546645504,17,anildash,"['This', 'makes', 'me', 'happy', '@UserOnboard', 'moves', 'past', 'just', 'typical', 'tech', 'industry', 'apps', 'amp', 'launches', '@CitizenOnboard', 'to', 'focus', 'on', 'UX', 'of', 'public', 'services']",[],18:19:02,36823
32,2014-09-23,Tue,510239,514464402964492290,46,anildash,"['I', 'am', 'the', 'Lorax', 'I', 'speak', 'for', 'the', 'trees', 'Trust', 'me', 'the', 'trees', 'love', 'the', 'sound', 'of', 'my', 'voice', 'Some', 'of', 'my', 'best', 'friends', 'are', 'trees', 'Im', 'tree-ish']",[],17:20:46,36823
33,2014-09-23,Tue,510239,514456352505462784,5,anildash,"['Apple', 'Pay', 'doesnt', 'take', 'a', '30', 'cut', 'but', 'lets', 'users', 'buy', 'amp', 'provide', 'an', 'email', 'address', 'so', 'will', 'people', 'sell', 'physical', 'goods', 'bundled', 'w', 'free', 'apps']",[],16:48:47,36823
34,2014-09-23,Tue,510239,514437602108514304,3,anildash,"['Am', 'I', 'the', 'only', 'person', 'who', 'uses', 'Facebook', 'exclusively', 'through', 'the', 'Paper', 'app', 'on', 'iOS', 'Are', 'they', 'going', 'to', 'kill', 'that', 'app', 'now']",[],15:34:16,36823
35,2014-09-23,Tue,510239,514420912003637249,10,anildash,"['Not', 'far', 'from', 'where', 'I', 'grew', 'up', 'a', 'mother', 'goes', 'to', 'jail', 'for', 'helping', 'her', 'daughter', 'have', 'an', 'abortion', 'Awful']",[],14:27:57,36823
36,2014-09-23,Tue,510239,514403849667612672,6,anildash,"['Fascinating', 'that', '@aliciakeys', 'launched', 'her', 'Serious', 'Anthemceleb', 'non-profit', 'with', 'a', '@medium', 'post', 'Text', 'styling', 'abounds']",[],13:20:09,36823
37,2014-09-23,Tue,510239,514254853519183872,8,anildash,"['I', 'always', 'used', 'to', 'lament', 'that', 'I', 'cant', 'sing', 'but', 'then', 'I', 'had', 'a', 'kid', 'amp', 'it', 'turns', 'out', 'you', 'can', 'just', 'lie', 'to', 'them', 'amp', 'pretend', 'your', 'voice', 'isnt', 'horrible']",[],03:28:06,36823
38,2014-09-23,Tue,510239,514231613363081217,51,anildash,"['Remember', 'that', 'time', 'every', 'major', 'company', 'in', 'Silicon', 'Valley', 'colluded', 'against', 'their', 'own', 'employees', 'and', 'the', 'employees', 'collectively', 'said', 'Meh']",[],01:55:45,36823
39,2014-09-22,Mon,510239,514195958029365248,27,anildash,"['If', 'you', 'are', 'a', 'member', 'of', 'an', 'underrepresented', 'group', 'take', 'a', 'moment', 'to', 'update', 'all', 'your', 'social', 'media', 'profiles', 'to', 'be', 'much', 'more', 'self-promotional']",[],23:34:04,36823
40,2014-09-22,Mon,510239,514106029769228290,5,anildash,"['How', 'many', 'apps', 'or', 'services', 'do', 'you', 'have', 'connected', 'in', 'your', '2-factor', 'auth', 'app', 'Ive', 'got', '10', 'and', 'dont', 'know', 'if', 'thats', 'a', 'lot', 'or', 'a', 'little']",[],17:36:43,36823
41,2014-09-22,Mon,510239,514083196632571904,8,anildash,"['I', 'dont', 'think', 'about', 'it', 'much', 'these', 'days', 'but', 'after', 'several', 'mentions', 'at', '@XOXO', 'Im', 'reminded', 'of', 'just', 'how', 'special', 'Movable', 'Type', 'was', 'a', 'decade', 'ago']",[],16:05:59,36823
42,2014-09-22,Mon,510239,514074890618806272,7,anildash,"['Comments', 'on', 'SoundCloud', 'gt', 'gt', 'gt', 'comments', 'anywhere', 'else', 'on', 'the', 'web']",[],15:32:59,36823
43,2014-09-22,Mon,510239,514059774871470081,5,anildash,"['Though', 'many', 'attribute', 'the', 'empires', 'decline', 'to', 'endless', 'war', 'or', 'shocking', 'class', 'inequality', 'its', 'true', 'undoing', 'was', 'a', 'missing', 'Magsafe', 'adapter']",[],14:32:55,36823
44,2014-09-22,Mon,510239,514049068600152064,22,anildash,"['Everything', 'that', 'Apple', 'and', 'Google', 'are', 'today', 'Nokia', 'wanted', 'to', 'become']",[],13:50:23,36823
45,2014-09-22,Mon,510239,514039147301183488,7,anildash,"['ICYMI', 'Me']",[],13:10:57,36823
46,2014-09-22,Mon,510239,513860271056879617,0,anildash,"['I', 'do', 'lament', 'that', 'I', 'wasnt', 'able', 'to', 'get', 'Earth', 'Wind', 'amp', 'Fire', 'into', 'my', '@XOXO', 'set', 'but', 'they', 'would', 'have', 'fit', 'right', 'in']",[],01:20:10,36823
47,2014-09-22,Mon,510239,513859800808325120,9,anildash,"['Its', 'the', '21st', 'night', 'of', 'September', 'which', 'means', 'its', 'time', 'to', 'cue', 'the', 'EWF', 'and', 'read', '@dancharnas', 'on', 'BA-DEE-YA', 'Day']",[],01:18:18,36823
48,2014-09-21,Sun,510239,513812725928321024,5,anildash,"['Will', 'whoever', 'taught', 'my', '3-year-old', 'to', 'loudly', 'whine', 'Im', 'staaarving', 'right', 'before', 'dinner', 'time', 'come', 'see', 'me', 'my', 'office', 'please']",[],22:11:14,36823
49,2014-09-21,Sun,510239,513794422778363905,7,anildash,"['Middle', 'aged', 'people', 'idealize', 'an', 'MTV', 'that', 'played', 'music', 'videos', 'despite', 'the', 'videos', 'having', 'a', '50', 'chance', 'of', 'featuring', 'a', 'Novelty', 'Breakdancing', 'Kid']",[],20:58:30,36823
50,2014-09-21,Sun,510239,513759995675295744,74,anildash,"['From', 'the', 'very', 'beginning', 'Uber', 'attracted', 'drivers', 'with', 'a', 'bait-and-switch', 'Just', 'wait', 'until', 'self-driving', '@Uber', 'cars']",[],18:41:42,36823
51,2014-09-21,Sun,510239,513546599973548032,3,anildash,"['Oh', 'if', 'you', 'missed', 'my', 'DJ', 'set', 'at', '@XOXO', 'last', 'Friday', 'I', 'put', 'up', 'the', 'second', 'half', 'on', 'SoundCloud', 'here', 'xoxofest']",[],04:33:45,36823
52,2014-09-21,Sun,510239,513543283646431232,11,anildash,"['Incredible', 'deep', 'interview', 'with', '@flytetymejam', 'on', 'the', '25th', 'anniversary', 'of', 'Janets', 'Rhythm', 'Nation', 'Go', '@iamchriswms!']",[],04:20:34,36823
53,2014-09-21,Sun,510239,513492946545823744,15,anildash,"['smh', 'if', 'your', 'household', 'growing', 'up', 'didnt', 'have', 'every', 'Tupperware', 'container', 'and', 'every', 'wooden', 'spoon', 'stained', 'by', 'turmeric']",[],01:00:33,36823
54,2014-09-20,Sat,510239,513474600085516288,6,anildash,"['Attn', 'nutritionists', 'conducting', 'longitudinal', 'studies', 'of', 'eating', 'every', 'meal', 'as', 'if', 'it', 'were', 'a', '7-year-olds', 'birthday', 'party', 'I', 'have', 'data', 'for', 'you']",[],23:47:39,36823
55,2014-09-20,Sat,510239,513313296779575296,44,anildash,"['In', 'your', 'America', 'can', 'you', 'walk', 'to', 'the', 'store', 'with', 'friends', 'Drink', 'a', 'cup', 'of', 'water', 'Do', 'the', 'cops', 'stop', 'you', 'for', 'it']",[],13:06:41,36823
56,2014-09-19,Fri,510239,513076185409265664,1,anildash,"['But', 'Robocop', 'last', 'year', 'was', 'a', 'shock']",[],21:24:29,36823
57,2014-09-19,Fri,510239,512963381931040768,9,anildash,"['Between', 'Jacks', 'IPO', 'and', 'Remy', 'getting', 'released', 'the', 'Ma', 'family', 'is', 'having', 'an', 'incredible', 'year']",[],13:56:15,36823
58,2014-09-19,Fri,510239,512953345997549568,60,anildash,"['Theres', 'a', 'bank', 'running', 'a', 'social', 'media', 'campaign', 'about', 'feeding', 'people', 'in', 'line', 'for', 'the', 'iPhone', '6', 'Why', 'feed', 'consumerism', 'instead', 'of', 'the', 'hungry']",[],13:16:22,36823
59,2014-09-19,Fri,510239,512855415525490688,4,anildash,"['Help', 'the', 'bot', 'is', 'smarter', 'than', 'me']",[],06:47:14,36823
60,2014-09-19,Fri,510239,512784371451822082,7,anildash,"['The', 'new', 'Twitter', 'bios', 'look', 'nice', 'Also', 'handy', '@thinkup', 'tells', 'you', 'when', 'a', 'friends', 'bio', 'changes']",[],02:04:55,36823
61,2014-09-18,Thu,510239,512731649302212609,5,anildash,"['If', 'Microsoft', 'is', 'willing', 'to', 'pay', 'billions', 'for', 'Minecraft', 'imagine', 'how', 'much', 'theyd', 'pay', 'for', 'the', 'Flight', 'Simulator', 'franchise', 'Wait', 'what']",[],22:35:25,36823
62,2014-09-18,Thu,510239,512718500167577600,1,anildash,"['Some', 'good', 'tweet', 'over', 'at', '@anildashebooks', 'lately', 'Thanks', 'bot']",[],21:43:10,36823
63,2014-09-18,Thu,510239,512643643161980928,6,anildash,"['Its', 'reassuring', 'in', 'an', 'Im', 'not', 'crazy', 'way', 'to', 'hear', '@soledadobrien', 'reiterate', 'how', 'media', 'dehumanizes', 'the', 'marginalized', 'amp', 'how', 'she', 'challenged', 'it']",[],16:45:43,36823
64,2014-09-18,Thu,510239,512624166949113856,3,anildash,"['Hi', 'Twitter', 'friends', 'can', 'we', 'talk', 'a', 'little', 'bit', 'about', 'an', 'error', 'I', 'made', 'It', 'was', 'sort', 'of', 'a', 'lapse', 'in', 'mindfulness']",[],15:28:20,36823
65,2014-09-18,Thu,510239,512623511245168640,24,anildash,"['A', 'wonderful', 'humane', 'reckoning', 'with', 'context', 'collapse', 'amp', 'the', 'implications', 'of', 'capitalism', 'through', 'the', 'lens', 'of', '@xoxo']",[],15:25:43,36823
66,2014-09-18,Thu,510239,512477121114292224,10,anildash,"['1984', 'was', 'pop', 's', 'greatest', 'year', 'says', 'Rolling', 'Stone', 'and', 'Prince', 'was', 'the', 'best', 'thing', 'about', 'it']",[],05:44:01,36823
67,2014-09-18,Thu,510239,512438361139982337,11,anildash,"['Im', 'not', 'really', 'into', 'shopping', 'but', 'I', 'do', 'like', 'seeing', 'stupidly', 'expensive', 'ugly', 'things', 'on', 'the', 'Internet', 'amp', 'imagining', 'dumb', 'rich', 'people', 'buying', 'them']",[],03:10:00,36823
68,2014-09-18,Thu,510239,512394243198177282,89,anildash,"['This', 'is', 'how', 'the', 'Motorola', 'DynaTAC', 'from', 'the', '80s', 'would', 'appear', 'to', 'scale', 'next', 'to', 'the', 'iPhone', '6', 'Plus', 'and', 'iPhone', '6']",[],00:14:42,36823
69,2014-09-17,Wed,510239,512384356594483200,13,anildash,"['School', 'teacher', 'in', 'a', 'Salt', 'Lake', 'City', 'suburb', 'unwittingly', 'discharged', 'her', 'concealed', 'weapon', 'in', 'the', 'faculty', 'bathroom']",[],23:35:24,36823
70,2014-09-17,Wed,510239,512236833317875712,17,anildash,"['Brilliant', '@lessig', 'talk', 'places', 'Citizens', 'Uniteds', 'impact', 'in', 'the', 'context', 'of', 'black', 'disenfranchisement', 'in', 'the', 'US']",[],13:49:12,36823
71,2014-09-17,Wed,510239,512233684020527104,55,anildash,"['It', 'took', 'about', 'two', 'decades', 'online', 'before', 'I', 'realized', 'the', 'proper', 'response', 'to', 'someone', 'criticizing', 'me', 'is', 'thank', 'you', 'Sometimes', 'I', 'forget', 'this']",[],13:36:41,36823
72,2014-09-17,Wed,510239,512067800660459520,57,anildash,"['TW', 'A', 'terrifying', 'hearbreaking', 'story', 'of', 'James', 'Browns', 'brutal', 'domestic', 'abuse', 'bravely', 'told', 'firsthand', 'by', 'his', 'daughter']",[],02:37:32,36823
73,2014-09-16,Tue,510239,512019859849621504,14,anildash,"['I', 'could', 'watch', 'white', 'people', 'try', 'Indian', 'desserts', 'all', 'day', 'It', 'is', 'delicious']",[],23:27:02,36823
74,2014-09-16,Tue,510239,511991910958133248,5,anildash,"['I', 'didnt', 'realize', 'Dominic', 'West', 'was', 'in', 'The', 'Phantom', 'Menace', 'Alas', 'he', 'doesnt', 'say', 'one', 'of', 'McNultys', 'lines']",[],21:35:58,36823
75,2014-09-16,Tue,510239,511975575544922112,7,anildash,"['Im', 'not', 'sure', '@xoxo', 'translates', 'well', 'to', 'Twitter', 'but', 'I', 'was', 'glad', 'to', 'see', 'an', 'event', 'where', 'confronting', 'mortality', 'amp', 'death', 'was', 'a', 'recurring', 'theme']",[],20:31:03,36823
76,2014-09-16,Tue,510239,511951330236456961,0,anildash,"['New', 'Kinja-enabled', 'spin-offs', 'such', 'as', 'Foxtrot', 'Alpha', 'and', 'Indefinitely', 'Wild', 'make', 'us', 'cloud-based', 'haberdashers', 'for', 'the', 'thinkpiece', 'economy']",[],18:54:43,36823
77,2014-09-16,Tue,510239,511893842396991489,96,anildash,"['For', 'just', 'an', 'extra', '$10', 'Apples', 'new', 'music', 'service', 'will', 'delete', 'your', 'Coldplay', 'albums', 'too']",[],15:06:17,36823
78,2014-09-15,Mon,510239,511622760557473793,21,anildash,"['Im', 'looking', 'forward', 'to', 'someday', 'bequeathing', 'an', 'Apple', 'Watch', 'to', 'my', 'son', 'Should', 'have', 'roughly', 'the', 'same', 'heirloom', 'value', 'as', 'an', 'iPod', 'mini']",[],21:09:06,36823
79,2014-09-15,Mon,510239,511615022246932480,4,anildash,"['Anybody', 'else', 'remember', 'that', 'tickets', 'for', 'the', 'Victory', 'tour', 'were', '$30', 'each', 'amp', 'you', 'had', 'to', 'buy', 'a', 'block', 'of', 'four', 'have', 'a', 'coupon', 'from', 'the', 'newspaper']",[],20:38:21,36823
80,2014-09-15,Mon,510239,511410181964451840,1,anildash,['True'],[],07:04:23,36823
81,2014-09-14,Sun,510239,511302575937699840,13,anildash,"['Was', 'really', 'proud', 'to', 'see', 'my', 'friend', '@ftrain', 'embrace', 'his', 'true', 'identity', 'during', 'his', '@xoxo', 'talk', 'xoxofest']",[],23:56:48,36823
82,2014-09-14,Sun,510239,511217672353103872,22,anildash,"['Only', 'at', '@xoxo', 'can', '@jah', 'have', 'a', 'platform', 'to', 'explain', 'how', 'he', 'took', 'his', 'site', 'from', '27000', 'daily', 'visitors', 'to', '250', 'a', 'day', 'over', 'just', '20', 'years', 'xoxofest']",[],18:19:25,36823
83,2014-09-14,Sun,510239,511214350057488384,2,anildash,"['A', 'bold', 'opening', 'statement', 'at', '@xoxo', 'from', '@emckean', 'who', 'comes', 'out', 'strongly', 'against', 'Sudoku']",[],18:06:13,36823
84,2014-09-14,Sun,510239,511198880038674432,2,anildash,"['So', 'thanks', 'to', 'the', '@ThinkUp', 'insight', 'I', 'm', 'changing', 'my', 'plans', 'I', 'cant', 'wait', 'to', 'read', '@jamietrs', 'novel']",[],17:04:45,36823
85,2014-09-13,Sat,510239,510901019614527488,32,anildash,"['At', '@xoxo', '@ethandiamond', 'explains', 'that', '@Bandcamp', 'worked', 'from', 'a', 'public', 'library', 'for', 'its', 'first', '4', 'years', 'Public', 'commons', 'power', 'entrepreneurship']",[],21:21:09,36823
86,2014-09-13,Sat,510239,510859613336395776,9,anildash,"['Love', 'hearing', '@golan', 'talk', 'about', 'reverse', 'engineering', 'as', 'a', 'civic', 'activity', 'at', '@xoxo', 'beautifully', 'articulates', 'an', 'idea', 'I', 'had', 'no', 'name', 'for']",[],18:36:37,36823
87,2014-09-13,Sat,510239,510604504145072128,4,anildash,"['If', 'youre', 'at', '@xoxo', 'you', 'should', 'head', 'over', 'to', '@holocene', 'soon', 'This', 'will', 'be', 'the', 'only', 'twee-free', 'moment', 'of', 'the', 'event']",[],01:42:55,36823
88,2014-09-12,Fri,510239,510566232761053186,2,anildash,"['I', 'may', 'be', 'the', 'only', 'person', 'who', 'regularly', 'sees', 'this', 'error', 'Gotta', 'be', 'quick', 'on', 'the', 'draw']",[],23:10:50,36823
89,2014-09-12,Fri,510239,510562734220804096,2,anildash,"['Hello', '@xoxo', 'people', 'I', 'hope', 'youll', 'join', 'me', 'at', '@holocene', 'at', '7pm', 'tonight', 'for', 'XOXO', 'music', 'And', 'follow', '@xochat', 'to', 'tweet', 'to', 'fellow', 'attendees']",[],22:56:56,36823
90,2014-09-12,Fri,510239,510414675918729216,4,anildash,"['Is', 'there', 'a', 'name', 'for', 'the', 'phenomenon', 'where', 'having', 'entry', 'of', 'time', 'to', 'get', 'somewhere', 'makes', 'it', 'more', 'likely', 'youll', 'arrive', 'late']",[],13:08:36,36823
91,2014-09-12,Fri,510239,510410964853080064,21,anildash,"['Fun', '@cshirky', 'piece', 'on', 'the', 'implications', 'of', 'secondhand', 'screen', 'especially', 'in', 'the', 'classroom']",[],12:53:51,36823
92,2014-09-11,Thu,510239,510141388005314560,39,anildash,"['Really', 'not', 'looking', 'forward', 'to', 'the', 'U2Warby', 'Parker', 'deal', 'where', 'we', 'all', 'wake', 'up', 'with', 'corny-ass', 'Bono', 'sunglasses', 'wrapped', 'around', 'our', 'faces']",[],19:02:39,36823
93,2014-09-11,Thu,510239,510109659072843776,11,anildash,"['In', 'NYC', 'Check', 'out', 'HereHere', 'which', 'generates', 'cartoons', 'for', 'your', 'neighborhood', 'based', 'on', '311', 'data']",[],16:56:34,36823
94,2014-09-11,Thu,510239,510101823328636928,3,anildash,"['Everybody', 'should', 'follow', '@chcosts', 'sharing', 'what', 'health', 'care', 'costs', 'I', 'have', 'no', 'affiliation', 'except', 'being', 'a', 'big', 'fan']",[],16:25:26,36823
95,2014-09-11,Thu,510239,510079049574932480,6,anildash,"['I', 'was', 'very', 'moved', 'by', '@fimoculous', 'heartfelt', 'exploration', 'of', 'what', 'its', 'meant', 'to', 'live', 'above', 'Ground', 'Zero', 'since', '911']",[],14:54:56,36823
96,2014-09-11,Thu,510239,510069080486068224,0,anildash,"['I', 'wrote', 'a', 'little', 'bit', 'about', 'todays', 'anniversary', 'If', 'you', 'have', 'read', 'my', 'pieces', 'on', 'this', 'in', 'the', 'past', 'its', 'in', 'the', 'same', 'place']",[],14:15:20,36823
97,2014-09-11,Thu,510239,510054300924801024,6,anildash,"['Thought', 'maybe', 'this', 'was', 'the', 'year', 'I', 'wouldnt', 'choke', 'up', 'Then', 'stopped', 'to', 'thank', 'the', 'older', 'woman', 'who', 'rode', 'by', 'with', 'a', 'flag', 'on', 'her', 'bike', 'amp', 'it', 'got', 'me']",[],13:16:36,36823
98,2014-09-11,Thu,510239,510032947941244928,145,anildash,"['GoFundMe', 'decides', 'abortion', 'is', 'not', 'a', 'medical', 'procedure', 'amp', 'bans', 'crowdfunding', 'it', 'but', 'allows', 'anti-choice', 'campaigns']",[],11:51:45,36823
99,2014-09-10,Wed,510239,509826828585152512,18,anildash,"['TROLL', 'THE', 'RICH', 'because', 'they', 'sure', 'as', 'hell', 'are', 'trolling', 'us', 'trolltherich']",[],22:12:42,36823
100,2014-09-10,Wed,510239,509826094326087681,2,anildash,"['Its', 'kind', 'of', 'amazing', 'that', 'none', 'of', 'the', 'late', 'night', 'shows', 'have', 'ever', 'booked', 'me', 'as', 'a', 'guest', 'Its', 'almost', 'as', 'if', 'theyre', 'not', 'a', 'meritocracy']",[],22:09:47,36823
101,2014-09-10,Wed,510239,509800261863604224,20,anildash,"['Wonderful', '@sfj', 'review', 'of', 'U2s', 'nonconsensual', 'modern-rock', 'wet', 'wipe', 'watch', 'commercial', 'malware', 'NotBeyonce']",[],20:27:08,36823
102,2014-09-10,Wed,510239,509782655173664768,2,anildash,"['Okay', 'opinion', 'poll', 'Will', 'Apple', 'ever', 'bring', 'Watch', 'to', 'Android', 'a', 'la', 'iPod', 'on', 'Windows', 'or', 'will', 'Watch', 'be', 'an', 'iPhone', 'accessory', 'forever']",[],19:17:10,36823
103,2014-09-10,Wed,510239,509782170865762304,9,anildash,"['Does', 'anyone', 'have', 'good', 'information', 'about', 'Minecraft', 'adoption', 'in', 'minority', 'households', 'I', 'know', 'a', 'huge', 'of', 'kids', 'overall', 'are', 'playing']",[],19:15:15,36823
104,2014-09-10,Wed,510239,509763365536010240,29,anildash,"['Apple', 'was', 'cache-busting', 'their', 'fancy', 'blog', 'amp', 'thus', 'couldnt', 'use', 'Akamai', 'for', 'their', 'event', 'page', 'yesterday', 'Result', 'Kaboom']",[],18:00:31,36823
105,2014-09-10,Wed,510239,509762661790535680,5,anildash,"['Software', 'will', 'eat', 'those', 'fries', 'if', 'youre', 'not', 'gonna', 'finish', 'them']",[],17:57:44,36823
106,2014-09-10,Wed,510239,509743750323912704,21,anildash,"['TROLL', 'THE', 'RICH']",[],16:42:35,36823
107,2014-09-10,Wed,510239,509740881092829184,3,anildash,"['My', 'goal', 'That', 'folks', 'who', 'are', 'on', 'people', 'who', 'matter', 'lists', 'should', 'sigh', 'with', 'exasperation', 'whenever', 'my', 'name', 'is', 'mentioned']",[],16:31:11,36823
108,2014-09-10,Wed,510239,509708442203062272,17,anildash,"['One', 'of', 'my', 'favorite', 'parts', 'of', 'gadget', 'reviews', 'is', 'seeing', 'very', 'high', 'resolution', 'photography', 'of', 'the', 'raggedy', 'cuticles', 'that', 'tech', 'bloggers', 'have']",[],14:22:17,36823
109,2014-09-10,Wed,510239,509703395826212865,26,anildash,"['We', 'are', 'not', 'being', 'nearly', 'militant', 'enough', 'if', 'Fox', 'isnt', 'fearmongering', 'about', 'a', 'War', 'On', 'Cars', 'Hell', 'yes', 'Im', 'coming', 'to', 'take', 'your', 'car', 'away', 'Today']",[],14:02:14,36823
110,2014-09-10,Wed,510239,509687234300489728,37,anildash,"['I', 'hope', 'Apple', 'does', 'nab', 'Path', 'amp', 'do', 'something', 'good', 'with', 'it', 'because', 'we', 'need', 'a', 'large-scale', 'social', 'network', 'that', 'doesnt', 'rely', 'on', 'the', 'ad', 'model']",[],12:58:00,36823
111,2014-09-10,Wed,510239,509591797853851648,1,anildash,"['Solid', 'advice']",[],06:38:47,36823
112,2014-09-10,Wed,510239,509582641906339841,3,anildash,"['I', 'dont', 'get', 'why', 'tech', 'insiders', 'hate', 'on', 'Path', 'Innovative', 'UI', 'thoughtful', 'about', 'constrained', 'networks', 'Surely', 'one', 'pretentious', 'interview', 'isnt', 'it']",[],06:02:24,36823
113,2014-09-10,Wed,510239,509549109095956480,24,anildash,"['Sport', 'and', 'Edition', 'are', 'not', 'parallel', 'names', 'The', 'use', 'of', 'edition', 'as', 'a', 'brand', 'signifier', 'within', 'the', 'Apple', 'Watch', 'family', 'really', 'hurts', 'my', 'brain']",[],03:49:09,36823
114,2014-09-10,Wed,510239,509546360497254400,64,anildash,"['Microsoft', 'should', 'make', 'the', 'Surface', 'into', 'a', 'huge-ass', 'table', 'again', 'and', 'win', 'the', 'phone', 'size', 'war']",[],03:38:13,36823
115,2014-09-10,Wed,510239,509535915522682880,32,anildash,"['We', 've', 'made', 'a', 'line', 'of', 'silicone', 'cases', 'that', 'fit', 'the', 'iPhone', '6', 'Plus', 'or', 'you', 'can', 'use', 'a', 'standard', 'twin-size', 'fitted', 'sheet']",[],02:56:43,36823
116,2014-09-10,Wed,510239,509500723575664640,8,anildash,"['And', 'now', '@BilldeBlasio', 'announces', 'one', 'more', 'thing', 'at', '@nytm', 'NYCs', 'first-ever', 'Chief', 'Technology', 'Officer', 'Minerva', 'Tantoco', 'nytm']",[],00:36:53,36823
117,2014-09-10,Wed,510239,509498252056887297,5,anildash,"['Really', 'glad', 'to', 'see', '@billdeblasio', 'at', '@nytm', 'especially', 'since', 'he', 'begins', 'by', 'acknowledging', '@jessicalawrences', 'incredible', 'leadership']",[],00:27:03,36823
118,2014-09-10,Wed,510239,509494677125742593,11,anildash,"['Im', 'a', 'huge', 'fan', 'of', '@heatseeknyc', 'and', 'thrilled', 'that', 'theyre', 'here', 'to', 'demo', 'at', '@nytm', 'and', 'for', '@billdeblasio!', 'nytm']",[],00:12:51,36823
119,2014-09-09,Tue,510239,509489211914080257,14,anildash,"['Im', 'fine', 'with', 'Microsoft', 'buying', 'Minecraft', 'but', 'I', 'was', 'just', 'thinking', 'last', 'night', 'that', 'I', 'was', 'hoping', 'Minecraft', 'would', 'merge', 'with', 'Lego', 'Alas']",[],23:51:08,36823
120,2014-09-09,Tue,510239,509481211127812096,0,anildash,"['The', '10th', 'anniversary', 'meetup', 'for', 'nytm', 'Featuring', 'a', 'special', 'guest', 'appearance', 'by', '@billdeblasio', '@\xe2\x80\xa6']",[],23:19:21,36823
121,2014-09-09,Tue,510239,509471208203911168,147,anildash,"['Honestly', 'this', 'was', 'the', 'most', 'surprising', 'moment', 'of', 'Tim', 'Cooks', 'presentation', 'today', 'for', 'me']",[],22:39:36,36823
122,2014-09-09,Tue,510239,509463711397208065,50,anildash,"['The', 'good', 'news', 'is', 'now', 'that', 'four', 'tech', 'blogs', 'have', 'gotten', 'to', 'try', 'the', 'iPhone', '6', 'it', 'has', 'as', 'many', 'users', 'as', 'the', 'Amazon', 'Fire']",[],22:09:48,36823
123,2014-09-09,Tue,510239,509445040595161088,8,anildash,"['No', 'seriously', 'Apple', 'Watch', 'is', '34', 'different', 'watches', 'Some', 'are', 'steel', 'Some', 'are', 'gold', 'Who', 'could', 'possibly', 'understand', 'all', 'these', 'choices']",[],20:55:37,36823
124,2014-09-09,Tue,510239,509431761533943810,16,anildash,"['Apples', 'new', 'iPhone', '6', 'is', 'available', 'in', '3', 'different', 'colors', 'or', 'as', 'Apple', 'HR', 'calls', 'it', 'Industry-leading', 'diversity']",[],20:02:51,36823
125,2014-09-09,Tue,510239,509431345492545536,124,anildash,"['Hard', 'to', 'imagine', 'why', 'anyone', 'would', 'be', 'uncomfortable', 'trusting', 'private', 'health', 'data', 'to', 'Apple']",[],20:01:12,36823
126,2014-09-09,Tue,510239,509418429863174144,58,anildash,"['I', 'think', 'Tim', 'summed', 'it', 'all', 'up', 'the', 'best', 'AppleLive', 'AppleEvent']",[],19:09:52,36823
127,2014-09-09,Tue,510239,509414900880658433,75,anildash,"['Its', 'been', 'a', 'truly', 'extraordinary', 'event', 'See', 'the', 'only', 'honest', 'Apple', 'blog', 'here', 'Thanks', '@ftrain!']",[],18:55:51,36823
128,2014-09-09,Tue,510239,509411200321716226,405,anildash,"['Perhaps', 'the', 'boldest', 'part', 'of', 'Apples', 'announcement', 'today', 'was', 'this', 'new', 'variation', 'of', 'the', 'Watch']",[],18:41:09,36823
129,2014-09-09,Tue,510239,509405409841778688,6,anildash,"['Brief', 'pause', 'for', 'sincerity', 'Very', 'happy', 'for', '@kevinlynch', 'getting', 'to', 'show', 'off', 'his', 'work']",[],18:18:08,36823
130,2014-09-09,Tue,510239,509403895081476097,111,anildash,"['Jony', 'Ive', 'The', 'smartest', 'man', 'who', 'tilts', 'his', 'head', 'like', 'a', 'dog', 'that', 'doesn', 't', 'understand', 'your', 'words']",[],18:12:07,36823
131,2014-09-09,Tue,510239,509399197293244416,30,anildash,"['Bold', 'statement', 'from', 'Tim', 'Cook', 'about', 'the', 'truth', 'of', 'Apples', 'new', 'phones']",[],17:53:27,36823
132,2014-09-09,Tue,510239,509390862909177856,81,anildash,"['There', 'is', 'one', 'liveblog', 'willing', 'to', 'tell', 'you', 'the', 'truth', 'Join', '@ftrain', 'and', 'I', 'here']",[],17:20:20,36823
133,2014-09-09,Tue,510239,509360490162950144,10,anildash,"['Climate', 'change', 'has', 'imperiled', 'nearly', 'half', 'the', 'birds', 'in', 'the', 'United', 'States', '314', 'species', 'in', 'all']",[],15:19:38,36823
134,2014-09-09,Tue,510239,509339690559111169,4,anildash,"['I', 'still', 'want', 'to', 'know', 'what', 'exactly', 'is', 'Bitcoin', 'Pitbull', 'says', 'Is', 'it', 'going', 'to', 'be', 'adopted', 'and', 'be', 'disruptive']",[],13:56:59,36823
135,2014-09-09,Tue,510239,509334518097281024,5,anildash,"['Has', 'anybody', 'ever', 'tried', 'to', 'market', 'actual', 'sugar', 'water']",[],13:36:26,36823
136,2014-09-09,Tue,510239,509166865403617280,18,anildash,"['I', 'wish', 'any', 'tech', 'company', 'were', 'doing', 'marketing', 'as', 'compelling', 'as', 'the', 'DAK', 'catalog', 'was', 'a', 'quarter', 'century', 'ago']",[],02:30:15,36823
137,2014-09-09,Tue,510239,509155176939548672,2,anildash,"['Boy', 'are', 'they', 'gonna', 'be', 'disappointed']",[],01:43:48,36823
138,2014-09-08,Mon,510239,509118098944061441,51,anildash,"['What', 'kind', 'of', 'society', 'accepts', 'copyright', 'as', 'more', 'compelling', 'dictate', 'than', 'sexual', 'victimization', 'amp', 'invasion', 'of', 'privacy']",[],23:16:28,36823
139,2014-09-08,Mon,510239,509114517901836289,3,anildash,"['Congrats', 'to', '@CameronCRussell', 'amp', 'team', 'on', 'the', 'launch', 'of', 'the', 'new', '@Interruptmag!', 'Thats', 'how', 'to', 'use', 'a', 'platform', 'for', 'good']",[],23:02:14,36823
140,2014-09-08,Mon,510239,509081115790172160,41,anildash,"['Ideally', 'tomorrows', 'presentation', 'will', 'be', 'Apple', 'spending', '25', 'hours', 'talking', 'about', 'an', 'incremental', 'bump', 'in', 'processor', 'speed', 'on', 'the', 'Mac', 'Mini']",[],20:49:30,36823
141,2014-09-08,Mon,510239,509067158765453313,7,anildash,"['One', 'of', 'the', 'most', 'interesting', 'Microsoft', 'releases', 'in', 'ages', 'is', 'like', 'Google', 'Now', 'for', 'MS', 'Office', 'But', 'Delve', 'as', 'a', 'brand', 'name']",[],19:54:03,36823
142,2014-09-08,Mon,510239,509007794838966272,18,anildash,"['Just', 'walked', 'by', 'a', 'TV', 'playing', 'CNN', 'talking', 'flight', '370', 'Imagine', 'if', 'CNN', 'did', 'stories', 'saying', 'Heres', 'an', 'action', 'you', 'can', 'take', 'to', 'help', 'others']",[],15:58:09,36823
143,2014-09-08,Mon,510239,508996008068808704,4,anildash,"['Apparently', 'I', 'really', 'am', 'fond', 'of', 'adopting', 'new', 'words', 'Thanks', '@thinkup!']",[],15:11:19,36823
144,2014-09-08,Mon,510239,508994711378735104,11,anildash,"['Every', 'Man', 'Is', 'Responsible', 'For', 'His', 'Own', 'Pageviews']",[],15:06:10,36823
145,2014-09-08,Mon,510239,508976477170565120,21,anildash,"['Increasingly', 'disgusted', 'with', 'Democratic', 'strong-arming', 'in', 'NY', 'The', 'latest', 'is', 'undermining', 'Teachout', 'amp', 'especially', 'Wu']",[],13:53:43,36823
146,2014-09-08,Mon,510239,508969535261900800,6,anildash,"['Yooo', 'coffee', 'shop', 'playing', 'Lets', 'Get', 'It', 'On', 'at', '930am', 'I', 'appreciate', 'this', 'but', 'you', 'need', 'to', 'work', 'up', 'to', 'it', 'a', 'bit', 'Maybe', 'Donny', 'Hathaway', 'first']",[],13:26:08,36823
147,2014-09-08,Mon,510239,508842273501884416,5,anildash,"['Every', 'investor', 'is', 'responsible', 'for', 'his', 'own', 'soul']",[],05:00:26,36823
148,2014-09-08,Mon,510239,508816572694007808,24,anildash,"['Vivian', 'Boyack', 'and', 'Alice', 'Dubes', 'have', 'finally', 'been', 'able', 'to', 'get', 'married', 'After', '72', 'YEARS', 'together']",[],03:18:18,36823
149,2014-09-08,Mon,510239,508811378485104640,4,anildash,"['This', 'is', 'wonderful', '@songadaymann', 'made', 'Every', 'Man', 'Is', 'Responsible', 'For', 'His', 'Own', 'Soul', 'Cant', 'wait', 'to', 'read', 'the', 'comments']",[],02:57:40,36823
150,2014-09-07,Sun,510239,508766239993643008,2,anildash,"['I', 'keep', 'eagerly', 'awaiting', 'Joan', 'Rivers', 'headlines', 'which', 'say', 'either', 'Can', 'We', 'Mawk', 'or', 'Can', 'We', 'Mock', 'but', 'nothin']",[],23:58:18,36823
151,2014-09-07,Sun,510239,508622562998632448,54,anildash,"['Adding', 'protected', 'bike', 'lanes', 'in', 'NYC', 'yielded', 'faster', 'travel', 'speeds', 'for', 'all', 'including', 'cars', 'Have', 'seen', 'this', 'firsthand']",[],14:27:23,36823
152,2014-09-06,Sat,510239,508404198699196416,10,anildash,"['Only', '364', 'days', 'left', 'to', 'put', 'me', 'on', 'your', '40', 'under', '40', 'list', 'I', 'better', 'get', 'to', 'work', 'on', 'that', 'lengthy', 'profile', 'of', 'PM', 'Dawn', 'Ive', 'been', 'researching']",[],23:59:41,36823
153,2014-09-06,Sat,510239,508392933935316992,9,anildash,"['Was', 'feeling', 'pretty', 'comfortable', 'identifying', 'as', 'a', 'dad', 'and', 'then', 'this', 'guy', 'walks', 'by', 'with', 't-shirt', 'tucked', 'into', 'pleated', 'shorts', 'amp', 'i', 'dont', 'even', 'know']",[],23:14:55,36823
154,2014-09-06,Sat,510239,508254334250123264,22,anildash,"['Our', 'democratic', 'culture', 'has', 'basically', 'given', 'up', 'on', 'debate', 'as', 'a', 'tool', 'for', 'changing', 'minds', 'or', 'achieving', 'consensus']",[],14:04:10,36823
155,2014-09-05,Fri,510239,508011672414720000,35,anildash,"['Is', 'there', 'a', 'name', 'for', 'that', 'thing', 'where', 'non-black', 'people', 'whisper', 'the', 'word', 'black', 'when', 'in', 'earshot', 'of', 'black', 'people', 'like', 'its', 'a', 'secret', 'identity']",[],21:59:55,36823
156,2014-09-05,Fri,510239,507879515842813952,54,anildash,"['Todays', 'my', 'birthday', 'What', 'I', 'want', 'is', 'us', 'all', 'to', 'tell', '2', 'or', '3', 'people', 'we', 'care', 'about', 'the', 'kind', 'things', 'wed', 'say', 'if', 'they', 'were', 'gone', 'Life', 'is', 'short']",[],13:14:47,36823
157,2014-09-05,Fri,510239,507861573210492929,12,anildash,"['Interesting', 'to', 'see', 'Apple', 'building', 'iWatch', 'hype', 'in', 'NYT', 'amp', 'WSJ', 'before', 'Tuesday', 'Of', 'course', 'I', 'had', 'the', 'story', 'last', 'year']",[],12:03:29,36823
158,2014-09-05,Fri,510239,507735956209037312,4,anildash,"['I', 'havent', 'been', 'paying', 'attention', 'but', 'it', 'seems', '@gruber', 'is', 'saying', 'his', 'preference', 'around', 'Markdown', 'is', 'exactly', 'what', '@davewiners', 'was', 'about', 'RSS']",[],03:44:19,36823
159,2014-09-05,Fri,510239,507708598936682496,257,anildash,"['How', 'many', 'major', 'open', 'source', 'projects', 'have', 'had', 'a', 'release', 'led', 'by', 'a', 'woman', 'of', 'color', '@WordPress', '40', 'led', 'by', '@helenhousandi', 'is', 'a', 'quiet', 'milestone']",[],01:55:37,36823
160,2014-09-04,Thu,510239,507637667367247872,6,anildash,"['The', 'only', 'credible', 'evidence', 'for', 'astrology', 'is', 'that', 'todays', 'Beyonc\xc3\xa9s', 'birthday', 'amp', 'tomorrows', 'my', 'birthday', 'and', 'we', 'are', 'obviously', 'similarly', 'blessed']",[],21:13:46,36823
161,2014-09-04,Thu,510239,507601942751625216,38,anildash,"['Anyway', 'I', 'prefer', 'unfiltered', 'non-algorithmic', 'reverse', 'chronological', 'feeds', 'I', 'may', 'not', 'be', 'a', 'statistically', 'valid', 'sample', 'size']",[],18:51:48,36823
162,2014-09-04,Thu,510239,507593651338223616,60,anildash,"['I', 'dont', 'have', 'an', 'opinion', 'yet', 'on', 'Twitter', 'possibly', 'switching', 'to', 'an', 'algorithmic', 'feed', 'but', 'I', 'do', 'know', 'folks', 'saying', 'theyll', 'quit', 'over', 'it', 'are', 'lying']",[],18:18:51,36823
163,2014-09-04,Thu,510239,507584147745824769,15,anildash,"['Twitpic', 'is', 'shutting', 'down', 'amp', 'blames', 'Twitter', 'enforcing', 'its', 'trademarks', 'Highly', 'implausible', 'Anyway', 'go', 'use', '@mlkshk!']",[],17:41:05,36823
164,2014-09-04,Thu,510239,507580356673798144,6,anildash,"['If', 'you', 'have', 'muted', 'or', 'unfollowed', 'our', 'brand', 'on', 'Twitter', 'please', '@', 'reply', 'with', 'reason', 'why', 'amp', 'youll', 'be', 'entered', 'to', 'win', 'free', 'direct', 'mail', 'for', 'a', 'year']",[],17:26:02,36823
165,2014-09-04,Thu,510239,507550894096154624,64,anildash,"['Very', 'pleased', 'the', 'US', 'CTO', 'job', 'is', 'attracting', 'talent', 'the', 'caliber', 'of', '@smithmegan', 'amp', '@amac', 'is', 'a', 'FANTASTIC', 'choice', 'to', 'serve']",[],15:28:57,36823
166,2014-09-04,Thu,510239,507360057433284608,17,anildash,"['Everything', 'is', 'about', 'zoning']",[],02:50:38,36823
167,2014-09-04,Thu,510239,507348652193751040,2,anildash,"['Was', 'a', 'fun', 'change', 'of', 'pace', 'getting', 'to', 'join', '@ginatrapani', 'on', 'This', 'Week', 'in', 'Google', 'along', 'with', '@jeffjarvis', 'amp', '@leolaporte']",[],02:05:19,36823
168,2014-09-04,Thu,510239,507335225740107776,10,anildash,"['Whatever', 'your', 'view', 'on', 'tracking', 'the', 'cookie', 'protocol', 'has', 'certainly', 'been', 'manipulated', 'against', 'its', 'original', 'intent']",[],01:11:58,36823
169,2014-09-04,Thu,510239,507328233671770112,4,anildash,"['I', 'would', 'like', 'to', 'read', 'a', 'blog', 'just', 'tracking', 'the', 'CMS', 'announcementsadvances', 'from', 'big', 'media', 'Kinja', 'Chorus', 'Medium', 'Scoop', 'WordPress', 'whatever']",[],00:44:11,36823
170,2014-09-04,Thu,510239,507327915370242049,5,anildash,"['Another', 'good', 'recent', 'return', 'of', 'blogging', 'piece', 'is', '@Locks', 'low-key', 'reveal', 'of', 'Vox', 'Medias', 'Chorus', 'platform', 'opening', 'up']",[],00:42:55,36823
171,2014-09-04,Thu,510239,507324730949795841,27,anildash,"['Parenthood', 'is', 'great', 'if', 'youd', 'like', 'to', 'say', 'things', 'like', 'I', 'dont', 'want', 'to', 'have', 'to', 'take', 'that', 'carrot', 'away', 'to', 'another', 'human', 'being']",[],00:30:16,36823
172,2014-09-03,Wed,510239,507300018756538368,11,anildash,"['Heyyyy', 'its', 'time', 'to', 'be', 'blogging', 'again', '@scottros', 'documents', 'the', 'comet-like', 'return', 'of', 'the', 'medium']",[],22:52:04,36823
173,2014-09-03,Wed,510239,507244024022196224,59,anildash,"['If', 'a', 'policeman', 'is', 'reprimanded', 'amp', 'fired', 'for', 'misconduct', 'what', 'happens', 'Missouri', 'puts', 'him', 'in', 'charge', 'of', 'Safety', 'amp', 'Review']",[],19:09:34,36823
174,2014-09-03,Wed,510239,507228627633991680,8,anildash,"['Everybody', 'is', 'very', 'eager', 'to', 'say', 'what', 'kind', 'of', 'writing', 'the', 'internet', 'does', 'not', 'need', 'So', 'what', 'writing', 'do', 'we', 'need', 'Whats', 'missing']",[],18:08:23,36823
175,2014-09-03,Wed,510239,507182551681994752,84,anildash,"['General', 'a', 'pretty', 'good', 'indication', 'that', 'someone', 'doesnt', 'understand', 'a', 'problem', 'is', 'when', 'they', 'say', 'Look', 'its', 'really', 'simple']",[],15:05:17,36823
176,2014-09-03,Wed,510239,507179652562317312,10,anildash,"['We', 'talk', 'a', 'lot', 'about', 'whats', 'fair', 'but', 'little', 'about', 'how', 'fairness', 'happens', '@zephoria', 'explains', 'techs', 'increasing', 'role']",[],14:53:46,36823
177,2014-09-03,Wed,510239,507164355063214080,38,anildash,"['Neighborhood', 'cafe', 'is', 'playing', 'Head', 'Like', 'A', 'Hole', 'before', '10am', 'amp', 'folks', 'are', 'whistling', 'along', 'in', 'case', 'you', 'want', 'to', 'know', 'how', 'todays', 'yuppie', 'lives']",[],13:52:59,36823
178,2014-09-03,Wed,510239,507156381708062720,0,anildash,"['Lots', 'of', 'apps', 'amp', 'tech', 'product', 'websites', 'put', 'up', 'the', 'logos', 'of', 'media', 'outlets', 'that', 'reviewedcovered', 'the', 'product', 'Does', 'anybody', 'click', 'on', 'those']",[],13:21:18,36823
179,2014-09-03,Wed,510239,507152905271783424,39,anildash,"['So', 'Twitter', 'shows', 'faved', 'tweets', 'in', 'your', 'stream', 'only', 'if', 'you', 'pull', 'to', 'refresh', 'Should', 'have', 'been', 'marketed', 'as', 'a', 'fun', 'trick']",[],13:07:29,36823
180,2014-09-03,Wed,510239,507150879263584256,144,anildash,"['I', 'have', '2-factor', 'auth', 'enabled', 'for', 'all', 'my', 'logins', 'but', 'I', 'didnt', 'know', 'Apple', 'ignores', 'it', 'for', 'iCloud', 'sign-ins', 'Astounding']",[],12:59:26,36823
181,2014-09-03,Wed,510239,506981847633768448,14,anildash,"['Google', 'Apps', 'is', 'changing', 'its', 'name', 'Lets', 'see', 'what', 'Twitter', 'says', 'about', 'Google', 'Apps', 'oh']",[],01:47:46,36823
182,2014-09-03,Wed,510239,506974927791357952,28,anildash,"['Public', 'is', 'not', 'just', 'what', 'can', 'be', 'viewed', 'by', 'others', 'but', 'a', 'set', 'of', 'social', 'conventions', 'about', 'whats', 'acceptable']",[],01:20:16,36823
183,2014-09-03,Wed,510239,506973671098167296,10,anildash,"['Privacy', 'isn', 't', 'a', 'state', 'of', 'a', 'particular', 'set', 'of', 'data', 'It', 's', 'a', 'practice', 'and', 'a', 'process', 'an', 'idealized', 'state', 'of', 'being']",[],01:15:16,36823
184,2014-09-03,Wed,510239,506970782539730945,41,anildash,"['Privacy', 'is', 'a', 'privilege', 'It', 'is', 'rarely', 'enjoyed', 'by', 'women', 'or', 'transgender', 'men', 'amp', 'women', 'queer', 'people', 'or', 'people', 'of', 'color']",[],01:03:48,36823
185,2014-09-02,Tue,510239,506942215877586944,46,anildash,"['Twitter', 'deduces', 'a', 'gender', 'for', 'almost', 'all', 'accounts', 'on', 'the', 'service', 'to', 'help', 'advertisers', '@glennf', 'explains', 'how', 'it', 'works']",[],23:10:17,36823
186,2014-09-02,Tue,510239,506893798589616128,5,anildash,"['If', 'someone', 'breaks', 'into', 'your', 'home', 'youll', 'need', 'our', 'tips', 'on', 'how', 'to', 'choose', 'a', 'new', 'keychain', 'CNNSecurityTips']",[],19:57:53,36823
187,2014-09-02,Tue,510239,506893373689847809,27,anildash,"['Try', 'printing', 'out', 'all', 'of', 'your', 'videos', 'and', 'tweets', 'for', 'safekeeping', 'CNNSecurityTips']",[],19:56:12,36823
188,2014-09-02,Tue,510239,506892885066022912,110,anildash,"['Of', 'course', 'you', 'can', 'trust', 'us', 'with', 'a', 'perfect', 'digital', 'replica', 'of', 'your', 'actual', 'thumbprint', 'No', 'no', 'one', 'could', 'possibly', 'keep', 'your', 'photos', 'secure']",[],19:54:16,36823
189,2014-09-02,Tue,510239,506891580381593600,32,anildash,"['Of', 'course', 'CNN', 'is', 'giving', 'awful', 'advice', 'on', 'securing', 'online', 'accounts', 'Next', 'up', 'victim-blaming', 'After', 'that', 'which', 'gadget', 'to', 'buy', 'this', 'xmas']",[],19:49:05,36823
190,2014-09-02,Tue,510239,506851469820448768,1,anildash,"['A', 'cockroach', 'about', 'as', 'long', 'as', 'a', 'MetroCard', 'sidled', 'up', 'beside', 'him', 'twitching', 'across', 'a', 'seat', 'Penn', 'Station']",[],17:09:41,36823
191,2014-09-02,Tue,510239,506843681945821184,9,anildash,"['Some', 'of', 'the', 'most', 'fun', 'amp', 'interesting', 'updates', 'I', 'see', 'on', 'Twitter', 'arent', 'in', 'tweets', 'theyre', 'changes', 'to', 'peoples', 'bios']",[],16:38:45,36823
192,2014-09-02,Tue,510239,506597224877682688,44,anildash,"['One', 'of', 'the', 'best', 'things', 'about', 'parenting', 'a', 'young', 'child', 'is', 'that', 'so', 'often', 'their', 'problems', 'are', 'something', 'you', 'can', 'actually', 'fix', 'A', 'very', 'rare', 'thing']",[],00:19:25,36823
193,2014-09-01,Mon,510239,506511285757157377,25,anildash,"['The', 'paradigm', 'of', 'objectivity', 'is', 'as', 'absurd', 'a', 'concept', 'in', 'software', 'platforms', 'as', 'it', 'was', 'in', '20th-century', 'newspapers']",[],18:37:55,36823
194,2014-09-01,Mon,510239,506469755285700608,92,anildash,"['Police', 'ram', 'a', 'mans', 'car', 'handcuff', 'amp', 'then', 'punch', 'him', 'amp', 'lie', 'on', 'camera', 'that', 'he', 'went', 'for', 'cops', 'gun', 'No', 'wrongdoing', 'found']",[],15:52:54,36823
195,2014-09-01,Mon,510239,506263677503156224,17,anildash,"['Id', 'pretty', 'much', 'forgotten', 'the', 'Cluetrain', 'Manifesto', 'but', 'it', 'was', 'huge', 'for', '1999s', 'web', 'amp', 'clearly', 'presaged', 'the', 'current', 'brands-as-faux-friends', 'era']",[],02:14:01,36823
196,2014-08-31,Sun,510239,506207363750428674,8,anildash,"['Thoughtful', 'post', 'from', '@marcoarment', 'about', 'some', 'contretemps', 'One', 'big', 'takeaway', 'Hate', 'RTing', 'things', 'is', 'awful', 'dont', 'do', 'it']",[],22:30:15,36823
197,2014-08-31,Sun,510239,506105288278409216,18,anildash,"['Idea', 'Pancakes', 'with', 'really', 'good', 'butter', 'and', 'syrup', 'but', 'without', 'the', 'pancakes']",[],15:44:38,36823
198,2014-08-31,Sun,510239,505905423640449024,2,anildash,"['Mr', 'Shrem', 'said', 'on', 'Saturday', 'from', 'his', 'parents', 'home', 'in', 'Brooklyn', 'They', 'got', 'a', 'Bitcoiner']",[],02:30:26,36823
199,2014-08-31,Sun,510239,505877852454416384,29,anildash,"['Tax', 'spent', 'to', 'vandalize', 'Wikipedia', 'with', 'anti-trans', 'hate', 'Again', 'Likely', 'by', 'those', 'who', 'claim', 'to', 'hate', 'govt', 'waste']",[],00:40:53,36823
200,2014-08-29,Fri,510239,505350472929386496,4,anildash,"['New', 'today', 'in', 'your', '@thinkup', 'stream', 'How', 'did', 'responses', 'to', 'your', 'Facebook', 'statuses', 'this', 'week', 'break', 'down', 'by', 'gender']",[],13:45:16,36823
201,2014-08-28,Thu,510239,505007374634336256,5,anildash,"['Like', '@MagicRecs', 'You', 'should', 'try', '@thinkup', 'Its', 'like', 'MagicRecs', 'Analytics', 'a', 'warm', 'hug', 'And', 'its', 'only', '5', 'bucks', 'now']",[],15:01:55,36823
202,2014-08-27,Wed,510239,504770830468153344,9,anildash,"['Uber', 'for', 'bringing', 'you', 'a', 'chair', 'so', 'you', 'can', 'HAVE', 'A', 'SEAT']",[],23:21:58,36823
203,2014-08-27,Wed,510239,504763560489398272,6,anildash,"['After', 'the', 'Outkast', 'Coachella', 'show', 'Andr\xc3\xa9', '3000', 'called', 'Prince', 'After', 'you', 'give', 'them', 'the', 'hits', 'then', 'you', 'can', 'do', 'whatever']",[],22:53:05,36823
204,2014-08-27,Wed,510239,504718250543181824,5,anildash,"['My', 'tweets', 'are', 'so', 'deep', 'that', '140', 'characters', 'is', 'a', 'longread']",[],19:53:02,36823
205,2014-08-27,Wed,510239,504709160903380992,9,anildash,"['Self-segregation', 'on', 'social', 'networks', 'and', 'the', 'implications', 'for', 'Ferguson', 'from', '@ethanz']",[],19:16:55,36823
206,2014-08-27,Wed,510239,504669353598808064,62,anildash,"['Do', 'you', 'have', 'to', 'be', 'a', 'total', 'asshole', 'to', 'critique', 'the', 'ALS', 'ice', 'bucket', 'challenge', 'A', 'look', 'at', 'the', 'legitimate', 'objections']",[],16:38:44,36823
207,2014-08-27,Wed,510239,504464091290021889,22,anildash,"['Ive', 'said', 'this', 'before', 'but', 'I', 'have', 'so', 'many', 'bad', 'ideas', 'and', 'so', 'little', 'time', 'to', 'get', 'them', 'all', 'done']",[],03:03:06,36823
208,2014-08-27,Wed,510239,504452893853093888,19,anildash,"['Anyway', 'Oxford', 'commas', 'are', 'stupid']",[],02:18:36,36823
209,2014-08-27,Wed,510239,504446293088174080,1,anildash,"['By', 'contrast', '@NewYorker', 'story', 'on', 'its', 'homepage', 'right', 'now', 'mentions', 'a', 'Fed', 'conference', 'in', 'Jackson', 'Hole', 'with', 'no', 'explanation', 'of', 'what', 'that', 'means']",[],01:52:23,36823
210,2014-08-27,Wed,510239,504435339415810049,32,anildash,"['Honestly', 'if', 'youre', 'reading', 'the', 'New', 'Yorker', 'and', 'dont', 'know', 'Howard', 'is', 'historically', 'black', 'put', 'down', 'the', 'magazine', 'amp', 'go', 'outside', 'See', 'the', 'world']",[],01:08:51,36823
211,2014-08-27,Wed,510239,504434295709368320,9,anildash,"['Im', 'glad', 'for', 'this', 'story', 'on', 'tech', 'diversity', 'but', 'the', '@NewYorker', 'still', 'has', 'to', 'explain', 'Howard', 'U', 'is', 'historically', 'black']",[],01:04:42,36823
212,2014-08-27,Wed,510239,504433369275699201,18,anildash,"['So', '@automattic', 'powers', 'a', 'huge', 'of', 'all', 'news', 'sites', 'on', 'the', 'web', 'can', 'we', 'have', 'a', 'Trending', 'Wordpress', 'Stories', 'page', 'A', 'better', 'Google', 'News', 'or', 'Digg']",[],01:01:01,36823
213,2014-08-26,Tue,510239,504417180935798784,13,anildash,"['If', 'you', 'know', 'any', 'parents', 'be', 'kind', 'to', 'them', 'right', 'now', 'is', 'back', 'to', 'school', 'season', 'peak', 'time', 'for', 'getting', 'emotional', 'over', 'my', 'babys', 'all', 'grown', 'up']",[],23:56:42,36823
214,2014-08-26,Tue,510239,504390982142799874,10,anildash,"['Did', 'not', 'expect', 'Princes', 'new', 'single', 'on', 'Spotify', 'amp', '@3RDEYEGIRL', '@wbr', 'off', 'to', 'a', 'good', 're-start']",[],22:12:35,36823
215,2014-08-26,Tue,510239,504374775087898626,45,anildash,"['Uber', 'is', 'running', 'ads', 'guaranteeing', '$5000', 'in', 'the', 'first', 'month', 'to', 'cab', 'drivers', 'who', 'join', 'them', 'Also', 'guaranteed', 'Robot', 'takes', 'that', 'job', 'away', 'in', '2018']",[],21:08:11,36823
216,2014-08-26,Tue,510239,504367480371171328,15,anildash,"['Havent', 'been', 'embarrassed', 'by', 'anything', 'today', 'Flash', 'back', 'to', 'when', 'you', 'guessed', 'the', 'wrong', 'number', 'of', 'cheek', 'kisses', 'when', 'greeting', 'a', 'european', 'friend']",[],20:39:12,36823
217,2014-08-26,Tue,510239,504333677548294145,4,anildash,"['Anybody', 'wanna', 'guess', 'what', 'would', 'happen', 'if', 'the', 'guy', 'arguing', 'about', 'reclining', 'an', 'airline', 'seat', 'had', 'been', 'a', 'south', 'asian', 'man', 'Still', 'nobody', 'arrested']",[],18:24:53,36823
218,2014-08-26,Tue,510239,504315386884804608,0,anildash,"['Kickstarter', 'for', 'Hyperlapse', 'for', 'Dronies']",[],17:12:12,36823
219,2014-08-26,Tue,510239,504277272497754114,3,anildash,"['Best', 'Tweeter', 'Alive']",[],14:40:45,36823
220,2014-08-26,Tue,510239,504275707988832256,29,anildash,"['What', 'happens', 'when', 'a', 'typically', 'awful', 'local', 'TV', 'news', 'segment', 'interviews', '@BootsRiley', 'about', 'what', 'The', 'Coup', 'is', 'HILARITY']",[],14:34:32,36823
221,2014-08-26,Tue,510239,504271653275443200,0,anildash,"['Ive', 'been', 'listening', 'to', 'podcasts', 'lately', 'I', 'dont', 'usually', 'and', 'wondering', 'if', 'I', 'should', 'ask', 'to', 'guest', 'appear', 'on', 'some', 'Anybody', 'interested', 'in', 'that']",[],14:18:25,36823
222,2014-08-26,Tue,510239,504260808826974210,7,anildash,"['Does', 'everybody', 'else', 'have', 'like', '5', 'different', 'accounts', 'listed', 'in', 'the', 'Google', 'Account', 'chooser', 'drop-down', 'I', 'find', 'this', 'inordinately', 'stressful']",[],13:35:20,36823
223,2014-08-26,Tue,510239,504252081105276928,3,anildash,"['Good', 'search', 'term', 'for', '9am']",[],13:00:39,36823
224,2014-08-26,Tue,510239,504110930935177216,29,anildash,"['When', 'Im', 'walking', 'down', 'the', 'sidewalk', 'amp', 'a', 'rat', 'crosses', 'my', 'path', 'I', 'dont', 'even', 'pretend', 'to', 'be', 'cool', 'Ill', 'march', 'my', 'ass', 'out', 'in', 'the', 'street', 'shrieking']",[],03:39:46,36823
225,2014-08-26,Tue,510239,504100561172824064,4,anildash,"['George', 'Lucas', 'should', 'ask', 'Disney', 'to', 'do', 'an', 'official', 'release', 'of', 'Harmys', 'Despecialized', 'Edition', 'on', 'Blu', 'Ray', 'but', 'in', 'portrait', 'orientation']",[],02:58:34,36823
226,2014-08-26,Tue,510239,504085065861967872,5,anildash,"['This', 'supercut', 'of', 'celebs', 'checking', 'their', 'phones', 'during', 'the', 'VMAs', 'could', 'also', 'double', 'as', 'a', 'great', 'Apple', 'ad']",[],01:56:59,36823
227,2014-08-25,Mon,510239,504007364048351232,7,anildash,"['Good', 'exploration', 'of', 'the', 'meaning', 'of', 'faving', 'from', '@fmanjoo', 'See', 'also', 'amp']",[],20:48:14,36823
228,2014-08-25,Mon,510239,503958789020975104,3,anildash,"['I', 'maintain', 'a', 'very', 'short', 'list', 'of', 'topics', 'Id', 'like', 'to', 'write', 'books', 'about', 'amp', 'death', 'is', 'one', 'of', 'them', 'Would', 'Kickstart', 'that']",[],17:35:13,36823
229,2014-08-25,Mon,510239,503953863221997569,24,anildash,"['Interesting', 'that', 'the', 'all', 'the', 'explainer-mania', 'in', 'the', 'media', 'world', 'hasnt', 'yielded', 'a', 'tech', 'explainer', 'site', 'A', 'lot', 'of', 'what', 'and', 'very', 'little', 'why']",[],17:15:38,36823
230,2014-08-25,Mon,510239,503952338718314496,14,anildash,"['Gonna', 'be', 'in', 'the', '90s', 'this', 'week', 'Good', 'thing', 'all', 'the', 'pumpkin', 'spice', 'products', 'are', 'here', 'for', 'it']",[],17:09:35,36823
231,2014-08-25,Mon,510239,503894317006872577,6,anildash,"['On', 'the', 'Mike', 'Douglas', 'show', 'in', '1974', 'Theyre', 'gonna', 'do', 'a', 'new', 'song', 'for', 'us', 'called', 'Dancing', 'Machine']",[],13:19:01,36823
232,2014-08-25,Mon,510239,503744437009543169,23,anildash,"['Greatest', 'Living', 'Entertainer', 'Seems', 'legit']",[],03:23:27,36823
233,2014-08-25,Mon,510239,503732470270156801,5,anildash,"['Enjoying', 'the', 'behind-the-scenes', 'photos', 'of', 'VMA', 'prep', 'over', 'on']",[],02:35:54,36823
234,2014-08-25,Mon,510239,503725820188565504,6,anildash,"['Very', 'happy', 'to', 'see', 'Usher', 'fully', 'embracing', 'Cool', 'Dad', 'status', 'Practices', 'his', 'choreography', 'while', 'in', 'line', 'at', 'Home', 'Depot', 'Daaad', 'stop', 'singing', 'Yeah']",[],02:09:28,36823
235,2014-08-25,Mon,510239,503723737213304833,3,anildash,"['Weird', 'sound', 'thing', 'going', 'on', 'with', 'VMA', 'sound', 'mix', 'not', 'sure', 'if', 'its', 'MTV', 'or', 'our', 'stereo', 'but', 'its', 'really', 'obvious', 'what', 'parts', 'folks', 'arent', 'singing']",[],02:01:12,36823
236,2014-08-25,Mon,510239,503721484364578816,146,anildash,"['In', 'fact', 'fully', 'three-quarters', '75', 'of', 'whites', 'have', 'entirely', 'white', 'social', 'networks', 'without', 'any', 'minority', 'presence']",[],01:52:15,36823
237,2014-08-25,Mon,510239,503718487718891522,9,anildash,"['Everybody', 'shut', 'up', 'Sam', 'is', 'singing']",[],01:40:20,36823
238,2014-08-25,Mon,510239,503717178689208320,14,anildash,"['Jim', 'Carrey', 'looks', 'great', 'for', 'a', '90', 'year', 'old', 'man', 'doing', '70', 'year', 'old', 'material']",[],01:35:08,36823
239,2014-08-25,Mon,510239,503714422238765056,3,anildash,"['I', 'want', 'Lorde', 'to', 'come', 'out', 'and', 'say', 'that', 'Im', 'about', 'to', 'start', 'a', 'new', 'era', 'each', 'time', 'I', 'get', 'a', 'new', 'pair', 'of', 'contact', 'lenses']",[],01:24:11,36823
240,2014-08-24,Sun,510239,503671393993916416,7,anildash,"['Uh', 'oh', 'this', 'is', 'the', 'first', 'VMAs', 'since', 'we', 'got', 'rid', 'of', 'cable', 'and', '@Beyonce', 'is', 'performing', '14', 'songs', 'WHAT', 'DO', 'I', 'DO']",[],22:33:12,36823
241,2014-08-24,Sun,510239,503670855575306242,0,anildash,"['Feel', 'like', '@JanelleMonae', 'deliberately', 'followed', 'the', 'long', 'Samsung', 'Gear', 'product', 'placement', 'here', 'w', 'a', 'shot', 'of', 'an', '8-track']",[],22:31:04,36823
242,2014-08-24,Sun,510239,503387813476593664,382,anildash,"['Elegant', 'heartbreaking', 'articulation', 'of', 'the', 'lies', 'racists', 'need', 'to', 'tell', 'themselves', 'from', '@ShaunKing']",[],03:46:21,36823
243,2014-08-24,Sun,510239,503334361086058496,193,anildash,"['Ive', 'killed', 'a', 'lot', 'If', 'you', 'dont', 'want', 'to', 'get', 'killed', 'dont', 'show', 'up', 'in', 'front', 'of', 'me', 'St', 'Louis', 'policeman', 'Dan', 'Page']",[],00:13:57,36823
244,2014-08-23,Sat,510239,503292467249430529,8,anildash,"['One', 'of', 'our', 'most', 'passionate', 'amp', 'effective', 'public', 'servants', 'in', 'DC', '@toddpark', 'will', 'step', 'down', 'at', 'the', 'end', 'of', 'the', 'year']",[],21:27:29,36823
245,2014-08-23,Sat,510239,503005040429502464,12,anildash,"['Fantastic', 'interview', 'with', '@flytetymejam', 'whos', 'long', 'been', 'one', 'of', 'my', 'heroes', 'Thanks', '@waxpoetics!']",[],02:25:21,36823
246,2014-08-23,Sat,510239,502968551536619520,8,anildash,"['You', 'know', 'just', 'a', 'normal', 'Friday', 'night', 'with', 'the', 'worlds', 'worst', 'people', 'in', 'my', '@', 'replies', 'Its', 'like', 'this', 'every', 'day', 'TW']",[],00:00:22,36823
247,2014-08-22,Fri,510239,502965970152226817,17,anildash,"['Thank', 'you', 'to', '@xoxo', 'and', '@waxpancake', 'amp', '@andymcmillan', 'for', 'doing', 'the', 'right', 'thing', 'to', 'make', 'attendees', 'feel', 'welcome']",[],23:50:06,36823
248,2014-08-22,Fri,510239,502950386484142080,2,anildash,"['Probably', 'Princes', 'best', 'tweet', 'ever', 'is', 'an', 'uncredited', 'RT', 'of', '@housequakecom']",[],22:48:11,36823
249,2014-08-22,Fri,510239,502912044811952128,5,anildash,"['Speaking', 'of', 'disclosurebrags', 'if', 'you', 'wanna', 'see', 'all', 'the', 'ways', 'Ive', 'sold', 'out', 'amp', 'am', 'compromised', 'my', 'about', 'page', 'lists', 'them']",[],20:15:49,36823
250,2014-08-22,Fri,510239,502909890843914240,5,anildash,"['Though', 'Missouri', 'is', 'infamous', 'for', 'brutal', 'regime', 'crackdowns', 'visitors', 'here', 'are', 'greeted', 'warmly', 'and', 'with', 'hospitality']",[],20:07:16,36823
251,2014-08-22,Fri,510239,502907080173707264,3,anildash,"['Interesting', '@Medium', 'added', 'following', 'Follow', 'me', 'Disclosurebrag', 'Im', 'an', 'advisor']",[],19:56:06,36823
252,2014-08-22,Fri,510239,502876342946635776,12,anildash,"['There', 'are', 'YouTube', 'videos', 'that', 'look', 'almost', 'exactly', 'like', 'Thomas', 'the', 'Train', 'episodes', 'but', 'feature', 'violent', 'adult', 'themes', 'Ask', 'me', 'how', 'I', 'found', 'out']",[],17:53:57,36823
253,2014-08-22,Fri,510239,502838764428079104,33,anildash,"['Interesting', 'that', 'top', 'ratings', 'for', 'culture', 'amp', 'values', 'are', 'for', 'companies', 'with', 'awful', 'stats', 'on', 'inclusion', 'amp', 'diversity']",[],15:24:38,36823
254,2014-08-22,Fri,510239,502821554947108864,4,anildash,"['Wonderful', 'nostalgic', 'interview', 'with', '@adamkuban', 'a', 'born', 'blogger', 'amp', 'pizzas', 'best', 'friend']",[],14:16:15,36823
255,2014-08-22,Fri,510239,502637469452746752,154,anildash,"['Question', 'for', 'my', 'white', 'followers', 'in', 'the', 'US', 'Has', 'Ferguson', 'changed', 'your', 'mind', 'on', 'anything', 'Do', 'you', 'talk', 'about', 'the', 'topic', 'with', 'white', 'friends']",[],02:04:45,36823
256,2014-08-21,Thu,510239,502559040229376002,7,anildash,"['Or', 'thinking', 'more', 'broadly', 'Web', '10', 'becomes', 'Web', '20', 'and', 'then', 'the', 'modern', 'web', 'because', 'of', 'memcache', 'Sarbanes', 'Oxley', 'and', 'AdSense']",[],20:53:06,36823
257,2014-08-21,Thu,510239,502555913522532352,9,anildash,"['Theres', 'basically', 'the', 'web', 'before', 'memcached', 'and', 'the', 'web', 'after', 'memcached', 'right', 'If', 'we', 'have', 'to', 'explain', 'how', 'web', '10', 'became', 'todays', 'internet']",[],20:40:41,36823
258,2014-08-21,Thu,510239,502449124919484416,83,anildash,"['Half', 'funny', 'half', 'damning', 'indictment', 'of', 'Silicon', 'Valley', 'culture', '@chudsons', 'Pinterest', 'board', 'of', 'guys', 'who', 'arent', 'him']",[],13:36:21,36823
259,2014-08-21,Thu,510239,502298647288381441,12,anildash,"['That', 'ineffable', 'moment', 'when', 'someone', 'youre', 'speaking', 'to', 'calls', 'you', 'by', 'the', 'name', 'of', 'a', 'different', 'person', 'amp', 'you', 'realize', 'they', 'cant', 'tell', 'you', 'apart']",[],03:38:24,36823
260,2014-08-21,Thu,510239,502271564176691200,106,anildash,"['KajiemePowell', 'There', 'are', 'no', 'words', 'I', 'cant', 'take', 'this']",[],01:50:47,36823
261,2014-08-21,Thu,510239,502253855997186048,16,anildash,"['In', 'Missouri', 'the', 'burden', 'doesn', 't', 'budge', 'an', 'inch', 'even', 'after', 'we', 'know', 'that', 'the', 'defendant', 'has', 'killed', 'the', 'victim']",[],00:40:25,36823
262,2014-08-21,Thu,510239,502249674024427521,10,anildash,"['We', 'have', 'now', 'progressed', 'as', 'a', 'species', 'from', 'Dont', 'read', 'the', 'comments', 'to', 'Dont', 'read', 'the', 'favs']",[],00:23:48,36823
263,2014-08-20,Wed,510239,502220838016663552,16,anildash,"['Support', 'meaningful', 'technology', 'Heat', 'Seek', 'helps', 'many', 'of', 'NYCs', 'most', 'vulnerable', 'stay', 'warm', 'in', 'the', 'winter']",[],22:29:13,36823
264,2014-08-20,Wed,510239,502158710878519296,1,anildash,"['So', '@michellej', 'shared', 'a', 'Katt', 'Williams', 'gif', 'in', 'our', 'Slack', 'chat', 'which', 'was', 'perhaps', 'the', 'first', 'time', 'he', 'had', 'been', 'in', 'any', '@SlackHQ', 'conversation']",[],18:22:20,36823
265,2014-08-20,Wed,510239,502149451163922432,44,anildash,"['Like', 'rTravyvonMartin', 'before', 'it', 'rferguson', 'is', 'part', 'of', 'a', 'white', 'supremacist', 'network', 'of', '42', 'subreddits', 'Enough']",[],17:45:33,36823
266,2014-08-20,Wed,510239,502139441524531202,7,anildash,"['Some', 'good', 'news', 'Excited', 'to', 'see', '@rypan', '@Erie', '@toddpark', '@daveman692', 'amp', 'Mikey', 'working', 'together', 'to', 'improve', 'government']",[],17:05:46,36823
267,2014-08-20,Wed,510239,502130093817626625,51,anildash,"['A', 'very', 'suspicious', 'hacker', 'who', 'uses', 'the', 'exact', 'same', 'phrasing', 'as', 'me', 'hacked', 'my', 'Twitter', 'account', 'amp', 'said', 'exactly', 'what', 'I', 'happen', 'to', 'really', 'think']",[],16:28:38,36823
268,2014-08-20,Wed,510239,502128065317974016,33,anildash,"['Seriously', 'nobodys', 'made', 'a', 'Tumblr', 'to', 'capture', 'all', 'the', 'dudes', 'who', 'say', 'I', 'was', 'hacked', 'after', 'they', 'get', 'caught', 'tweeting', 'bullshit', 'Please', 'do', 'it']",[],16:20:34,36823
269,2014-08-20,Wed,510239,502109381232963584,10,anildash,"['Replace', 'the', 'Pledge', 'of', 'Allegiance', 'with', 'Biggies', 'verse', 'on', 'the', 'remix', 'to', 'Marys', 'Real', 'Love']",[],15:06:19,36823
270,2014-08-20,Wed,510239,502093217115168768,27,anildash,"['Anyway', 'you', 'should', 'go', 'give', '@thinkup', 'a', 'try', 'A', 'small', 'portion', 'of', 'all', 'proceeds', 'go', 'to', 'me', 'trolling', 'hateful', 'rich', 'dudes']",[],14:02:06,36823
271,2014-08-20,Wed,510239,502090477458685952,5,anildash,"['Anyway', 'I', 'love', 'the', 'good', 'kind', 'people', 'who', 'have', 'my', 'back', 'every', 'day', 'and', 'I', 'appreciate', 'you', 'Weve', 'got', 'work', 'to', 'do']",[],13:51:12,36823
272,2014-08-20,Wed,510239,502086853705887745,4,anildash,"['Of', 'course', '@mp3michael', 'has', 'said', 'many', 'times', 'he', 'rejects', 'inclusion', 'efforts', 'in', 'tech', 'amp', 'resents', 'pretty', 'much', 'all', 'federal', 'laws']",[],13:36:48,36823
273,2014-08-20,Wed,510239,502086266671079425,33,anildash,"['Having', 'just', 'told', '@mp3michael', 'the', 'fact', 'that', 'black', 'dads', 'spend', 'more', 'time', 'with', 'kids', 'than', 'white', 'dads', 'we', 'can', 'now', 'expect', 'him', 'to', 'reject', 'the', 'data']",[],13:34:28,36823
274,2014-08-20,Wed,510239,502085728411856896,52,anildash,"['Some', 'days', 'even', 'I', 'cant', 'deal', 'with', 'multimillionaire', 'white', 'tech', 'guys', 'trolling', 'me', 'before', '9am', 'about', 'their', 'contempt', 'for', 'black', 'people', 'Im', 'tired']",[],13:32:20,36823
275,2014-08-20,Wed,510239,502083674066935808,8,anildash,"['Municipal', 'reliance', 'on', 'revenue', 'generated', 'from', 'traffic', 'stops', 'adds', 'pressure', 'to', 'make', 'more', 'of', 'them']",[],13:24:10,36823
276,2014-08-20,Wed,510239,501959630919311362,108,anildash,"['Dont', 'trust', 'anybody', 'who', 'isnt', 'wracked', 'by', 'the', 'ethical', 'implications', 'of', 'their', 'choices', 'every', 'day']",[],05:11:16,36823
277,2014-08-20,Wed,510239,501927460611821568,1,anildash,"['Dash', 'participated', 'in', 'two', 'prank-like', 'activities', 'that', 'gained', 'attention', 'on', 'the', 'Internet', 'LOL', 'I', 'think', 'its', 'two', 'per', 'hour', 'Wikipedia']",[],03:03:26,36823
278,2014-08-20,Wed,510239,501926064416124929,2,anildash,"['If', 'one', 'is', 'fortunate', 'enough', 'to', 'have', 'a', 'wikipedia', 'page', 'but', 'unfortunate', 'enough', 'that', 'it', 'reads', 'like', 'a', 'bot', 'wrote', 'it', 'in', '2007', 'how', 'is', 'this', 'fixed']",[],02:57:53,36823
279,2014-08-20,Wed,510239,501924445020504065,3,anildash,"['in', 'my', 'brain', 'its', 'an', 'fka', 'twigsportishead', 'mashup', 'tho']",[],02:51:27,36823
280,2014-08-20,Wed,510239,501897755204546561,30,anildash,"['Im', 'so', 'hungry', 'that', 'if', 'you', 'took', 'a', 'video', 'of', 'me', 'amp', 'this', 'rotisserie', 'chicken', 'right', 'now', 'somebody', 'would', 'be', 'shouting', 'WORLDSTAR', 'in', 'the', 'background']",[],01:05:24,36823
281,2014-08-19,Tue,510239,501877998602452992,180,anildash,"['Crisper', 'is', 'the', 'refrigerator', 'industrys', 'term', 'for', 'a', 'drawer', 'that', 'magically', 'turns', 'the', 'combination', 'of', 'neglect', 'and', 'produce', 'into', 'prison', 'wine']",[],23:46:53,36823
282,2014-08-19,Tue,510239,501855797216034818,44,anildash,"['Im', 'proud', 'of', 'my', 'heritage', 'amp', 'my', 'community', 'but', 'Indian', 'Americans', 'as', 'model', 'minorities', 'almost', 'totally', 'escape', 'criticism', 'for', 'pervasive', 'racism']",[],22:18:40,36823
283,2014-08-19,Tue,510239,501854812775141377,77,anildash,"['If', 'you', 'needed', 'a', 'reminder', 'of', 'how', 'deep', 'anti-black', 'racism', 'runs', 'in', 'the', 'south', 'asian', 'community', 'an', 'LAPD', 'cop', 'reminds', 'you']",[],22:14:46,36823
284,2014-08-19,Tue,510239,501848411596148736,13,anildash,"['The', 'ice', 'bucket', 'challenge', 'has', 'been', 'effective', 'in', 'fund', 'raising', 'yet', 'many', 'including', 'myself', 'admittedly', 'find', 'it', 'really', 'grating', 'Any', 'ideas', 'why']",[],21:49:19,36823
285,2014-08-19,Tue,510239,501842022488354816,110,anildash,"['If', 'you', 'have', 'the', 'privilege', 'to', 'be', 'able', 'to', 'pay', 'your', 'bills', 'amp', 'control', 'your', 'career', 'you', 'have', 'the', 'obligation', 'to', 'work', 'on', 'things', 'you', 'can', 'be', 'proud', 'of']",[],21:23:56,36823
286,2014-08-19,Tue,510239,501800082002698240,0,anildash,"['Courtesy', 'of', '@JustinHerman', 'an', 'overview', 'of', 'the', '@whitehouse', 'SocialGov', 'summit', 'I', 'participated', 'in']",[],18:37:17,36823
287,2014-08-19,Tue,510239,501799179564634112,7,anildash,"['Nice', '@metafilter', 'thread', 'about', 'my', 'piece', 'documenting', 'the', 'creation', 'of', 'Purple', 'Rain']",[],18:33:42,36823
288,2014-08-19,Tue,510239,501684740492369920,31,anildash,"['There', 'is', 'no', 'reason', 'This', 'doesnt', 'mJe', 'any', 'sense', '@jaketapper', 'tells', 'the', 'truth']",[],10:58:57,36823
289,2014-08-18,Mon,510239,501508247765782528,14,anildash,"['1989', 'releases', 'Do', 'The', 'Right', 'Thing', 'Nasty', 'As', 'They', 'Wanna', 'Be', '3', 'Feet', 'High', 'amp', 'Rising', 'Fight', 'the', 'Power', 'Buffalo', 'Stance']",[],23:17:38,36823
290,2014-08-18,Mon,510239,501503692558712833,44,anildash,"['Lifehack', 'Now', 'that', 'everyone', 'knows', 'you', 'shouldnt', 'use', 'your', 'email', 'inbox', 'as', 'a', 'to-do', 'list', 'you', 'should', 'instead', 'use', 'open', 'tabs', 'in', 'your', 'browser']",[],22:59:32,36823
291,2014-08-18,Mon,510239,501492880780066816,8,anildash,"['A', 'more', 'cynical', 'articulation', 'of', 'this', 'perspective', 'on', 'Obamas', 'style']",[],22:16:34,36823
292,2014-08-18,Mon,510239,501489630408376321,7,anildash,"['I', 'dont', 'apologize', 'for', 'Obamas', 'tepid', 'words', 'but', 'Id', 'note', 'his', 'presence', 'makes', 'many', 'responses', 'more', 'racist', 'The', 'goal', 'trumps', 'appeasing', 'the', 'base']",[],22:03:39,36823
293,2014-08-18,Mon,510239,501453445862555649,5,anildash,[],[],19:39:52,36823
294,2014-08-18,Mon,510239,501443628389376002,2,anildash,"['Everybody', 'needs', 'protection', 'I', 'pray', 'it', 'dont', 'pass', 'me', 'by', 'Thx', '@theroots', '@blackthought', '@questlove', '@RaheemDeVaughn']",[],19:00:52,36823
