0,2014-09-28,Sun,14168,516318328445734912,0,brianmlucey,"['why', 'oh', 'why', 'are', 'printers', 'so', 'feckin', 'tempramental', 'HP', 'has', 'now', 'decided', 'to', 'play', 'silly', 'buggers']",[],20:07:36,45114987
1,2014-09-28,Sun,14168,516157101304197120,0,brianmlucey,"['The', 'brian', 'lucey', 'Daily', 'is', 'out']",[],09:26:57,45114987
2,2014-09-27,Sat,14168,515797974434476032,0,brianmlucey,"['and', 'were', 'off', 'First', 'submissions', 'in', 'for', 'INFINITI2015', 'in', 'Ljubljana']",[],09:39:54,45114987
3,2014-09-27,Sat,14168,515794735597092864,0,brianmlucey,"['The', 'brian', 'lucey', 'Daily', 'is', 'out', 'Stories', 'via', '@willhanafin', '@sheilaoflanagan']",[],09:27:02,45114987
4,2014-09-27,Sat,14168,515783384480497665,0,brianmlucey,"['Buttonwood', 'Scrambled', 'signals', 'The', 'Economist', 'I', 'wonder', 'what', '@marcpcoleman', 'thinks', 'of', 'this']",[],08:41:56,45114987
5,2014-09-27,Sat,14168,515776771094892544,0,brianmlucey,"['Americans', 'have', 'no', 'idea', 'how', 'bad', 'inequality', 'really', 'is', 'via', '@slate']",[],08:15:39,45114987
6,2014-09-27,Sat,14168,515774847691931648,1,brianmlucey,"['When', '@WendellPierce', 'rolled', 'down', 'a', 'window', 'amp', 'a', 'cop', 'threatened', 'to', 'blow', 'his', 'head', 'off', 'By', '@realtimers', 'via', '@Upworthy']",[],08:08:00,45114987
7,2014-09-27,Sat,14168,515760768412041218,15,brianmlucey,"['my', 'thoughts', 'on', 'irish', 'water']",[],07:12:04,45114987
8,2014-09-27,Sat,14168,515756819940388864,0,brianmlucey,"['Somewhere', 'a', 'repugnican', 'strategist', 'is', 'working', 'out', 'how', 'to', 'use', 'Chelsea', 'Clintons', 'newborn', 'against', 'Hillary', 'in', 'the', 'presidential', 'election']",[],06:56:22,45114987
9,2014-09-26,Fri,14168,515432361904058368,0,brianmlucey,"['The', 'brian', 'lucey', 'Daily', 'is', 'out', 'Stories', 'via', '@lstwrd', '@marklittlenews']",[],09:27:06,45114987
10,2014-09-25,Thu,14168,515108547244589056,0,brianmlucey,"['Murder', 'or', 'at', 'least', 'reckless', 'manslaughter', 'plain', 'and', 'simple']",[],12:00:22,45114987
11,2014-09-25,Thu,14168,515069958343380993,0,brianmlucey,"['The', 'brian', 'lucey', 'Daily', 'is', 'out', 'Stories', 'via', '@Beanmimo']",[],09:27:02,45114987
12,2014-09-24,Wed,14168,514707564035325952,0,brianmlucey,"['The', 'brian', 'lucey', 'Daily', 'is', 'out', 'Stories', 'via', '@marklittlenews']",[],09:27:00,45114987
13,2014-09-23,Tue,14168,514420296950886400,3,brianmlucey,"['INFINITI', '2015', 'Call', 'for', 'papers', 'now', 'online']",[],14:25:30,45114987
14,2014-09-23,Tue,14168,514349941796667392,0,brianmlucey,"['And', 'we', 'are', 'LIVE', 'for', 'submissions', 'for', '2015', 'INFINITI', 'Conference', '@ELSFinance']",[],09:45:56,45114987
15,2014-09-23,Tue,14168,514345180540186624,0,brianmlucey,"['The', 'brian', 'lucey', 'Daily', 'is', 'out', 'Stories', 'via', '@yesscotland14']",[],09:27:01,45114987
16,2014-09-23,Tue,14168,514279741827067904,0,brianmlucey,"['The', 'saunter', 'to', 'Brexit', 'goes', 'on', 'Scottish', 'no', 'voters', 'will', 'face', 'a', 'huge', 'dilemma', 'if', 'England', 'takes', 'UK', 'out', 'of', 'EU', 'indyref2']",[],05:06:59,45114987
17,2014-09-23,Tue,14168,514279014966775808,0,brianmlucey,"['The', 'tories', 'are', 'going', 'to', 'eff', 'up', 'the', 'UK', 'constitutional', 'settlement', 'and', 'provoke', 'indyref2']",[],05:04:06,45114987
18,2014-09-22,Mon,14168,514120747636097024,3,brianmlucey,"['No-Carbon', 'energy', 'generation', 'worldwide', 'by', 'country']",[],18:35:12,45114987
19,2014-09-22,Mon,14168,514053971577954306,0,brianmlucey,"['Spelling', 'fail']",[],14:09:52,45114987
20,2014-09-22,Mon,14168,514034093164490752,0,brianmlucey,"['China', 'Clamps', 'Down', 'on', 'Web', 'Pinching', 'Companies', 'Like', 'Google', 'Dont', 'be', 'evil', 'coz', 'if', 'you', 'facilitate', 'it']",[],12:50:53,45114987
21,2014-09-22,Mon,14168,514019309484789760,2,brianmlucey,"['I', 'still', 'havent', 'gotten', 'my', '@IrishWater', 'application', 'packs', 'Its', 'bonkers', 'one', 'cannot', 'apply', 'WITH', 'A', 'NAME', 'AND', 'ADDRESS', 'online']",[],11:52:08,45114987
22,2014-09-22,Mon,14168,513982779189506048,1,brianmlucey,"['The', 'brian', 'lucey', 'Daily', 'is', 'out']",[],09:26:58,45114987
23,2014-09-22,Mon,14168,513936132456062976,7,brianmlucey,"['Hey', '@morningireland', 'that', '@ft', 'Ed', 'on', 'Ireland', 'is', 'a', 'total', 'joke', 'Its', 'risible', 'For', 'gods', 'sake', 'dont', 'give', 'it', 'credence']",[],06:21:37,45114987
24,2014-09-22,Mon,14168,513930278696267776,6,brianmlucey,"['The', 'Financial', 'Times', 'Getting', 'it', 'wrong', 'on', 'Ireland', 'and', 'how', 'via', '@brianmlucey', '@ft', '@financialtimes']",[],05:58:21,45114987
25,2014-09-21,Sun,14168,513773155597307904,10,brianmlucey,"['The', 'Financial', 'Times', 'Getting', 'it', 'wrong', 'on', 'Ireland', 'and', 'how']",[],19:34:00,45114987
26,2014-09-21,Sun,14168,513740545718366208,0,brianmlucey,"['Web', 'of', 'light', 'mount', 'usher', 'gardens', 'Wicklow']",[],17:24:25,45114987
27,2014-09-21,Sun,14168,513740098311950336,0,brianmlucey,"['Mount', 'Usher', 'Gardens', 'in', 'Ashford', 'County', 'Wicklow', 'A', 'magnificent', 'place', 'well', 'worth', 'a', 'visit']",[],17:22:38,45114987
28,2014-09-21,Sun,14168,513738275757240320,0,brianmlucey,"['Been', 'a', 'great', 'summer', 'for', 'these', 'guys']",[],17:15:24,45114987
29,2014-09-21,Sun,14168,513646423007436800,0,brianmlucey,"['Salmond', 'accuses', 'UK', 'party', 'leaders', 'of', 'tricking', 'Scotland', 'into', 'No', 'I', 'suspect', 'scotland', 'back', 'to', 'indyref2', 'within', '5', 'years']",[],11:10:24,45114987
30,2014-09-21,Sun,14168,513640527888003072,0,brianmlucey,"['Miliband', 'rejects', 'PMs', 'call', 'to', 'link', 'Scottish', 'devolution', 'to', 'English', 'reforms', 'Wheels', 'falling', 'off', 'the', 'wagon', 'already']",[],10:46:59,45114987
31,2014-09-21,Sun,14168,513620392825860097,0,brianmlucey,"['The', 'brian', 'lucey', 'Daily', 'is', 'out', 'Stories', 'via', '@michaelmiguel', '@brianmlucey']",[],09:26:58,45114987
32,2014-09-21,Sun,14168,513600792863862786,3,brianmlucey,"['Labour', 'attacks', 'constitutional', 'reform', 'proposals', 'If', 'te', 'Tories', 'go', 'back', 'on', 'their', 'promises', 'another', 'referendum', 'looms']",[],08:09:05,45114987
33,2014-09-21,Sun,14168,513577740180537345,11,brianmlucey,"['Can', 'any', 'TD', 'tell', 'us', 'why', 'we', 'dont', 'want', 'to', 'outlaw', 'Vulture', 'Funds', 'The', 'IMF', 'is', 'keen', 'to', 'knock', 'em', 'via', '@Independentie']",[],06:37:29,45114987
34,2014-09-21,Sun,14168,513576728912863232,5,brianmlucey,"['Can', '@labour', 'tell', 'us', 'why', 'Ireland', 'voted', 'agains', 'this', 'Feksake', 'the', 'IMF', 'even', 'want', 'to', 'kill', 'off', 'vulture', 'funds']",[],06:33:28,45114987
35,2014-09-21,Sun,14168,513576236128272385,4,brianmlucey,"['via', '@Independentie', 'I', 'didnt', 'see', 'this', 'reported', 'Ireland', 'voting', 'against', 'a', 'UN', 'proposal', 'to', 'kill', 'SovDebt', 'vulture', 'funds']",[],06:31:31,45114987
36,2014-09-21,Sun,14168,513574277157625856,3,brianmlucey,"['Twink', 'beyond', 'pain', 'after', 'her', 'beloved', 'Teddy', 'dog-napped', 'via', '@Independentie', 'hysterical', 'coverage']",[],06:23:44,45114987
37,2014-09-20,Sat,14168,513355984002379776,0,brianmlucey,"['Most', 'crowded', 'sandpit', 'ever']",[],15:56:18,45114987
38,2014-09-20,Sat,14168,513261791233585152,0,brianmlucey,"['Fruit', 'FAIL']",[],09:42:01,45114987
39,2014-09-20,Sat,14168,513258011104919552,0,brianmlucey,"['The', 'brian', 'lucey', 'Daily', 'is', 'out', 'Stories', 'via', '@boucherhayes']",[],09:27:00,45114987
40,2014-09-20,Sat,14168,513250096583311361,7,brianmlucey,"['who', 'does', 'this', 'lad', 'think', 'he', 'is', 'giving', 'us', 'a', 'plan', 'for', 'a', 'proper', 'cheap', 'integrated', 'public', 'transport', 'system', 'for', 'dublin']",[],08:55:33,45114987
41,2014-09-20,Sat,14168,513230867779842048,3,brianmlucey,"['Labour', 'in', 'the', 'UK', 'only', 'now', 'seem', 'to', 'realise', 'that', 'the', 'NO', 'they', 'delivered', 'may', 'have', 'gutted', 'them', 'as', 'a', 'political', 'power', 'if', 'devolution', 'goes', 'ahead']",[],07:39:08,45114987
42,2014-09-20,Sat,14168,513225564425949185,1,brianmlucey,"['Texas', 'pair', 'released', 'after', 'serving', '21', 'years', 'for', 'satanic', 'abuse', 'Jezuz', 'the', 'US', 'South', 'is', 'really', 'a', 'barbaric', 'shitehole']",[],07:18:04,45114987
43,2014-09-20,Sat,14168,513219124739457024,1,brianmlucey,"['we', 'have', 'as', 'a', 'society', 'long', 'forgotten', 'the', 'words', 'of', 'wisdom', 'of', 'this', 'paper', 'The', 'Only', 'Game', 'in', 'Town']",[],06:52:29,45114987
44,2014-09-20,Sat,14168,513217370572091392,2,brianmlucey,"['Finance', 'at', 'the', 'speed', 'of', 'light', 'vox', 'Faster', 'NOT', 'better', 'Slow', 'down', 'do', 'a', 'better', 'job']",[],06:45:30,45114987
45,2014-09-20,Sat,14168,513214793885286401,3,brianmlucey,"['Donegal', 'are', 'at', 'or', 'slightly', 'beyond', 'peak', 'whereas', 'Kerry', 'are', 'on', 'the', 'way', 'up', 'so', 'its', '1975', 'again', 'is', 'it', 'via', '@IrishTimes']",[],06:35:16,45114987
46,2014-09-19,Fri,14168,513114128094101504,2,brianmlucey,"['Sigh', 'Earlier', 'this', 'year', '@KerryOfficial', 'were', 'written', 'off', 'Gooch', 'gone', 'theyre', 'gone', 'Tomorrow', 'well', 'see', 'Donegal', 'super', 'team', 'But', 'Its', 'Sam']",[],23:55:15,45114987
47,2014-09-19,Fri,14168,512913491431546880,13,brianmlucey,"['Via', 'Seamus', 'Coffey', 'this', 'one', 'picture', 'shows', 'the', 'two', 'Irish', 'Economies', 'Domestic', 'FUBARd', 'Exports', 'Wonderful']",[],10:38:00,45114987
48,2014-09-19,Fri,14168,512895633603448832,0,brianmlucey,"['The', 'brian', 'lucey', 'Daily', 'is', 'out', 'Stories', 'via', '@JaneSuit', '@morningireland']",[],09:27:02,45114987
49,2014-09-19,Fri,14168,512843569292656640,0,brianmlucey,"['Rich', 'Irish', 'amplsquodon', 'amprsquot', 'diversify', 'assets', 'amprsquo']",[],06:00:09,45114987
50,2014-09-18,Thu,14168,512694445855088641,6,brianmlucey,"['Vividly', 'recall', 'the', 'fall', 'of', 'the', 'Berlin', 'Wall', 'and', 'the', 'collapse', 'of', 'the', 'Soviet', 'Union', 'Wonder', 'if', 'tomorrow', 'will', 'be', 'as', 'memorable', 'indyref']",[],20:07:35,45114987
51,2014-09-18,Thu,14168,512669062971670528,10,brianmlucey,"['indyref', 'Canadian', 'team', 'sees', 'Yes', 'win', 'amid', 'large', 'voter', 'turnout', 'via', '@torontostar', '54-46', 'YES', 'predicted']",[],18:26:44,45114987
52,2014-09-18,Thu,14168,512661739180007424,0,brianmlucey,"['Rumours', 'of', 'a', '@YouGov', 'exit', 'poll', 'and', 'elsewhere', 'on', 'twitter', 'indyref']",[],17:57:38,45114987
53,2014-09-18,Thu,14168,512533228667039744,0,brianmlucey,"['The', 'brian', 'lucey', 'Daily', 'is', 'out']",[],09:26:58,45114987
54,2014-09-17,Wed,14168,512302056866971648,2,brianmlucey,"['Scottish', 'independence', 'from', 'UK', 'BAD', 'Shetlandic', 'independence', 'from', 'iScotland', 'GOOD', 'So', 'sayeth', 'the', 'Torys', 'indyref']",[],18:08:23,45114987
55,2014-09-17,Wed,14168,512170854960992256,0,brianmlucey,"['The', 'brian', 'lucey', 'Daily', 'is', 'out', 'Stories', 'via', '@morningireland']",[],09:27:02,45114987
56,2014-09-17,Wed,14168,512134305951543296,0,brianmlucey,"['Found', 'frozen', 'in', 'mid', 'roadnow', 'happily', 'we', 'hope', 'snuffling', 'round', 'our', 'apple', 'trees']",[],07:01:48,45114987
57,2014-09-16,Tue,14168,511912206016192512,0,brianmlucey,"['when', 'is', 'the', 'ICM', 'indyref', 'poll', 'being', 'leaked']",[],16:19:15,45114987
58,2014-09-16,Tue,14168,511857057516257280,1,brianmlucey,"['Scots', 'diversify', 'into', 'gold', 'pre', 'indyref', 'Via', '@GoldCore']",[],12:40:07,45114987
59,2014-09-16,Tue,14168,511808470681538560,0,brianmlucey,"['The', 'brian', 'lucey', 'Daily', 'is', 'out']",[],09:27:03,45114987
60,2014-09-16,Tue,14168,511799190930743296,0,brianmlucey,"['Ban', 'opinion', 'polls', 'in', 'the', 'run-up', 'to', 'elections', 'says', 'Baroness', 'Boothroyd', 'indyref', 'dont', 'confuse', 'proles']",[],08:50:10,45114987
61,2014-09-16,Tue,14168,511765915466489856,0,brianmlucey,"['Political', 'Pledges', 'on', 'Scottish', 'powerthen', 'and', 'now', 'indyref']",[],06:37:57,45114987
62,2014-09-16,Tue,14168,511765363646660608,1,brianmlucey,"['An', 'independent', 'scotland', 'would', 'see', 'more', 'people', 'able', 'to', 'afford', 'homes', 'the', 'Sun', 'says', 'indyref']",[],06:35:45,45114987
63,2014-09-16,Tue,14168,511764839534850048,0,brianmlucey,"['Irelands', 'experience', 'of', 'Bankers', 'Focused', 'on', 'profit', 'the', 'same', 'way', 'a', 'starving', 'dog', 'focuses', 'on', 'a', 's', 'via', '@@SluggerOToole']",[],06:33:40,45114987
64,2014-09-16,Tue,14168,511762833495715840,0,brianmlucey,"['Political', 'Pledges', 'on', 'Scottish', 'powerthen', 'and', 'now']",[],06:25:42,45114987
65,2014-09-16,Tue,14168,511752799084765184,1,brianmlucey,"['Irish', 'universities', 'remain', 'amazingly', 'highly', 'ranked']",[],05:45:49,45114987
66,2014-09-16,Tue,14168,511742556221480960,7,brianmlucey,"['Images', 'from', 'the', 'last', 'time', 'these', 'Islands', 'looked', 'at', 'home', 'ruleany', 'resonances', 'indyref']",[],05:05:07,45114987
67,2014-09-16,Tue,14168,511742244978982914,1,brianmlucey,"['An', 'independent', 'Scotland', 'faces', 'a', 'banking', 'crisiswhat', 'does', 'HM', 'Treasury', 'do', 'indyref']",[],05:03:53,45114987
68,2014-09-15,Mon,14168,511595242685227009,4,brianmlucey,"['Would', 'an', 'iScotland', 'REALLY', 'be', 'on', 'its', 'own', 'with', 'its', 'banks', 'if', 'the', 'worst', 'happened', 'Maybe', 'nothttptcocfEYzH2aOj', 'indyref']",[],19:19:45,45114987
69,2014-09-15,Mon,14168,511594759224176640,0,brianmlucey,"['An', 'independent', 'Scotland', 'faces', 'a', 'banking', 'crisiswhat', 'does', 'HM', 'Treasury', 'do']",[],19:17:50,45114987
70,2014-09-15,Mon,14168,511585876313636864,0,brianmlucey,"['I', 'see', 'my', 'assiduous', 'sucking', 'up', 'online', 'to', '@TheStalwart', 'has', 'paid', 'off', 'in', 'being', 'named', 'a', 'leading', 'twit', 'by', '@businessinsider', 'Thanks', 'Joe']",[],18:42:32,45114987
71,2014-09-15,Mon,14168,511554644498452480,7,brianmlucey,"['Looking', 'at', 'David', 'Cameron', 'speech', 'from', 'outsidemessage', 'seems', 'to', 'be', 'i', 'love', 'you', 'so', 'much', 'heres', 'what', 'im', 'threatening', 'you', 'with', 'indyref']",[],16:38:26,45114987
72,2014-09-15,Mon,14168,511551518630486017,0,brianmlucey,"['indyref', 'dear', 'Mr', 'Cameron', 'Thanks', 'to', 'you', 'and', 'UK', 'taxpayers', 'for', 'takin', 'some', 'of', 'the', 'cost', 'of', 'saving', 'irish', 'banks', 'in', '2008', 'indyref']",[],16:26:00,45114987
73,2014-09-15,Mon,14168,511550517764702208,1,brianmlucey,"['indyref', 'oy', 'Cameronwho', 'are', 'the', 'british', 'lions', 'whod', 'be', 'killed', 'if', 'its', 'Yes', 'indyref', 'rugby']",[],16:22:02,45114987
74,2014-09-15,Mon,14168,511539553191346177,0,brianmlucey,"['The', 'Ethics', 'processes', 'for', 'simple', 'straightforward', 'surveys', 'are', 'now', 'so', 'onerous', 'as', 'to', 'make', 'it', 'hardly', 'worth', 'doing', 'them', 'Bureaucracy', 'gone', 'dolally']",[],15:38:28,45114987
75,2014-09-15,Mon,14168,511446081012764672,0,brianmlucey,"['The', 'brian', 'lucey', 'Daily', 'is', 'out', 'Stories', 'via', '@marklittlenews', '@CathalMacCoille']",[],09:27:02,45114987
76,2014-09-15,Mon,14168,511415124402667520,4,brianmlucey,"['Newlands', 'cross', 'a', 'gigantic', 'carpark', 'The', 'lane', 'change', 'has', 'caused', 'horrible', 'problems', '@aaroadwatch']",[],07:24:01,45114987
77,2014-09-15,Mon,14168,511400062828965888,7,brianmlucey,"['Any', 'resonance', 'in', 'these', 'images', 'from', 'the', 'last', 'home', 'rule', 'campaign', 'indyref']",[],06:24:10,45114987
78,2014-09-15,Mon,14168,511386066222608384,0,brianmlucey,"['IndyRef', 'Hmm', 'When', 'you', 'have', 'to', 'qualify', 'a', 'report', 'ad', 'being', 'from', 'a', 'particular', 'political', 'viewpoint', 'CPS', 'study', 'can', 'you', 'take', 'it', 'seriously']",[],05:28:33,45114987
79,2014-09-14,Sun,14168,511196249265950721,1,brianmlucey,"['Images', 'from', 'the', 'last', 'time', 'these', 'Islands', 'looked', 'at', 'home', 'ruleany', 'resonances', 'via', '@brianmlucey', 'indyref']",[],16:54:18,45114987
80,2014-09-14,Sun,14168,511195327714426880,2,brianmlucey,"['Images', 'from', 'the', 'last', 'time', 'these', 'Islands', 'looked', 'at', 'home', 'rule']",[],16:50:38,45114987
81,2014-09-14,Sun,14168,511111394478280704,3,brianmlucey,"['Apocalyptic', 'Utopian', 'predictions', 'rarely', 'happen', 'indyref', 'Politicians', 'of', 'all', 'stripes', 'will', 'say', 'what', 'they', 'need', 'to', 'win']",[],11:17:07,45114987
82,2014-09-14,Sun,14168,511094320162951168,0,brianmlucey,"['Why', 'are', 'NO', 'campaigners', 'on', 'social', 'media', 'so', 'very', 'very', 'touchy', 'Markedly', 'different', 'to', 'YES', 'indyref']",[],10:09:16,45114987
83,2014-09-14,Sun,14168,511083677644632064,0,brianmlucey,"['The', 'brian', 'lucey', 'Daily', 'is', 'out']",[],09:26:58,45114987
84,2014-09-14,Sun,14168,511073133978066944,6,brianmlucey,"['Stiglitz', 'there', 'is', 'no', 'basis', 'for', 'this', 'scaremongeringthis', 'is', 'not', 'just', 'about', 'money', 'via', '@heraldscotland', 'indyref']",[],08:45:05,45114987
85,2014-09-14,Sun,14168,511064951902208000,0,brianmlucey,"['seeing', 'a', 'few', 'tweets', 'on', 'indyref', 'timeline', 'about', 'fraud', 'etc', 'What', 'odds', 'someone', 'if', 'YES', 'wins', 'seeks', 'a', 'court', 'injunction']",[],08:12:34,45114987
86,2014-09-14,Sun,14168,511061660996751361,0,brianmlucey,"['I', 'read', 'a', 'lot', 'of', 'alternative', 'history', 'This', 'is', 'not', 'a', 'good', 'example', 'Reads', 'like', 'those', 'south', 'will', 'rise', 'again', 'indyref']",[],07:59:29,45114987
87,2014-09-14,Sun,14168,511053182995136513,0,brianmlucey,"['A', 'Dunkirk', 'moment', 'for', 'British', 'establishment', 'via', '@Independentie', 'Ex', 'Irish', 'Attorney', 'General', 'says', 'hed', 'vote', 'YES', 'indyref']",[],07:25:48,45114987
88,2014-09-14,Sun,14168,511041545542565888,4,brianmlucey,"['This', 'for', 'a', 'neutral', 'outsider', 'reads', 'very', 'condescending', 'indyref', '@globeandmail', 'youll', 'get', 'over', 'this', 'kiddy', 'behavior']",[],06:39:33,45114987
89,2014-09-14,Sun,14168,511041155526447104,3,brianmlucey,"['Dear', 'Scotland', 'An', 'open', 'letter', 'from', 'your', 'Canadian', 'cousins', '@globeandmail', 'give', 'it', 'time', 'youll', 'get', 'over', 'it', 'indyref']",[],06:38:00,45114987
90,2014-09-14,Sun,14168,511040963125321729,0,brianmlucey,"['Dear', 'Scotland', 'An', 'open', 'letter', 'from', 'your', 'Canadian', 'cousins', 'via', '@globeandmail', 'Sigh', 'DEVO', 'MAX', 'not', 'on', 'offer']",[],06:37:14,45114987
91,2014-09-13,Sat,14168,510889121074933760,0,brianmlucey,"['indyref', 'project', 'fear', 'needs', 'to', 'invoke', 'Ebola', 'or', 'summat']",[],20:33:52,45114987
92,2014-09-13,Sat,14168,510762327344705536,0,brianmlucey,"['indyref', 'when', 'are', 'the', 'next', 'opinion', 'polls', 'due', 'out']",[],12:10:03,45114987
93,2014-09-13,Sat,14168,510728280832765952,0,brianmlucey,"['hmm', 'twitter', 'not', 'letting', 'me', 'paste', 'anything', 'chrome', 'mac']",[],09:54:45,45114987
94,2014-09-13,Sat,14168,510721295424962560,0,brianmlucey,"['The', 'brian', 'lucey', 'Daily', 'is', 'out', 'Stories', 'via', '@davidmcw', '@DrissLamrani']",[],09:27:00,45114987
95,2014-09-13,Sat,14168,510713125545332736,0,brianmlucey,"['Society', 'Disagrees', 'Scotland', 'is', 'Better', 'Together', 'via', '@MajesticSEO', 'Really', 'interesting', 'big', 'data', 'analysis']",[],08:54:32,45114987
96,2014-09-13,Sat,14168,510697049201717248,7,brianmlucey,"['What', 'Irelands', 'crash', 'tells', 'us', 'about', 'bankers', 'views', 'on', 'Scottish', 'Independence', 'indyref']",[],07:50:39,45114987
97,2014-09-13,Sat,14168,510696633818828801,5,brianmlucey,"['What', 'Irelands', 'crash', 'tells', 'us', 'about', 'bankers', 'views', 'on', 'Scottish', 'Independence']",[],07:49:00,45114987
98,2014-09-13,Sat,14168,510680162942599168,4,brianmlucey,"['How', 'to', 'mitigate', 'the', 'next', 'recession', 'in', 'Ireland']",[],06:43:33,45114987
99,2014-09-13,Sat,14168,510679852949598209,4,brianmlucey,"['The', 'Boom', 'Bust', 'Cycle', 'in', 'political', 'promises']",[],06:42:19,45114987
100,2014-09-12,Fri,14168,510505763530215424,2,brianmlucey,"['BBC', 'News', 'Treasury', 'briefed', 'RBS', 'move', 'before', 'board', 'decision', 'indyref']",[],19:10:33,45114987
101,2014-09-12,Fri,14168,510489490339942400,6,brianmlucey,"['People', 'should', 'remember', 'about', 'banks', 'economists', 'comments', 'on', 'indyref', 'They', 'are', 'paid', 'to', 'help', 'sell', 'product', 'not', 'to', 'give', 'impartial', 'advice']",[],18:05:53,45114987
102,2014-09-12,Fri,14168,510479009432739840,0,brianmlucey,"['There', 'are', 'pro', 'and', 'con', 'for', 'YES', 'in', 'indyref', 'Makes', 'you', 'wonder', 'why', 'city', 'analysts', 'seem', 'to', 'basically', 'say', 'this']",[],17:24:14,45114987
103,2014-09-12,Fri,14168,510434962051723264,0,brianmlucey,['indyref'],[],14:29:13,45114987
104,2014-09-12,Fri,14168,510390727743139841,0,brianmlucey,"['icm', 'poll', 'really', 'shows', 'how', 'much', 'still', 'to', 'play', 'both', 'sides', 'essentially', 'even', 'indyref']",[],11:33:26,45114987
105,2014-09-12,Fri,14168,510375326120415232,1,brianmlucey,"['This', 'this', 'is', 'genius', 'indyref']",[],10:32:14,45114987
106,2014-09-12,Fri,14168,510358910541131778,0,brianmlucey,"['The', 'brian', 'lucey', 'Daily', 'is', 'out']",[],09:27:00,45114987
107,2014-09-11,Thu,14168,510069986417975297,0,brianmlucey,"['indyref', 'poll']",[],14:18:56,45114987
108,2014-09-11,Thu,14168,510021730727772160,0,brianmlucey,"['Has', 'anyone', 'used', 'Microsoft', 'CMT', 'as', 'a', 'conference', 'organiser', 'Would', 'like', 'to', 'speak', 'if', 'so', 'Blucey', 'at', 'tcdie']",[],11:07:11,45114987
109,2014-09-11,Thu,14168,509996521627344896,0,brianmlucey,"['The', 'brian', 'lucey', 'Daily', 'is', 'out', 'Stories', 'via', '@ProfJohnCrown', '@Peston']",[],09:27:00,45114987
110,2014-09-11,Thu,14168,509979186556334080,1,brianmlucey,"['So', 'the', 'details', 'on', 'INFINITI2015', 'Special', 'Issues', 'are', 'now', 'on', 'our', 'facebook', 'page', 'Glad', 'to', 'have', 'more', '@ELSFinance', 'journals']",[],08:18:07,45114987
111,2014-09-11,Thu,14168,509961055779688448,0,brianmlucey,"['@CmolloyW', '@curtainqueen', '@brianmlucey', 'Think', 'of', 'it', 'as', 'Half', 'A', 'Century', 'Better']",[],07:06:04,45114987
112,2014-09-11,Thu,14168,509953685737455616,1,brianmlucey,"['@curtainqueen', '@brianmlucey', 'Its', 'somewhere', 'around', 'a', '15', 'b', 'seconds', 'Thats', 'a', 'lot', 'of', 'ticking', 'and', 'tocking', 'You', 'dont', 'look', 'it', 'in', 'fairness']",[],06:36:47,45114987
113,2014-09-11,Thu,14168,509950601346940928,0,brianmlucey,"['@curtainqueen', '@brianmlucey', 'Incidentally', 'you', 'are', '18262', 'days', 'old', 'NumbersMan', 'Fifty', 'years', 'sounds', 'not', 'so', 'bad', 'as', 'eighteen', 'thousand']",[],06:24:32,45114987
114,2014-09-11,Thu,14168,509943022206058497,0,brianmlucey,"['Sheeshfiftieth', 'birthdaygotta', 'be', 'an', 'errorhow', 'the', 'feck', 'dd', 'that', 'happen']",[],05:54:25,45114987
115,2014-09-11,Thu,14168,509941329942822912,0,brianmlucey,"['indyref', 'so', 'long', 'as', 'bank', 'jobs', 'dont', 'leave', 'in', 'droves', 'an', 'independent', 'Scotland', 'doesnt', 'need', 'and', 'couldnt', 'afford', 'mega-banks']",[],05:47:41,45114987
116,2014-09-10,Wed,14168,509798424599101441,1,brianmlucey,"['indyref', 'here', 'about', 'three', 'minutes', 'in', 'onward', 'my', 'views', 'on', 'BBC', 're', 'Scottish', 'currency', 'options']",[],20:19:50,45114987
117,2014-09-10,Wed,14168,509695895332741120,2,brianmlucey,"['indyref', 'I', 'shall', 'be', 'in', 'Bbc4', 'at', '530', 're', 'lessons', 'for', 'a', 'Scottish', 'currency', 'from', 'the', 'irish', 'experience']",[],13:32:25,45114987
118,2014-09-10,Wed,14168,509634133392646144,1,brianmlucey,"['The', 'brian', 'lucey', 'Daily', 'is', 'out', 'Stories', 'via', '@KathleenHays', '@AnneMcGuireMP', '@EduIreland']",[],09:27:00,45114987
119,2014-09-09,Tue,14168,509447483311681536,1,brianmlucey,"['via', '@bicontributors', 'indyref']",[],21:05:19,45114987
120,2014-09-09,Tue,14168,509415075636346881,1,brianmlucey,"['these', 'figures', 'debtGDP', 'areroughly', 'in', 'line', 'with', 'high', 'European', 'averages', 'indyref']",[],18:56:33,45114987
121,2014-09-09,Tue,14168,509415020166660096,0,brianmlucey,"['Scottish', 'wealth', 'levels', 'are', 'comparable', 'to', 'that', 'of', 'the', 'UK', 'Germany', 'Ireland', 'and', 'New', 'Zealand', 'indyref']",[],18:56:19,45114987
122,2014-09-09,Tue,14168,509414971189755905,1,brianmlucey,"['At', 'the', 'same', 'time', 'a', 'large', 'part', 'of', 'this', 'activity', 'could', 'be', 're-domiciled', 'to', 'the', 'UK', 'indyref']",[],18:56:08,45114987
123,2014-09-09,Tue,14168,509414917607534593,0,brianmlucey,"['view', 'the', 'unusually', 'large', 'financial', 'sector', 'as', 'a', 'significant', 'contingent', 'risk', 'to', 'the', 'state', 'indyref', 'BUT']",[],18:55:55,45114987
124,2014-09-09,Tue,14168,509414852671328256,0,brianmlucey,"['Sct', 'would', 'be', 'hard-pressed', 'new', 'currency', 'regime', 'to', 'quickly', 'replicate', 'capital', 'markets', 'it', 'enjoys', 'today', 'indyref']",[],18:55:40,45114987
125,2014-09-09,Tue,14168,509414745188106240,3,brianmlucey,"['wealthy', 'and', 'open', 'Scottish', 'economy', 'conforms', 'with', 'typical', 'profile', 'of', 'sovereigns', 'in', 'investment-grade', 'bonds', 'indyref']",[],18:55:14,45114987
126,2014-09-09,Tue,14168,509414640917704704,0,brianmlucey,"['93', 'For', 'some', 'reason', 'this', 'S', 'ampP', 'document', 'hasnt', 'got', 'a', 'lot', 'of', 'mention', 'in', 'indyref']",[],18:54:49,45114987
127,2014-09-09,Tue,14168,509386524153360384,0,brianmlucey,"['indyref', 'YES', 'odds', 'mostly', 'shortening', 'static', 'at', '74', 'NO', 'odds', 'drifting']",[],17:03:05,45114987
128,2014-09-09,Tue,14168,509343988529508352,10,brianmlucey,"['Ex', 'President', 'of', 'the', 'EU', 'Parliament', 'just', 'opined', 'that', 'independent', 'Scotland', 'would', 'be', 'in', 'the', 'EU', 'without', 'break', 'indyref']",[],14:14:04,45114987
129,2014-09-09,Tue,14168,509342031722721281,0,brianmlucey,"['Ex', 'Euro', 'Parli', 'president', 'no', 'legal', 'means', 'nor', 'good', 'reason', 'for', 'an', 'iScotland', 'to', 'apply', 'from', 'the', 'outside', 'indyref']",[],14:06:18,45114987
130,2014-09-09,Tue,14168,509337689058181120,0,brianmlucey,"['has', 'anyone', 'ever', 'made', 'a', 'successful', 'purchase', 'on', 'the', 'most', 'godawful', 'site', 'in', 'chrisendome', '@CoillteOutdoors', 'Vilified', 'by', 'Visa', 'and', '9D', 'Mastercard']",[],13:49:02,45114987
131,2014-09-09,Tue,14168,509271748786012160,0,brianmlucey,"['The', 'brian', 'lucey', 'Daily', 'is', 'out', 'Stories', 'via', '@Noahpinion']",[],09:27:01,45114987
132,2014-09-08,Mon,14168,509022442770427905,3,brianmlucey,"['Last', 'TNS', 'indyref', 'was', 'a', '13point', 'NO', 'lead']",[],16:56:22,45114987
133,2014-09-08,Mon,14168,509017419109912577,4,brianmlucey,"['So', 'now', 'the', 'NO', 'say', 'they', 'will', 'deliver', 'Home', 'Rule', 'to', 'Scotland', 'If', 'ever', 'a', 'term', 'was', 'a', 'busted', 'flush', 'No', 'sense', 'historic', 'irony', 'indyref']",[],16:36:24,45114987
134,2014-09-08,Mon,14168,508909356864122880,1,brianmlucey,"['The', 'brian', 'lucey', 'Daily', 'is', 'out', 'Stories', 'via', '@ibecirl', '@EduIreland', '@stephenkinsella']",[],09:27:00,45114987
135,2014-09-08,Mon,14168,508861002512076800,0,brianmlucey,"['Dear', '@morningireland', 'That', 'new', 'paperfirms', 'timing', 'announcements', 'Not', 'news', 'Well', 'known']",[],06:14:51,45114987
136,2014-09-08,Mon,14168,508860014518603776,0,brianmlucey,"['indyref', 'any', 'polls', 'due', 'out', 'this', 'week', 'Surely', 'must', 'be', 'some']",[],06:10:56,45114987
137,2014-09-08,Mon,14168,508854190672969728,1,brianmlucey,"['iScotland', 'would', 'face', 'interest', 'rate', 'costs', 'of', 'between', '072', 'to', '165', 'above', 'the', 'UK', 'Hardly', 'armageddon', 'indyref']",[],05:47:47,45114987
138,2014-09-07,Sun,14168,508591509785300992,0,brianmlucey,"['So', 'when', 'is', 'next', 'indyref', 'poll']",[],12:23:59,45114987
139,2014-09-07,Sun,14168,508565672008613888,0,brianmlucey,"['Q', 're', 'indyref', 'counting', 'etc', 'When', 'is', 'it', 'where', 'is', 'it', 'central', 'or', 'decentralised', 'and', 'when', 'is', 'result', 'declaration', 'expected']",[],10:41:19,45114987
140,2014-09-07,Sun,14168,508546959544549377,1,brianmlucey,"['The', 'brian', 'lucey', 'Daily', 'is', 'out', 'Stories', 'via', '@insidehighered', '@MichaelMDowling']",[],09:26:58,45114987
141,2014-09-07,Sun,14168,508534651879956481,1,brianmlucey,"['New', 'low', 'in', 'indyref', 'YES', 'odds', '1611', 'now']",[],08:38:03,45114987
142,2014-09-07,Sun,14168,508531629015728129,0,brianmlucey,"['Odds', 'now', 'heading', 'towards', 'evens', 'for', 'YES', 'in', 'indyref', '85', 'in', 'some', 'places']",[],08:26:03,45114987
143,2014-09-07,Sun,14168,508530845129273345,1,brianmlucey,"['Panicking', 'Tory', 'MPs', 'demand', 'Farage', 'made', 'Deputy', 'PM', 'in', 'Ukip', 'deal', 'And', 'people', 'would', 'want', 'to', 'stay', 'there', 'why', 'indyref']",[],08:22:56,45114987
144,2014-09-07,Sun,14168,508524633243783168,7,brianmlucey,"['If', 'its', 'a', 'YES', 'in', 'indyref', 'the', 'Scottish', 'rUK', 'border', 'will', 'look', 'like', 'this', 'Roi-NI', 'at', 'belcoo', 'OMG', 'THE', 'HORROR']",[],07:58:15,45114987
145,2014-09-07,Sun,14168,508507799673118720,0,brianmlucey,"['indyref', 'yes', 'odds', 'now', 'down', 'below', '21', 'at', '74']",[],06:51:21,45114987
146,2014-09-06,Sat,14168,508234816224231424,0,brianmlucey,"['Odds', 'on', 'YES', 'indyref', 'now', 'drifting', 'to', '3210', 'lowest', 'I', 'have', 'seen']",[],12:46:37,45114987
147,2014-09-06,Sat,14168,508227304204419073,0,brianmlucey,"['Organic', 'pork', 'sausages', 'w', 'apple', 'blossom', 'honey', 'and', 'whiskey', 'rough', 'mustard']",[],12:16:46,45114987
148,2014-09-06,Sat,14168,508198786838327297,0,brianmlucey,"['Sighat', 'least', 'they', 'spelt', 'Fruit', 'correctly', 'Good', 'job', 'Tesco']",[],10:23:27,45114987
149,2014-09-06,Sat,14168,508184584270258177,0,brianmlucey,"['The', 'brian', 'lucey', 'Daily', 'is', 'out']",[],09:27:01,45114987
150,2014-09-06,Sat,14168,508163013242003456,0,brianmlucey,"['Red', 'lentil', 'dhal', 'and', 'lamb', 'tagine', 'all', 'ready', 'for', 'the', 'party', 'guests']",[],08:01:18,45114987
151,2014-09-05,Fri,14168,507883343824707584,1,brianmlucey,"['walled', 'in', 'via', '@AnneFitzPhotos']",[],13:29:59,45114987
152,2014-09-05,Fri,14168,507822194903089153,0,brianmlucey,"['The', 'brian', 'lucey', 'Daily', 'is', 'out', 'Stories', 'via', '@rtenews']",[],09:27:00,45114987
153,2014-09-05,Fri,14168,507819042787184640,0,brianmlucey,"['Latest', 'Scottish', 'Independence', 'Referendum', 'Odds', '@Oddschecker', 'Politics', 'Betting']",[],09:14:29,45114987
154,2014-09-05,Fri,14168,507812906210054144,2,brianmlucey,"['is', 'wine', 'a', 'good', 'investment', 'This', 'paper', 'forthcoming', 'in', 'an', '@ELSFinance', 'journal', 'RIBAF', 'suggests', 'it', 'is']",[],08:50:06,45114987
155,2014-09-05,Fri,14168,507772482968117248,0,brianmlucey,"['ff', '@HurdyGurdyRadio']",[],06:09:28,45114987
156,2014-09-05,Fri,14168,507759283929628672,3,brianmlucey,"['I', 'notice', 'lots', 'of', 'very', 'wealthy', 'people', 'are', 'AGAINST', 'Scottish', 'independence', 'Makes', 'you', 'think', 'indyref']",[],05:17:01,45114987
157,2014-09-05,Fri,14168,507754294821814272,9,brianmlucey,"['The', 'Anglo', 'promissory', 'notes', 'The', 'gift', 'that', 'keeps', 'on', 'taking', 'Gov', 'should', 'have', 'walked', 'away', 'in', '2011', 'but', 'bottled']",[],04:57:12,45114987
158,2014-09-04,Thu,14168,507459794144227328,1,brianmlucey,"['The', 'brian', 'lucey', 'Daily', 'is', 'out', 'Stories', 'via', '@oceanclub', '@ibexsalad', '@rszbt']",[],09:26:57,45114987
159,2014-09-04,Thu,14168,507430192705331200,0,brianmlucey,"['Guess', 'the', 'spellchecker', 'must', 'have', 'been', 'off', 'that', 'day']",[],07:29:20,45114987
160,2014-09-04,Thu,14168,507390381965991936,6,brianmlucey,"['Noonan', 'Says', 'ESM', 'Deal', 'on', 'Bank', 'Debt', 'No', 'Longer', 'as', 'Attractive', 'Bloomberg', 'via', '@BloombergNews', 'Wasnt', 'this', 'a', 'seismic', 'shift']",[],04:51:08,45114987
161,2014-09-03,Wed,14168,507193291029639170,0,brianmlucey,"['@celaV', '@deshocks', 'Ah', 'Thought', 'you', 'got', 'no', 'answer', 'Yesme', 'also', 'Sad', 'to', 'see', 'D', 'jumping', 'on', 'the', 'teacher', 'bashing', 'wagon']",[],15:47:58,45114987
162,2014-09-03,Wed,14168,507186117066883072,1,brianmlucey,"['Today', 'we', 'got', 'a', 'spamFax', 'in', 'the', 'School', 'Advertising', 'Xmas', 'Shopping', 'trips', 'to', 'NYC', 'and', 'Toronto', 'Yes', 'the', 'madness', 'has', 'returned', 'neverlearn']",[],15:19:28,45114987
163,2014-09-03,Wed,14168,507097415904948224,0,brianmlucey,"['The', 'brian', 'lucey', 'Daily', 'is', 'out', 'Stories', 'via', '@IrishDebate']",[],09:27:00,45114987
164,2014-09-03,Wed,14168,507077639908364288,1,brianmlucey,"['BOOM', 'indyref', 'odds', 'on', 'a', 'yes', 'now', 'hitting', '21', 'Astounding', 'shortening', 'over', 'the', 'last', 'week']",[],08:08:25,45114987
165,2014-09-03,Wed,14168,507062359580758016,0,brianmlucey,"['The', 'official', 'Transport', 'for', 'London', 'training', 'manual', 'Via', '@corconian']",[],07:07:41,45114987
166,2014-09-03,Wed,14168,507042097854447616,4,brianmlucey,"['Goodbodys', 'predicts', 'rising', 'house', 'prices', 'for', 'many', 'years', 'Irish', 'Examiner', 'That', 'cant', 'be', 'good', 'The', 'madness', 'returns']",[],05:47:11,45114987
167,2014-09-02,Tue,14168,506881598814707713,1,brianmlucey,"['Re', 'Ollie', 'Rhen', 'on', 'lack', 'of', 'a', 'central', 'bank', 'IF', 'Scotland', 'goes', 'independent', 'they', 'should', 'just', 'use', 'the', 'Euro', 'not', 'Stg', 'Job', 'done', 'indyref']",[],19:09:25,45114987
168,2014-09-02,Tue,14168,506875094099324928,1,brianmlucey,"['So', 'the', 'odds', 'continue', 'to', 'change', 'Scotland', 'to', 'vote', 'for', 'independence', 'now', '52', 'on', 'most', 'bookies', 'indyref', 'Was', '51', '10', 'days', 'ago', '41', 'a', 'week']",[],18:43:34,45114987
169,2014-09-02,Tue,14168,506735114639130624,1,brianmlucey,"['The', 'brian', 'lucey', 'Daily', 'is', 'out', 'Stories', 'via', '@boucherhayes', '@willhanafin']",[],09:27:20,45114987
170,2014-09-02,Tue,14168,506693489258926080,3,brianmlucey,"['indyref', 'odds', 'on', 'yes', 'now', 'below', '31', 'on', 'some', 'leading', 'sites']",[],06:41:56,45114987
171,2014-09-01,Mon,14168,506443245334061056,0,brianmlucey,"['Odds', 'on', 'Sexit', 'are', 'shortening', 'Will', 'Sexit', 'precipitate', 'brexit', 'indyref']",[],14:07:33,45114987
172,2014-09-01,Mon,14168,506372720788242432,1,brianmlucey,"['The', 'brian', 'lucey', 'Daily', 'is', 'out', 'Stories', 'via', '@MikeLyons1956', '@PantiBliss', '@DonalOKeeffe']",[],09:27:19,45114987
173,2014-09-01,Mon,14168,506325260464324610,3,brianmlucey,"['Shocking', 'Foreign', 'troops', 'invading', 'forced', 'population', 'transfers', 'land', 'grabs', 'enough', 'about', 'Israel', 'Putin', 'eh', 'how', 'bad', 'is', 'he', '@morningireland']",[],06:18:43,45114987
174,2014-08-31,Sun,14168,506140482838478848,2,brianmlucey,"['good', 'to', 'seeSindo', 'identifing', 'the', 'true', 'cause', 'of', 'poverty', 'too', 'many', 'fags', 'and', 'too', 'much', 'booze', 'and', 'chips', 'dont', 'forget']",[],18:04:29,45114987
175,2014-08-31,Sun,14168,506053039133040640,0,brianmlucey,"['odds', 'on', 'a', 'YES', 'for', 'indyref', 'now', 'firy', 'in', 'three', 'to', 'one', 'down', 'from', 'five', 'to', 'one', 'for', 'most', 'of', 'the', 'time']",[],12:17:01,45114987
176,2014-08-31,Sun,14168,506010319983239169,0,brianmlucey,"['The', 'brian', 'lucey', 'Daily', 'is', 'out', 'Stories', 'via', '@paddycosgrave']",[],09:27:16,45114987
177,2014-08-31,Sun,14168,505981822854262784,0,brianmlucey,"['Front', 'page', 'of', 'Sunday', 'Indo', 'online', 'has', 'a', 'big', 'splashy', 'video', 'on', 'Yankee', 'PaddedBall', 'A', 'teeny', 'tiny', 'link', 'on', 'mayovkerry']",[],07:34:01,45114987
178,2014-08-31,Sun,14168,505976263899492352,1,brianmlucey,"['Scottish', 'independence', 'plans', 'amateurish', 'general', 'English', 'generals', 'mutinied', 'against', 'irish', 'independence', 'indyref']",[],07:11:56,45114987
179,2014-08-31,Sun,14168,505976146685472769,1,brianmlucey,"['Scottish', 'independence', 'plans', 'amateurish', 'general', 'surely', 'serving', 'officers', 'shouldnt', 'get', 'into', 'politics', 'indyref']",[],07:11:28,45114987
180,2014-08-31,Sun,14168,505974363922112512,0,brianmlucey,"['so', 'an', 'hour', 'of', 'email', 'and', 'commentary', 'to', 'PhD', 'students', 'done', 'Great', 'to', 'be', 'a', 'lazyacademic', 'Sure', 'what', 'are', 'sunny', 'sunday', 'mornings', 'for', 'if', 'not', 'that']",[],07:04:23,45114987
181,2014-08-31,Sun,14168,505956237599834112,5,brianmlucey,"['Rickets', 'returns', 'as', 'poor', 'families', 'find', 'healthy', 'diets', 'unaffordable', 'Tory', 'Britain', 'in', 'C21', 'indyref']",[],05:52:21,45114987
182,2014-08-30,Sat,14168,505783399391723520,0,brianmlucey,"['kerryvmayo', 'right', 'result', 'but', 'my', 'stars', 'what', 'a', 'game', 'and', 'what', 'a', 'team', 'are', 'Mayo']",[],18:25:34,45114987
183,2014-08-30,Sat,14168,505783048865341440,0,brianmlucey,"['kerryvmayo', 'right', 'decision', 'to', 'send', 'off']",[],18:24:10,45114987
184,2014-08-30,Sat,14168,505782323686948864,0,brianmlucey,"['kerryvmayo', 'almost', 'want', 'mayo', 'get', 'a', 'equaliser', 'last', 'kickalmost']",[],18:21:17,45114987
185,2014-08-30,Sat,14168,505781929430749184,1,brianmlucey,"['kerryvmayo', 'ugly']",[],18:19:43,45114987
186,2014-08-30,Sat,14168,505781561825185792,0,brianmlucey,"['kerryvmayo', 'superlative', 'defence', 'there']",[],18:18:15,45114987
187,2014-08-30,Sat,14168,505781387014971392,0,brianmlucey,"['kerryvmayo', 'thank', 'you', 'all', 'the', 'godsnearly', 'there']",[],18:17:34,45114987
188,2014-08-30,Sat,14168,505781152003932161,1,brianmlucey,"['kerryvmayo', 'how', 'many', 'more', 'aeons', 'left']",[],18:16:38,45114987
189,2014-08-30,Sat,14168,505777282171277313,1,brianmlucey,"['@TweetAfton', 'What', 'happens', 'if', 'its', 'level', 'after', 'ET', 'KerryvMayo', 'Mass', 'Fekin', 'Coronaries']",[],18:01:15,45114987
190,2014-08-30,Sat,14168,505663854198931456,4,brianmlucey,"['Why', 'do', 'we', 'hate', 'teachers', 'via', '@brianmlucey', 'For', 'the', 'time', 'that', 'is', 'in', 'it', 'an', 'oldie', 'but', 'a', 'goodie']",[],10:30:32,45114987
191,2014-08-30,Sat,14168,505647931991810048,0,brianmlucey,"['The', 'brian', 'lucey', 'Daily', 'is', 'out']",[],09:27:16,45114987
192,2014-08-30,Sat,14168,505638205719576577,0,brianmlucey,"['err', 'where', 'is', 'this', 'decent', 'weather', 'wetter', 'than', 'an', 'otters', 'oxter', 'here', 'in', 'sallins', 'and', 'cold']",[],08:48:37,45114987
193,2014-08-30,Sat,14168,505634230098219008,0,brianmlucey,"['Need', '@MichaelMDowling', 'to', 'interpret', 'this', 'but', 'seems', 'to', 'me', 'odds', 'on', 'YES', 'in', 'indyref', 'have', 'gone', 'in', 'last', '2w', '51', 'to', '31']",[],08:32:49,45114987
194,2014-08-30,Sat,14168,505624120584065025,5,brianmlucey,"['My', 'thoughts', 'on', 'capital', 'spending', 'railroads', 'and', 'the', 'pharaonic', 'urgehttptcoKxqfILUcBN']",[],07:52:39,45114987
195,2014-08-30,Sat,14168,505622481244553217,13,brianmlucey,"['Pic', 'of', 'the', 'Week', 'ht', '@WingsScotland', 'Cameronerr', 'well', 'indyref']",[],07:46:08,45114987
196,2014-08-30,Sat,14168,505621582014738432,3,brianmlucey,"['Railroading', 'capital', 'spending']",[],07:42:33,45114987
197,2014-08-29,Fri,14168,505442023152046080,0,brianmlucey,"['Dear', 'godI', 'just', 'now', 'stumbled', 'into', 'the', 'is', 'Michelle', 'Obama', 'a', 'man', 'conspiracy', 'sites', 'The', 'USA', 'is', 'so', 'so', 'fubard']",[],19:49:03,45114987
198,2014-08-29,Fri,14168,505320164947427328,0,brianmlucey,"['@businessinsider', 'Russia', 'has', 'now', 'closed', '12', 'McDonalds', 'Yah', 'thats', 'going', 'to', 'remove', 'sanctions']",[],11:44:50,45114987
199,2014-08-29,Fri,14168,505299221914718208,3,brianmlucey,"['What', 'Lies', 'beneath', 'Civil', 'and', 'public', 'service', 'pay', 'again']",[],10:21:37,45114987
200,2014-08-29,Fri,14168,505285562652446720,0,brianmlucey,"['The', 'brian', 'lucey', 'Daily', 'is', 'out', 'Stories', 'via', '@DavidKeo']",[],09:27:20,45114987
201,2014-08-29,Fri,14168,505256603659300864,0,brianmlucey,"['Happy', 'man']",[],07:32:16,45114987
202,2014-08-29,Fri,14168,505239803580153856,1,brianmlucey,"['Theres', 'Seamus', 'Coffee', 'confusing', 'apples', 'vat', 'with', 'kumquats', 'commercial', 'rates', '@morningireland', 'trying', 'to', 'skewer', 'NERI', 'report', 'on', 'tax']",[],06:25:30,45114987
203,2014-08-29,Fri,14168,505235349703233536,11,brianmlucey,"['Tories', 'to', 'Scotland', 'Vote', 'no', 'to', 'stay', 'in', 'the', 'EU', 'Tories', 'to', 'England', 'Vote', 'yes', 'to', 'us', 'to', 'leave', 'EU', 'indyref', 'confused', 'dot', 'com']",[],06:07:48,45114987
204,2014-08-29,Fri,14168,505234363865653249,0,brianmlucey,"['@DavidKeo', 'Negative', 'eonia', 'whod', 'have', 'thunk', 'it', 'Still', 'inflation', 'is', 'low', 'so', '@ecb', 'happy']",[],06:03:53,45114987
205,2014-08-29,Fri,14168,505233614641299456,1,brianmlucey,"['@DavidKeo', 'Jesus', 'H', 'Christ', 'And', 'I', 'mean', 'that', 'Nutzoid', 'American', 'talisman', 'yeehaw', 'Funny', 'if', 'not', 'so', 'dangerous']",[],06:00:55,45114987
206,2014-08-29,Fri,14168,505227305657327616,1,brianmlucey,"['Scotland', 'It', 'would', 'be', 'worth', 'vote', 'for', 'independent', 'just', 'to', 'see', 'the', 'Daily', 'Mail', 'and', 'Express', 'melt', 'down', 'in', 'puce', 'gibbering', 'rage', 'indyref']",[],05:35:51,45114987
207,2014-08-29,Fri,14168,505225312582385664,0,brianmlucey,"['Winter', 'is', 'coming']",[],05:27:55,45114987
208,2014-08-29,Fri,14168,505222536016429056,1,brianmlucey,"['Getting', 'real', '@IanFraser', 'Tomorrows', '@DailyMailUK', 'front', 'page', 'Scottish', 'ed', 'Yes', '47', 'No', '53', 'indyref']",[],05:16:53,45114987
209,2014-08-28,Thu,14168,505035432556777472,0,brianmlucey,"['Id', 'say', '@psneeze', 'is', 'mad', 'jealous', 'bintag']",[],16:53:24,45114987
210,2014-08-28,Thu,14168,505034202212237312,0,brianmlucey,"['Oh', 'I', 'bet', '@psneeze', 'would', 'love', 'this', 'The', 'big', '03', 'for', 'Samlet', 'the', 'presents', 'commence']",[],16:48:31,45114987
211,2014-08-28,Thu,14168,504986636287868928,0,brianmlucey,"['Nice', 'shinymobile', 'outside', 'school', 'of', 'Mathematics', 'today']",[],13:39:30,45114987
212,2014-08-28,Thu,14168,504923160152924160,0,brianmlucey,"['The', 'brian', 'lucey', 'Daily', 'is', 'out']",[],09:27:17,45114987
213,2014-08-28,Thu,14168,504879896368541697,7,brianmlucey,"['Newly', 'branded', 'Maynooth', 'University', 'plans', 'radical', 'reform', 'of', 'curriculum', 'via', '@IrishTimes', 'Great', 'idea', 'Devil', 'in', 'detail']",[],06:35:22,45114987
214,2014-08-27,Wed,14168,504737440599650304,0,brianmlucey,"['There', 'seems', 'to', 'be', 'something', 'about', 'irish', 'expats', 'with', 'Malaysia', 'connectionscome', 'across', 'to', 'me', 'as', 'very', 'bitter']",[],21:09:18,45114987
215,2014-08-27,Wed,14168,504654588293943296,0,brianmlucey,"['fillign', 'in', 'a', 'Horizon2020', 'application', 'for', 'the', 'EU', 'holy', 'crap', 'why', 'request', 'the', 'same', 'thing', 'three', 'times']",[],15:40:04,45114987
216,2014-08-27,Wed,14168,504597406605127680,0,brianmlucey,"['Its', 'not', 'just', 'Winter', 'is', 'coming', 'Given', 'to', 'prof', 'Jr', 'today']",[],11:52:51,45114987
217,2014-08-27,Wed,14168,504594311099330560,0,brianmlucey,"['Surprised', 'that', 'many', 'believe', 'in', 'germtheory', '@voxdotcom', '40', 'Americans', 'fear', 'an', 'Ebola', 'outbreak', 'in', 'the', 'US']",[],11:40:33,45114987
218,2014-08-27,Wed,14168,504581891824295937,2,brianmlucey,"['Are', 'bubbles', 'froth', '@thejournalie', 'A', 'frothy', 'prop', 'market', 'as', 'prices', 'up', '134', 'PicCSO']",[],10:51:12,45114987
219,2014-08-27,Wed,14168,504561901482037248,1,brianmlucey,"['maybe', '@lawlessj', 'with', 'his', 'new', 'power', 'can', 'get', '@KildareStreet', 'to', 'ANSWER', 'THE', 'PHONE', 'OR', 'get', 'a', 'freephone', 'number', '12m', 'and', 'waiting', 'Fcuk', 'that']",[],09:31:46,45114987
220,2014-08-27,Wed,14168,504560787407769601,0,brianmlucey,"['The', 'brian', 'lucey', 'Daily', 'is', 'out', 'Stories', 'via', '@FrancesCoppola', '@GTCost', '@decjordan']",[],09:27:20,45114987
221,2014-08-27,Wed,14168,504560068105601024,1,brianmlucey,"['Dear', '@KildareCoCo', 'if', 'you', 'value', 'my', 'call', 'you', 'would', 'put', 'in', 'place', 'an', 'option', 'to', 'enter', 'a', 'number', 'for', 'a', 'call', 'back', 'I', 'guess', 'you', 'dont', 'really']",[],09:24:29,45114987
222,2014-08-27,Wed,14168,504559274530734080,0,brianmlucey,"['if', '@kildarecoco', 'have', 'undertaken', 'a', 'data', 'matching', 'with', '@RevenueIE', 'on', 'who', 'owes', 'NPPR', 'they', 'might', 'want', 'to', 'check', 'PR', 'vs', 'NPPR']",[],09:21:19,45114987
223,2014-08-27,Wed,14168,504557335822757890,0,brianmlucey,"['Dear', '@KildareCoCo', 'My', 'PRINCIPLE', 'PRIVATE', 'RESIDENCE', 'on', 'which', 'I', 'pay', 'household', 'charge', 'is', 'NOT', 'liable', 'for', 'NPPR', 'Stop', 'saying', 'it', 'is']",[],09:13:37,45114987
224,2014-08-27,Wed,14168,504554417522507777,2,brianmlucey,"['cyberquatting', 'on', 'a', 'government', 'owned', 'and', 'taxpayer', 'funded', 'webdomainhttptcoXD15kgVAVZ', 'Adoption', 'board', 'site', 'now', 'selling', 'car', 'parts']",[],09:02:01,45114987
225,2014-08-27,Wed,14168,504546374646394881,2,brianmlucey,"['What', 'a', 'mess']",[],08:30:04,45114987
226,2014-08-27,Wed,14168,504534806357889024,0,brianmlucey,"['having', 'shut', 'down', 'in', 'effect', 'ICA', 'for', 'kids', 'lt4', 'Adoption', 'Authority', 'now', 'wants', 'to', 'impose', 'age', 'limit', 'on', 'parents', 'Catch', '22']",[],07:44:06,45114987
227,2014-08-27,Wed,14168,504534291250806784,1,brianmlucey,"['Watchdog', 'calls', 'for', 'age', 'limit', 'for', 'adoptive', 'parents', 'Independentie', 'via', '@Independentie', 'Gobdaws', 'Fecking', 'gobdaws']",[],07:42:03,45114987
228,2014-08-26,Tue,14168,504352771643277312,0,brianmlucey,"['More', 'Church', 'Island', 'photos', 'taken', 'by', 'S-n-law']",[],19:40:45,45114987
229,2014-08-26,Tue,14168,504351379079856128,0,brianmlucey,"['Some', 'pictures', 'of', 'Mary', 'Fitzpatrick', 'and', 'Sam', 'with', 'Marys', 'sister', 'Anne', 'on', 'a', 'trip', 'to', 'Church', 'Island', 'Waterville']",[],19:35:13,45114987
230,2014-08-26,Tue,14168,504302735425277952,0,brianmlucey,"['When', 'is', 'the', 'next', 'opinion', 'poll', 'on', 'Scottish', 'referendum', 'due']",[],16:21:56,45114987
231,2014-08-26,Tue,14168,504198401198927872,0,brianmlucey,"['The', 'brian', 'lucey', 'Daily', 'is', 'out', 'Stories', 'via', '@Noahpinion', '@jaywilk']",[],09:27:21,45114987
232,2014-08-26,Tue,14168,504196299521286144,0,brianmlucey,"['Hard', 'to', 'think', 'this', 'was', 'just', 'taken', 'last', 'week', 'in', 'South', 'Kerry']",[],09:18:59,45114987
233,2014-08-26,Tue,14168,504146426138353664,0,brianmlucey,"['Chart', 'Putins', 'Food', 'Import', 'Ban', 'Is', 'Having', 'High-Price', 'Consequences', 'Statista', 'via', '@StatistaCharts', 'Good', 'Job', 'Vlad']",[],06:00:49,45114987
234,2014-08-26,Tue,14168,504143222923202562,2,brianmlucey,"['Scottish', 'independence', 'Stiglitz', 'attacks', 'No', 'camp', 'The', 'Scotsman', 'Another', 'boost', 'for', 'independence']",[],05:48:05,45114987
235,2014-08-26,Tue,14168,504142468993253376,2,brianmlucey,"['betting', 'markets', 'showing', 'distinct', 'move', 'towards', 'independence', 'after', 'latest', 'scottish', 'debate', 'Still', '4', 'or', '35', 'to', '1', 'but', 'going', 'YES', 'direction']",[],05:45:05,45114987
236,2014-08-25,Mon,14168,503836005146050560,2,brianmlucey,"['The', 'brian', 'lucey', 'Daily', 'is', 'out', 'Stories', 'via', '@rszbt']",[],09:27:19,45114987
237,2014-08-25,Mon,14168,503815910503636992,0,brianmlucey,"['7', 'things', 'we', 'know', 'about', 'gold', 'via', '@brianmlucey']",[],08:07:28,45114987
238,2014-08-25,Mon,14168,503802904801599488,4,brianmlucey,"['It', 'seems', 'this', 'is', 'no', 'country', 'for', 'old', 'women']",[],07:15:47,45114987
239,2014-08-24,Sun,14168,503473606664650752,0,brianmlucey,"['The', 'brian', 'lucey', 'Daily', 'is', 'out', 'Stories', 'via', '@minihanmary']",[],09:27:16,45114987
240,2014-08-24,Sun,14168,503439342744788992,2,brianmlucey,"['Ireland', 'must', 'stay', 'a', 'step', 'ahead', 'on', 'R', 'ampD', 'perks', 'via', '@Independentie', 'Moar', 'Tax', 'Breaks', 'the', 'special', 'interests', 'roar']",[],07:11:07,45114987
241,2014-08-24,Sun,14168,503437306389204993,10,brianmlucey,"['Political', 'cowardice', 'replaces', 'conscience', 'Independentie', 'via', '@Independentie', 'As', 'ever', 'Gene', 'hits', 'the', 'nail', 'on', 'the', 'head']",[],07:03:01,45114987
242,2014-08-24,Sun,14168,503436399916621824,0,brianmlucey,"['Hmm', '@campaignforleo', 'hasnt', 'read', 'the', 'constitution', 'Its', 'not', 'his', 'health', 'budget', 'nor', 'his', 'to', 'decide']",[],06:59:25,45114987
243,2014-08-24,Sun,14168,503435072813289473,10,brianmlucey,"['Saudi', 'Arabia', 'criticises', 'Norway', 'over', 'human', 'rights', 'record', 'HAHAHAHAHHA', 'From', 'a', 'state', 'that', 'beheads', 'and', 'crucifies']",[],06:54:09,45114987
244,2014-08-23,Sat,14168,503111217951834112,0,brianmlucey,"['The', 'brian', 'lucey', 'Daily', 'is', 'out', 'Stories', 'via', '@raluca3000', '@JoeHumphreys42']",[],09:27:16,45114987
245,2014-08-23,Sat,14168,503073464261947392,3,brianmlucey,"['Ferguson', 'officer', 'relieved', 'of', 'duty', 'after', 'black', 'little', 'perverts', 'video', 'surfaces', 'Praise', 'the', 'LOOOORD', 'and', 'pass', 'the', 'ammo']",[],06:57:15,45114987
246,2014-08-22,Fri,14168,502748853800828928,0,brianmlucey,"['The', 'brian', 'lucey', 'Daily', 'is', 'out', 'Stories', 'via', '@lstwrd']",[],09:27:22,45114987
247,2014-08-22,Fri,14168,502704973193678848,2,brianmlucey,"['7', 'things', 'we', 'know', 'about', 'Gold', 'gold']",[],06:33:00,45114987
248,2014-08-21,Thu,14168,502535264955150337,1,brianmlucey,"['The', 'unbelievable', 'unknowable', 'wealth', 'of', 'the', 'worlds', 'super-rich', 'via', '@slate']",[],19:18:38,45114987
249,2014-08-21,Thu,14168,502502298430767104,2,brianmlucey,"['Inflation', 'stable', 'tho', 'RT', '@prospectuk', 'IT', 'back', 'in', 'recession', 'ESP', 'unemployment', 'rate', 'i', 'lshocking', 'even', 'DE', 'is', 'stalling']",[],17:07:38,45114987
250,2014-08-21,Thu,14168,502502064963223552,0,brianmlucey,"['And', 'no', 'thats', 'NOT', 'equating', 'Ferguson', 'police', 'with', 'isis']",[],17:06:42,45114987
251,2014-08-21,Thu,14168,502501917453717504,1,brianmlucey,"['If', 'its', 'illegal', 'to', 'viewshare', 'the', 'killing', 'of', 'a', 'journalist', 'by', 'isis', 'why', 'isnt', 'it', 'to', 'so', 'do', 'the', 'killing', 'of', 'a', 'black', 'man', 'by', 'Ferguson', 'police']",[],17:06:07,45114987
252,2014-08-21,Thu,14168,502499024940072961,2,brianmlucey,"['English', 'voters', 'want', 'Scottish', 'spending', 'cut', 'after', 'no', 'vote', 'survey', 'shows', 'Politics', 'The', 'Guardian', 'Be', 'warned', 'Scotland']",[],16:54:38,45114987
253,2014-08-21,Thu,14168,502488112530857984,0,brianmlucey,"['Cop', 'In', 'Ferguson', 'To', 'Protestors', 'I', 'Will', 'F', 'king', 'Kill', 'You', 'VIDEO', 'via', '@blackvoices']",[],16:11:16,45114987
254,2014-08-21,Thu,14168,502411126580465664,2,brianmlucey,"['most', 'saturday', 'nights', 'in', 'most', 'towns', 'in', 'Ireland', 'cops', 'face', 'this', 'sort', 'of', 'person', 'They', 'DO', 'NOT', 'GUN', 'THEM', 'DOWN', 'US', 'tweeps']",[],11:05:21,45114987
255,2014-08-21,Thu,14168,502410820677292032,1,brianmlucey,"['How', 'often', 'are', 'UK', 'or', 'Irish', 'police', 'confronted', 'with', 'a', 'disturbed', 'man', 'wielding', 'a', 'knife', 'Lots', 'How', 'often', 'do', 'they', 'kill', 'few']",[],11:04:08,45114987
256,2014-08-21,Thu,14168,502407875248275456,6,brianmlucey,"['A', 'man', 'a', 'knife', 'shot', '12', 'times', 'US', 'police', 'have', 'NO', 'other', 'recouse', 'than', 'empty', 'a', 'clip', 'no', 'tazers', 'no', 'asp', 'batons', 'nothing']",[],10:52:26,45114987
257,2014-08-21,Thu,14168,502407403678478336,2,brianmlucey,"['shocking', 'black', 'Man', 'slain', 'in', 'broad', 'daylight', 'by', 'US', 'police', '12', 'shots', 'He', 'is', 'clearly', 'not', 'a', 'threat']",[],10:50:33,45114987
258,2014-08-21,Thu,14168,502397331862736896,1,brianmlucey,"['have', 'to', 'love', 'irish', 'customer', 'service', 'Relative', 'cancels', 'something', 'for', 'h', 'amps', 'fears', 'Now', 'company', 'reporting', 'to', 'cops', 'for', 'bullying', 'defamation']",[],10:10:32,45114987
259,2014-08-21,Thu,14168,502386415481937922,0,brianmlucey,"['The', 'brian', 'lucey', 'Daily', 'is', 'out']",[],09:27:10,45114987
260,2014-08-21,Thu,14168,502338824752865281,6,brianmlucey,"['Gort-Tuam', 'link', 'set', 'to', 'become', 'another', 'Irish', 'ghost', 'motorway', 'When', 'people', 'whine', 'about', 'public', 'sector', 'pay', 'think', 'of', 'this']",[],06:18:03,45114987
261,2014-08-21,Thu,14168,502335343790919681,2,brianmlucey,"['Tory', 'voters', 'RT', '@newscientist', 'There', 'are', 'signs', 'that', 'IQs', 'have', 'begun', 'to', 'fall', 'in', 'UK', 'and', 'Australia']",[],06:04:13,45114987
262,2014-08-20,Wed,14168,502024037678448640,1,brianmlucey,"['The', 'brian', 'lucey', 'Daily', 'is', 'out', 'Stories', 'via', '@elonmusk', '@CathalMacCoille']",[],09:27:12,45114987
263,2014-08-20,Wed,14168,501977905933869056,1,brianmlucey,"['Anger', 'as', 'residents', 'told', 'to', 'wait', '18', 'months', 'for', 'water', 'Wont', 'HAVE', 'water', 'but', 'will', 'be', 'charged']",[],06:23:53,45114987
264,2014-08-20,Wed,14168,501976900961849345,0,brianmlucey,"['Punch', 'a', 'Jew', 'GAA', 'star', 'in', 'criminal', 'investigation', 'Racist', 'idiot']",[],06:19:54,45114987
265,2014-08-20,Wed,14168,501975474168672256,0,brianmlucey,"['Head', 'of', 'psychiatrists', 'group', 'expresses', 'concern', 'over', 'make-up', 'of', 'panel', 'Madness', 'OBGYN', 'overruling', 'psych']",[],06:14:13,45114987
266,2014-08-19,Tue,14168,501665734003400705,0,brianmlucey,"['The', '11', 'most', 'senseless', 'benefit', 'sanction', 'decisions', 'known', 'to', 'man', 'When', 'you', 'think', 'you', 'want', 'to', 'vote', 'tory', 'think', 'of', 'these']",[],09:43:26,45114987
267,2014-08-19,Tue,14168,501665442692206592,0,brianmlucey,"['90-year-old', 'Holocaust', 'survivor', 'arrested', 'in', 'Ferguson']",[],09:42:16,45114987
268,2014-08-19,Tue,14168,501661853811245056,0,brianmlucey,"['The', 'brian', 'lucey', 'Daily', 'is', 'out', 'Stories', 'via', '@deshocks', '@EduIreland']",[],09:28:01,45114987
269,2014-08-19,Tue,14168,501657829871464448,1,brianmlucey,"['Zing', 'politicians', 'like', 'Clare', 'would', 'prefer', 'babies', 'to', 'end', 'up', 'in', 'a', 'hospital', 'incinerator', 'than', 'an', 'incubator', 'todaysor', '@RonanMullen']",[],09:12:01,45114987
270,2014-08-19,Tue,14168,501656296945639424,0,brianmlucey,"['OOOHHH', 'get', 'the', 'popcorn', '@RonanMullen', 'on', '@TodaySOR', 'in', 'a', 'few', 'moments', 'about', 'the', 'hideous', 'farrago', 'of', 'our', 'reproductive', 'laws', 'Askronan', 'for', 'Qs']",[],09:05:56,45114987
271,2014-08-19,Tue,14168,501654330999853056,0,brianmlucey,"['this', 'lad', 'on', '@RTERadio1', 'makes', 'me', 'feel', 'ill', 'What', 'he', 'is', 'doing', 'cannot', 'be', 'good', 'for', 'you']",[],08:58:07,45114987
272,2014-08-19,Tue,14168,501621678045429760,7,brianmlucey,"['British', 'citizens', 'are', '100', 'times', 'less', 'likely', 'to', 'be', 'shot', 'by', 'police', 'than', 'Americans', 'USA', 'has', 'a', 'problem', 'but', 'wont', 'admit', 'it']",[],06:48:22,45114987
273,2014-08-18,Mon,14168,501421884983222272,1,brianmlucey,"['USA', 'is', 'so', 'hooked', 'on', 'gun', 'violence', 'its', 'family', 'should', 'stage', 'an', 'intervention']",[],17:34:28,45114987
274,2014-08-18,Mon,14168,501414674102255616,1,brianmlucey,"['RT', '@tomstandage', 'Last', 'year', 'in', 'total', 'British', 'police', 'officers', 'actually', 'fired', 'their', 'weapons', 'three', 'times']",[],17:05:48,45114987
275,2014-08-18,Mon,14168,501356516348530689,0,brianmlucey,"['But', 'not', 'in', 'this', 'government', 'yes', 'RT', '@labouryouth', 'Labour', 'Party', 'Education', 'Minister', '@JanOSullivanTD', 'would', 'welcome', 'abortion', 'referendum']",[],13:14:42,45114987
276,2014-08-18,Mon,14168,501347934341177345,0,brianmlucey,"['do', 'love', 'that', 'we', 'will', 'have', 'loads', 'of', 'referenda', 'next', 'year', 'but', '@labour', 'running', 'screaming', 'away', 'from', 'one', 'on', 'the', 'abortion', 'farrago']",[],12:40:36,45114987
277,2014-08-18,Mon,14168,501299457607340033,0,brianmlucey,"['The', 'brian', 'lucey', 'Daily', 'is', 'out', 'Stories', 'via', '@colettebrowne', '@AerLingus', '@DonalOKeeffe']",[],09:27:59,45114987
278,2014-08-18,Mon,14168,501290140749135872,1,brianmlucey,"['Captain', 'Hindsight', 'on', 'the', 'Irish', 'Housing', 'Market', 'via', '@imgflip']",[],08:50:57,45114987
279,2014-08-18,Mon,14168,501287550045421568,0,brianmlucey,"['Burning', 'Waters', 'lovely', 'photo', 'from', '@AnneFitzPhotos']",[],08:40:40,45114987
280,2014-08-18,Mon,14168,501285994524860416,0,brianmlucey,"['Lovely', 'photo', 'of', 'Cliffs', 'of', 'Moher', 'from', '@AnneFitzPhotos', 'Mist', 'on', 'the', 'Cliffs', 'of', 'Moher', 'Worth', 'an', 'RT', 'if', 'your', 'a', 'fan', 'of', 'Clare']",[],08:34:29,45114987
281,2014-08-17,Sun,14168,501084607778152448,2,brianmlucey,"['Facepalm', 'RT', '@JohnGormley', 'This', 'video', 'gives', 'you', 'a', 'different', 'perspective', 'on', 'North', 'Korea', 'I', 'was', 'surprised', 'frankly']",[],19:14:14,45114987
282,2014-08-17,Sun,14168,501083101494517760,5,brianmlucey,"['For', 'your', 'own', 'good', 'though', 'RT', '@BocktheRobber', 'Raped', 'in', 'Ireland', 'Get', 'out', 'as', 'fast', 'as', 'you', 'can', 'unless', 'you', 'want', 'to', 'be', 'force-fed', 'and', 'cut', 'open']",[],19:08:15,45114987
283,2014-08-17,Sun,14168,501074880046325761,11,brianmlucey,"['Not', 'in', 'my', 'name', 'RT', '@increpare', 'Woman', 'w', 'poor', 'english', 'raped', 'denied', 'abortion', 'force-fed', 'c-section', 'at', '26', 'w', 'Ireland', '2014']",[],18:35:35,45114987
284,2014-08-17,Sun,14168,501073761249280000,11,brianmlucey,"['The', 'Guardian', 'view', 'on', 'Ireland', 's', 'new', 'abortion', 'law', 'no', 'choice', 'at', 'all', 'Another', 'ghastly', 'mess', 'Force', 'feeding', 'amp', 'cesarean']",[],18:31:08,45114987
285,2014-08-17,Sun,14168,500947928060788737,1,brianmlucey,"['The', 'hedge', 'Coz', 'walking', 'across', 'the', 'forecourt', 'to', 'the', 'toilets', 'is', 'such', 'a', 'drag', 'Cork', '@officialgaa', 'supporter', 'classy']",[],10:11:07,45114987
286,2014-08-17,Sun,14168,500937053052620800,0,brianmlucey,"['The', 'brian', 'lucey', 'Daily', 'is', 'out', 'Stories', 'via', '@LorcanRK', '@EduIreland']",[],09:27:55,45114987
287,2014-08-17,Sun,14168,500920024068927492,6,brianmlucey,"['Five', 'economics', 'lessons', 'for', 'the', 'Leaving', 'Certificate', 'via', '@brianmlucey']",[],08:20:15,45114987
288,2014-08-17,Sun,14168,500867795979341825,6,brianmlucey,"['Hope', 'journalists', 'in', 'Ferguson', 'defy', 'curfew', 'livestream', 'police', 'reaction', 'Censorship', 'should', 'have', 'no', 'place', 'in', 'a', 'liberal', 'society', 'Or', 'the', 'USA']",[],04:52:42,45114987
289,2014-08-16,Sat,14168,500609744382742528,0,brianmlucey,"['Its', 'an', '8', 'RT', '@businessinsider', 'The', '1st', 'woman', 'to', 'win', 'the', 'Fields', 'medal', 'did', 'so', 'by', 'exploring', 'this']",[],11:47:18,45114987
290,2014-08-16,Sat,14168,500574664180391939,0,brianmlucey,"['The', 'brian', 'lucey', 'Daily', 'is', 'out', 'Stories', 'via', '@willhanafin']",[],09:27:54,45114987
291,2014-08-16,Sat,14168,500562541660356608,2,brianmlucey,"['Gigantic', 'mess', 'RT', '@timeshighered', 'Upscaling', 'dean', 'claims', 'his', 'actions', 'compensated', 'for', 'disgruntled', 'Swansea', 'staff']",[],08:39:44,45114987
292,2014-08-16,Sat,14168,500546391525974016,1,brianmlucey,"['Glasscarraig', 'via', '@AnneFitzPhotos']",[],07:35:34,45114987
293,2014-08-16,Sat,14168,500546291512782849,2,brianmlucey,"['heading', 'west', 'via', '@AnneFitzPhotos']",[],07:35:10,45114987
294,2014-08-16,Sat,14168,500546123971325954,1,brianmlucey,"['full', 'moon', 'via', '@AnneFitzPhotos']",[],07:34:30,45114987
295,2014-08-16,Sat,14168,500540715106320384,1,brianmlucey,"['Meanwhile', 'in', 'the', 'home', 'of', 'the', 'mooc', '@b2dac', '@MichaelMDowling', '@JoeHumphreys42']",[],07:13:00,45114987
296,2014-08-16,Sat,14168,500532869245067264,3,brianmlucey,"['Know', 'your', 'sport', 'Gaelic', 'Games', 'vs', 'Other', 'Field', 'sports', 'in', 'a', 'handy', 'infographic', 'via', '@brianmlucey']",[],06:41:50,45114987
297,2014-08-16,Sat,14168,500509718083670016,11,brianmlucey,"['Five', 'economics', 'lessons', 'for', 'the', 'Leaving', 'Certificate']",[],05:09:50,45114987
298,2014-08-15,Fri,14168,500346315466108929,0,brianmlucey,"['of', 'course', 'there', 'is', 'no', 'point', 'me', 'having', 'a', 'blogcolumn', 'in', '@irishexaminer', 'unless', 'I', 'placate', 'Thealexica', 'herself', '@curtainqueen']",[],18:20:32,45114987
299,2014-08-15,Fri,14168,500336486806720512,7,brianmlucey,"['In', '@irishexaminer', 'and', 'on', 'my', 'blog', 'tomorrow', 'What', 'economics', 'tells', 'us', 'we', 'should', 'do', 're', 'LeavingCert', 'reform', 'LeavingCertResults', 'Please', 'RT']",[],17:41:28,45114987
300,2014-08-15,Fri,14168,500309655441403904,1,brianmlucey,"['Reading', 'about', 'Russian', 'armour', 'destroyed', 'in', 'ukraine', 'makes', 'me', 'wonder', 'is', 'it', '1942', 'or', '2014', 'Ukraine']",[],15:54:51,45114987
301,2014-08-15,Fri,14168,500262097205596160,3,brianmlucey,"['We', 'can', 'land', 'a', 'spacecraft', 'on', 'a', 'frikkin', 'comet', 'but', 'we', 'cant', 'design', 'a', 'table', 'that', 'will', 'sit', 'level', 'without', 'bleeding', 'wobbling']",[],12:45:53,45114987
302,2014-08-15,Fri,14168,500251448924712960,1,brianmlucey,"['Why', 'RT', '@RTEScienceTech', 'Apple', 'moves', 'data', 'storage', 'onto', 'Chinese', 'soil']",[],12:03:34,45114987
303,2014-08-15,Fri,14168,500250995428171777,3,brianmlucey,"['Universities', 'focus', 'too', 'much', 'on', 'measuring', 'activity', 'not', 'quality', 'V', 'v', 'true', '2', 'much', 'useless', 'not', 'enough', 'useful', 'admin']",[],12:01:46,45114987
304,2014-08-15,Fri,14168,500212275689816064,1,brianmlucey,"['The', 'brian', 'lucey', 'Daily', 'is', 'out', 'Stories', 'via', '@timeshighered', '@DorothyJonesDJ']",[],09:27:54,45114987
305,2014-08-14,Thu,14168,499996221734682625,3,brianmlucey,"['Has', 'needed', 'for', 'years', 'RT', '@Ramseconomics', 'Europe', 'now', 'needs', 'full-blown', 'QE', 'FT']",[],19:09:23,45114987
306,2014-08-14,Thu,14168,499851909134819329,6,brianmlucey,"['Seems', 'like', 'the', 'debate', 'on', 'the', 'Scottish', 'pound', 'has', 'gone', 'international', 'Seen', 'in', 'Schipol']",[],09:35:56,45114987
307,2014-08-14,Thu,14168,499849900230979584,0,brianmlucey,"['The', 'brian', 'lucey', 'Daily', 'is', 'out', 'Stories', 'via', '@CathalMacCoille', '@colettebrowne', '@faduda']",[],09:27:57,45114987
308,2014-08-13,Wed,14168,499633705049411584,1,brianmlucey,"['So', 'Good', 'friend', 'of', 'mine', 'and', 'her', 'partner', 'and', 'her', 'son', 'emigrated', 'today', 'Shell', 'be', 'missed', 'The', 'aftereffects', 'of', 'the', 'bubble', 'linger', 'on']",[],19:08:52,45114987
309,2014-08-13,Wed,14168,499487497710481408,0,brianmlucey,"['The', 'brian', 'lucey', 'Daily', 'is', 'out', 'Stories', 'via', '@elonmusk']",[],09:27:54,45114987
310,2014-08-13,Wed,14168,499458895627444226,2,brianmlucey,"['Police', 'in', 'Ferguson', 'seem', 'to', 'have', 'gone', 'wildly', 'over', 'the', 'top', 'When', 'did', 'protect', 'and', 'serve', 'become', 'destroy', 'and', 'dominate']",[],07:34:14,45114987
311,2014-08-13,Wed,14168,499450198595489792,5,brianmlucey,"['Thanks', 'to', 'the', '@DublinAirport', 'red', 'car', 'park', 'bus', 'driver', 'who', 'seeing', 'me', 'and', 'two', 'others', 'stepping', 'onto', 'the', 'bus', 'shelter', 'plinth', 'PULLED', 'off', 'service']",[],06:59:41,45114987
312,2014-08-13,Wed,14168,499419982326140928,0,brianmlucey,"['Best', 'of', 'luck', 'to', 'all', 'getting', '@cfa', 'results', 'and', 'to', 'all', 'LeavingCertResults']",[],04:59:37,45114987
313,2014-08-12,Tue,14168,499200306681360384,1,brianmlucey,"['Fixing', 'the', 'fix', 'Price-setting', 'precious', 'metals', 'in', 'London', 'via', '@marketplace']",[],14:26:42,45114987
314,2014-08-12,Tue,14168,499199238392524800,2,brianmlucey,"['The', 'market', 'reaction', 'to', 'the', 'Fyffes', 'Chiquita', 'merger', 'is', 'bananas', 'They', 'are', 'doing', 'the', 'opposite', 'of', 'what', 'they', 'should']",[],14:22:27,45114987
315,2014-08-12,Tue,14168,499136077975007232,0,brianmlucey,"['Jeeze', '@PoliticsIE', 'dont', 'know', 'whos', 'more', 'embarrassed', 'at', 'being', 'confused', 'with', '@CormacLucey', 'Him', 'or', 'me']",[],10:11:29,45114987
316,2014-08-12,Tue,14168,499125133987315713,0,brianmlucey,"['The', 'brian', 'lucey', 'Daily', 'is', 'out', 'Stories', 'via', '@hlinehan', '@tcddublin']",[],09:27:59,45114987
317,2014-08-12,Tue,14168,499081084634943488,1,brianmlucey,"['Colossal', 'hangover', 'cure', 'consisting', 'of', 'Bloody', 'Mary', 'with', 'entire', 'fried', 'chicken', 'on', 'top', 'on', 'sale', 'in', 'US', 'restaurant', 'Omg']",[],06:32:57,45114987
318,2014-08-11,Mon,14168,498771478335078400,3,brianmlucey,"['EU', 'raps', 'State', 'over', 'tendering', 'for', 'new', 'postcodes', 'Independentie', 'via', '@Independentie']",[],10:02:41,45114987
319,2014-08-11,Mon,14168,498762743626076160,0,brianmlucey,"['The', 'brian', 'lucey', 'Daily', 'is', 'out', 'Stories', 'via', '@ElaineByrne']",[],09:27:59,45114987
320,2014-08-10,Sun,14168,498557894338813952,17,brianmlucey,"['depressingly', 'good', 'post', 'from', '@BocktheRobber', 'on', 'how', 'the', 'ignorance', 'of', 'history', 'has', 'led', 'to', 'isis']",[],19:53:59,45114987
321,2014-08-10,Sun,14168,498495639991623680,0,brianmlucey,"['Sadhonestly', 'sad', 'RT', '@businessinsider', 'The', 'unofficial', 'rules', 'of', 'how', 'to', 'dress', 'at', 'Goldman', 'Sachs', 'by', '@GSElevator']",[],15:46:36,45114987
322,2014-08-10,Sun,14168,498486406583701505,0,brianmlucey,"['Top', 'marks', 'to', '@tullamoreshowgreat', 'day', 'Magnif', 'animals', 'delish', 'cakes']",[],15:09:55,45114987
323,2014-08-10,Sun,14168,498400338865827840,0,brianmlucey,"['The', 'brian', 'lucey', 'Daily', 'is', 'out']",[],09:27:55,45114987
324,2014-08-10,Sun,14168,498363950803996672,0,brianmlucey,"['As', 'a', 'special', 'treat', 'for', '@curtainqueen', 'I', 'have', 'a', 'blogpost', 'with', 'not', 'one', 'but', 'TWO', 'new', 'words']",[],07:03:19,45114987
325,2014-08-10,Sun,14168,498363534355349504,12,brianmlucey,"['The', 'Tontosity', 'and', 'Tontification', 'of', 'John', 'Bruton']",[],07:01:40,45114987
326,2014-08-10,Sun,14168,498360373066862592,1,brianmlucey,"['Tullamore', 'Show', 'is', 'on', 'today', 'if', 'anyone', 'wants', 'a', 'great', 'day', 'out', 'its', 'the', 'one', 'to', 'go', 'to']",[],06:49:06,45114987
327,2014-08-09,Sat,14168,498214824032354304,0,brianmlucey,"['Theres', '@VimesTheDog', 'and', '@deshocks', 'on', 'the', 'tellybox']",[],21:10:45,45114987
328,2014-08-09,Sat,14168,498213917005742081,0,brianmlucey,"['Are', 'not', 'less', 'facts', 'more', 'powerful', 'Bock', 'RT', '@BocktheRobber', 'How', 'does', 'homeopathy', 'work', 'Get', 'the', 'facts']",[],21:07:08,45114987
329,2014-08-09,Sat,14168,498205781138083844,1,brianmlucey,"['Contagious', 'Disease', 'Surveillance', 'Virus', 'Awareness', 'Ebola', 'Map', 'HealthMap', 'Sweet', 'Jebus', 'This', 'is', 'like', 'a', 'horror', 'movie']",[],20:34:49,45114987
330,2014-08-09,Sat,14168,498088656276824064,0,brianmlucey,"['Cakus', 'Maximus', 'in', 'An', 'Tearman', 'kikcullen', 'Great', 'food', 'and', 'a', 'good', 'cause']",[],12:49:24,45114987
331,2014-08-09,Sat,14168,498087486376382464,0,brianmlucey,"['pscuts', 'people', 'feel', 'and', 'vote', 'according', 'cuts', 'much', 'more', 'than', 'raises', 'So', '@labour', 'plan', 'wont', 'erase', 'lost', 'votes', 'And', 'were', 'still', 'in', 'deficit']",[],12:44:45,45114987
332,2014-08-09,Sat,14168,498086896338485248,4,brianmlucey,"['Okhaving', 'suffered', 'the', 'PS', 'pay', 'cuts', 'still', 'cant', 'but', 'see', 'their', 'proposed', 'rolling', 'back', 'as', 'but', 'deeply', 'cynical', 'vote', 'buying', 'by', '@labour', 'pscuts']",[],12:42:24,45114987
333,2014-08-09,Sat,14168,498037956389924864,0,brianmlucey,"['The', 'brian', 'lucey', 'Daily', 'is', 'out', 'Stories', 'via', '@conorpope', '@CWestonIndo']",[],09:27:56,45114987
334,2014-08-09,Sat,14168,498020781826527232,3,brianmlucey,"['Shocking', 'Like', 'BokoHaram', 'ISIS', 'now', 'in', 'the', 'sex', 'slavery', 'business', 'Lunatic', 'by', 'even', 'islamofascist', 'standards']",[],08:19:41,45114987
335,2014-08-09,Sat,14168,498009974954790912,3,brianmlucey,"['some', 'thoughts', 'on', 'scottish', 'independence', 'and', 'currency', 'options']",[],07:36:45,45114987
336,2014-08-09,Sat,14168,498006841306402816,9,brianmlucey,"['Monopoly', 'Madness', 'Irish', 'Style', 'a', 'more', 'comprehensive', 'version', 'of', 'my', 'Irish', 'Examiner', 'Column', 'today']",[],07:24:18,45114987
337,2014-08-09,Sat,14168,498003271491911681,6,brianmlucey,"['Monopoly', 'Madness', 'Irish', 'Style']",[],07:10:07,45114987
338,2014-08-08,Fri,14168,497825560697896960,0,brianmlucey,"['Scotland', 'post', 'independence', 'what', 'currency', 'would', 'could', 'it', 'use']",[],19:23:57,45114987
339,2014-08-08,Fri,14168,497701625692438528,0,brianmlucey,"['Oh', 'but', 'the', 'administrative', 'convenience', 'RT', '@MikeLyons1956', 'Use', 'of', 'impact', 'factor', 'not', 'statistically', 'literate']",[],11:11:29,45114987
340,2014-08-08,Fri,14168,497675566020304897,0,brianmlucey,"['The', 'brian', 'lucey', 'Daily', 'is', 'out', 'Stories', 'via', '@AerLingus']",[],09:27:55,45114987
341,2014-08-07,Thu,14168,497367495289098241,3,brianmlucey,"['The', 'ESRI', 'view', 'on', 'house', 'prices', 'in', 'Ireland', 'ht', 'the', 'property', 'pin']",[],13:03:46,45114987
342,2014-08-07,Thu,14168,497362551857242112,0,brianmlucey,"['RT', '@gavreilly', 'Presented', 'without', 'comment']",[],12:44:07,45114987
343,2014-08-07,Thu,14168,497313177332625408,0,brianmlucey,"['The', 'brian', 'lucey', 'Daily', 'is', 'out', 'Stories', 'via', '@LCreighton', '@hlinehan']",[],09:27:55,45114987
344,2014-08-07,Thu,14168,497283055308906496,0,brianmlucey,"['Guinness', 'wants', 'to', 'woo', 'Americans', 'with', 'a', 'blonde', 'lager', 'via', '@slate', 'Harp']",[],07:28:14,45114987
345,2014-08-07,Thu,14168,497276498047676416,1,brianmlucey,"['V', 'interesting', 'piece', 'RT', '@ElementsMatter', 'The', 'Memory', 'of', 'Starvation', 'Stays', 'In', 'Your', 'Genes', 'For', 'Three', 'Generations']",[],07:02:10,45114987
346,2014-08-07,Thu,14168,497259865568718848,5,brianmlucey,"['What', 'sort', 'of', 'gibberish', 'is', 'this', 'caption', 'Does', '@Independentie', 'even', 'have', 'a', 'spellchecker']",[],05:56:05,45114987
347,2014-08-06,Wed,14168,496950789278302208,2,brianmlucey,"['The', 'brian', 'lucey', 'Daily', 'is', 'out', 'Stories', 'via', '@rszbt']",[],09:27:55,45114987
348,2014-08-06,Wed,14168,496891310952165376,5,brianmlucey,"['Outrage', 'in', 'Saudi', 'Arabia', 'at', 'appearance', 'of', 'female', 'newsreader', 'without', 'headscarf', 'Havent', 'they', 'little', 'to', 'enrage', 'them']",[],05:31:35,45114987
349,2014-08-05,Tue,14168,496588404524462080,2,brianmlucey,"['The', 'brian', 'lucey', 'Daily', 'is', 'out', 'Stories', 'via', '@KathleenHays']",[],09:27:56,45114987
350,2014-08-04,Mon,14168,496226097517051904,0,brianmlucey,"['The', 'brian', 'lucey', 'Daily', 'is', 'out']",[],09:28:15,45114987
351,2014-08-03,Sun,14168,495863624356098048,0,brianmlucey,"['The', 'brian', 'lucey', 'Daily', 'is', 'out', 'Stories', 'via', '@mcculld']",[],09:27:55,45114987
352,2014-08-03,Sun,14168,495861915718283264,0,brianmlucey,"['Not', 'Any', 'More', 'RT', '@psneeze', '@brianmlucey', 'Prof', 'Jnr', 'has', 'the', 'phone', 'I', 'see']",[],09:21:08,45114987
353,2014-08-03,Sun,14168,495859047216971776,1,brianmlucey,['xxd'],[],09:09:44,45114987
354,2014-08-02,Sat,14168,495501237446778880,1,brianmlucey,"['The', 'brian', 'lucey', 'Daily', 'is', 'out', 'Stories', 'via', '@DonalOKeeffe', '@sheilaoflanagan', '@DearbhailDibs']",[],09:27:55,45114987
355,2014-08-01,Fri,14168,495274442948612096,11,brianmlucey,"['Given', 'Israeli', 'newspapers', 'now', 'opining', 'when', 'genocide', 'is', 'Permissible', 'cant', 'be', 'long', 'before', 'are', 'humans', 'kosher', 'is', 'in', 'cooking', 'supplements']",[],18:26:43,45114987
356,2014-08-01,Fri,14168,495262602939756544,3,brianmlucey,"['ScribdDocs', 'I', 'm', 'reading', 'When', 'Genocide', 'is', 'Permissible', 'Yochanan', 'Gordon', 'Published', 'in', 'an', 'Israeli', 'paper', 'today']",[],17:39:40,45114987
357,2014-08-01,Fri,14168,495202925476872192,6,brianmlucey,"['Gaza', 'really', 'think', '@pontifex', 'should', 'simply', 'hop', 'into', 'a', 'chopper', 'and', 'tell', 'IDF', 'hes', 'going', 'to', 'Gaza', 'See', 'if', 'they', 'try', 'stop', 'him']",[],13:42:32,45114987
358,2014-08-01,Fri,14168,495138849023336448,0,brianmlucey,"['The', 'brian', 'lucey', 'Daily', 'is', 'out', 'Stories', 'via', '@Noahpinion', '@willhanafin']",[],09:27:55,45114987
359,2014-08-01,Fri,14168,495092849546100736,0,brianmlucey,"['Brown', 'would', 'have', 'to', 'commit', 'a', 'major', 'felony', 'with', 'a', 'minor', 'farm', 'animal', 'on', 'TV', 'to', 'lose', 'Repugnican', 'loony', 'alert']",[],06:25:08,45114987
360,2014-07-31,Thu,14168,494776464236359680,1,brianmlucey,"['The', 'brian', 'lucey', 'Daily', 'is', 'out', 'Stories', 'via', '@stephenkinsella']",[],09:27:56,45114987
361,2014-07-31,Thu,14168,494731577717719042,3,brianmlucey,"['in', 'whatever', 'hell', 'he', 'is', 'Hitler', 'is', 'roaring', 'laughing', 'at', 'how', 'Isreal', 'is', 'managing', 'to', 'rekindle', 'antiSemetic', 'views', 'by', 'playing', 'into', 'Hamas', 'hands', 'Gaza']",[],06:29:34,45114987
362,2014-07-31,Thu,14168,494728196194320384,25,brianmlucey,"['Making', 'israel', 'safe', 'one', 'dead', 'kid', 'at', 'a', 'time', 'Shot', 'a', '13y', 'old', '17', 'times', 'says', 'he', 'would', 'have', 'done', 'it', 'if', 'she', 'was', '3', 'Gaza']",[],06:16:08,45114987
363,2014-07-31,Thu,14168,494725383934447616,7,brianmlucey,"['somewhere', 'in', 'Israel', 'men', 'are', 'poring', 'over', 'maps', 'of', 'hospitals', 'schools', 'clinics', 'playgrounds', 'kindergartens', 'and', 'painting', 'targets', 'on', 'them', 'Gaza']",[],06:04:57,45114987
364,2014-07-31,Thu,14168,494725194435813376,2,brianmlucey,"['this', 'is', 'really', 'important', 'Employers', 'want', 'SOFT', 'skills', 'in', 'graduates', 'AHSS', 'should', 'be', 'valued']",[],06:04:12,45114987
365,2014-07-30,Wed,14168,494515054528974848,0,brianmlucey,"['Maybe', 'hamas', 'were', 'operating', 'there', 'RT', '@Independent', 'Eastbourne', 'pier', 'is', 'on', 'fire']",[],16:09:11,45114987
366,2014-07-30,Wed,14168,494456741321797632,0,brianmlucey,"['And', 'hes', 'what', 'passes', 'for', 'an', 'Israeli', 'liberal', 'RT', '@BocktheRobber', 'Sad', 'to', 'hear', 'Isaac', 'Herzog', 'acting', 'as', 'an', 'apologist', 'for', 'murder', 'Gaza']",[],12:17:28,45114987
367,2014-07-30,Wed,14168,494456001131999232,2,brianmlucey,"['In', 'their', 'callous', 'disregard', 'for', 'innocent', 'life', 'both', 'IDF', 'and', 'hamas', 'are', 'morally', 'equivalent', 'Gaza']",[],12:14:31,45114987
368,2014-07-30,Wed,14168,494417066372644864,1,brianmlucey,"['The', 'gaza', 'conflict', 'in', 'a', 'nutshell']",[],09:39:49,45114987
369,2014-07-30,Wed,14168,494416264182636544,1,brianmlucey,"['RT', '@JFXM', 'UNs', '@ChrisGunness', 'has', 'told', 'BBC', 'that', 'location', 'of', 'UN', 'Gaza', 'school', 'was', 'given', 'to', 'Israel', '17', 'times', 'Israel', 'still', 'hit', 'the', 'school']",[],09:36:37,45114987
370,2014-07-30,Wed,14168,494416137414008833,1,brianmlucey,"['More', 'targeted', 'pinpoint', 'civilian', 'friendly', 'airstrikes', 'in', 'gaza', 'God', 'help', 'them', 'if', 'Israel', 'ever', 'gets', 'sloppy', 'eh']",[],09:36:07,45114987
371,2014-07-30,Wed,14168,494414072553951233,0,brianmlucey,"['The', 'brian', 'lucey', 'Daily', 'is', 'out', 'Stories', 'via', '@DearbhailDibs', '@morningireland']",[],09:27:55,45114987
372,2014-07-30,Wed,14168,494400712470958080,0,brianmlucey,"['give', 'up', 'trying', 'to', 'install', 'and', 'use', 'R', 'package', 'Benchmarking', 'not', 'happening', 'Seems', 'to', 'require', 'others', 'that', 'are', 'not', 'available']",[],08:34:50,45114987
373,2014-07-30,Wed,14168,494364392884940800,0,brianmlucey,"['Check', 'out', 'Dublin', 'Whiskey', 'Fire', 'on', 'the', 'Atlas', 'Obscura', 'Have', 'never', 'heard', 'of', 'this', 'before']",[],06:10:30,45114987
374,2014-07-30,Wed,14168,494356222913839104,2,brianmlucey,"['320', '240', 'Pinpoint', 'Israeli', 'bombing', 'yeah', 'right', 'gaza']",[],05:38:02,45114987
375,2014-07-29,Tue,14168,494107990522212353,2,brianmlucey,"['Scottie', 'dogs', 'in', 'Commonwealth', 'Games', 'opening', 'ceremony', 'disrespectful', 'to', 'Muslims', 'say', 'Malaysian', 'politicians', 'getagrip']",[],13:11:39,45114987
376,2014-07-29,Tue,14168,494088145097748480,0,brianmlucey,"['Research', 'quality', 'assessment', 'tools', 'Lessons', 'from', 'Italy', 'vox', 'Bibliometrics', 'are', 'as', 'good', 'as', 'peer', 'evaluation']",[],11:52:48,45114987
377,2014-07-29,Tue,14168,494068184237219840,0,brianmlucey,"['With', 'such', 'wonderful', '@darthvader', 'mashps', 'as', 'this', 'or', 'this', 'we', 'need', 'one', 'w', 'the', 'Healy', 'Reas']",[],10:33:29,45114987
378,2014-07-29,Tue,14168,494067578856562688,3,brianmlucey,"['ah', 'fekit', 'no', 'Lukie', 'Im', 'your', 'dada', 'cmon', 'away', 'now', 'from', 'that', 'aul', 'condenser', 'yoke', 'and', 'well', 'show', 'them', 'senators', 'whos', 'boss']",[],10:31:04,45114987
379,2014-07-29,Tue,14168,494067199708262400,11,brianmlucey,"['This', 'is', 'an', 'excellent', 'photo', 'from', '@irishexaminer', 'on', 'the', 'filming', 'of', '@starwars', 'on', 'the', 'Skelligs']",[],10:29:34,45114987
380,2014-07-29,Tue,14168,494051687695671296,0,brianmlucey,"['The', 'brian', 'lucey', 'Daily', 'is', 'out', 'Stories', 'via', '@sundaybusiness']",[],09:27:56,45114987
381,2014-07-29,Tue,14168,494030741647683584,15,brianmlucey,"['Ok', 'now', 'its', 'surreal', 'ISRAEL', 'is', 'apparently', 'using', 'toxic', 'gas', 'yephold', 'that', 'thought', 'for', 'a', 'minute', 'against', 'civilians', 'in', 'gaza']",[],08:04:42,45114987
382,2014-07-28,Mon,14168,493859352160522241,0,brianmlucey,"['IDFJustification', 'We', 'misread', 'orphanage', 'as', 'hamas', 'terror', 'facilities', 'so', 'bombs', 'away']",[],20:43:39,45114987
383,2014-07-28,Mon,14168,493858961452695552,3,brianmlucey,"['IDFJustification', 'If', 'we', 'didnt', 'kill', 'them', 'now', 'they', 'would', 'die', 'later']",[],20:42:06,45114987
384,2014-07-28,Mon,14168,493858453128237057,5,brianmlucey,"['IDFJustification', 'We', 'secure', 'our', 'future', 'by', 'denying', 'them', 'one']",[],20:40:05,45114987
385,2014-07-28,Mon,14168,493857673226776576,2,brianmlucey,"['IDFJustification', 'We', 'thought', 'the', 'kids', 'on', 'swings', 'were', 'launching', 'rockets', 'so', 'we', 'blew', 'them', 'to', 'atoms']",[],20:36:59,45114987
386,2014-07-28,Mon,14168,493857330984124416,1,brianmlucey,"['IDFJustification', 'Sure', 'an', 'ambulance', 'looks', 'very', 'an', 'armed', 'vehicle', 'Best', 'blow', 'up', 'for', 'safety']",[],20:35:37,45114987
387,2014-07-28,Mon,14168,493856370840854528,2,brianmlucey,"['IDFJustification', 'Two', 'wrongs', 'DO', 'so', 'make', 'a', 'right']",[],20:31:48,45114987
388,2014-07-28,Mon,14168,493856241123606529,4,brianmlucey,"['IDFJustification', 'Children', 'on', 'a', 'beach', 'are', 'very', 'similar', 'to', 'heavily', 'armed', 'hamas', 'fighters', 'when', 'viewed', 'via', 'HD', 'drone', 'cameras', 'so', 'we', 'killed', 'them']",[],20:31:17,45114987
389,2014-07-28,Mon,14168,493855705620041729,6,brianmlucey,"['IDFJustification', 'To', 'stopfuture', 'terrorists', 'we', 'had', 'to', 'create', 'them']",[],20:29:10,45114987
390,2014-07-28,Mon,14168,493855601915863041,6,brianmlucey,"['IDFJustification', 'To', 'save', 'Gaza', 'we', 'had', 'to', 'destroy', 'it']",[],20:28:45,45114987
391,2014-07-28,Mon,14168,493854848165892096,2,brianmlucey,"['Make', 'up', 'your', 'own', 'IDFJustification', 'excuse']",[],20:25:45,45114987
392,2014-07-28,Mon,14168,493854644712800256,2,brianmlucey,"['IDFJustification', 'Their', 'uncles', 'friend', 'was', 'in', 'HAMAS', 'and', 'he', 'was', 'on', 'the', 'way', 'to', 'the', 'house', 'so', 'we', 'blew', 'it', 'up', 'and', 'them', 'with', 'it']",[],20:24:57,45114987
393,2014-07-28,Mon,14168,493854355758788611,5,brianmlucey,"['IDFJustification', 'The', 'hospital', 'had', 'oxygen', 'tanks', 'which', 'are', 'explosive', 'so', 'we', 'bombed', 'it']",[],20:23:48,45114987
394,2014-07-28,Mon,14168,493852879807991808,4,brianmlucey,"['Another', 'great', 'day', 'for', 'the', 'brave', 'IDF', '8', 'kids', 'killed', 'in', 'a', 'playground', 'Thatll', 'show', 'em']",[],20:17:56,45114987
395,2014-07-28,Mon,14168,493851337277587457,6,brianmlucey,"['Gaza', 'Presumably', 'somewhere', 'in', 'Israel', 'there', 'are', 'people', 'aghast', 'at', 'slaughtered', 'kids', 'in', 'Gaza', 'Presumably', 'Theyre', 'fierce', 'quite', 'though', 'Cowards']",[],20:11:48,45114987
396,2014-07-28,Mon,14168,493832275394838529,0,brianmlucey,"['Are', 'Precious', 'Metals', 'Really', 'a', 'Homogenous', 'Asset', 'Class', 'Forthcoming', 'soon', 'gold', 'silver', 'plantinum', 'palladium']",[],18:56:04,45114987
397,2014-07-28,Mon,14168,493689313591558144,0,brianmlucey,"['The', 'brian', 'lucey', 'Daily', 'is', 'out', 'Stories', 'via', '@Noahpinion']",[],09:27:59,45114987
398,2014-07-28,Mon,14168,493674491424546816,0,brianmlucey,"['TCD', 'Msc', 'finance', 'will', 'cut', 'that', 'RT', '@9thlevelirl', '1000', 'hours', 'of', 'study', 'needed', 'to', 'join', 'elite', 'group', 'of', 'CFA', 'graduates']",[],08:29:05,45114987
399,2014-07-28,Mon,14168,493639040303120384,1,brianmlucey,"['Oddpaper', 'L', 'RT', '@Noahpinion', 'Here', 'is', 'a', 'longish', 'paperessay', 'criticizing', 'neuroeconomics']",[],06:08:13,45114987
400,2014-07-27,Sun,14168,493443784865513472,4,brianmlucey,"['Down', 'in', 'Kerry', 'the', 'cats', 'eyes', 'are', 'ready', 'for', 'the', 'run', 'into', 'the', 'championship']",[],17:12:20,45114987
401,2014-07-27,Sun,14168,493375186427969536,4,brianmlucey,"['My', 'Outline', 'for', 'a', 'Solution', 'in', 'Gaza', 'Arutz', 'Sheva', 'The', 'ghastly', 'views', 'of', 'the', 'Israeli', 'ultra', 'right', 'Einzatzgruppen', 'next']",[],12:39:45,45114987
402,2014-07-27,Sun,14168,493330800176537600,2,brianmlucey,"['So', 'Sallins', 'last', 'night', 'Shop', 'windows', 'smashed', 'in', 'car', 'vandalised', 'bikes', 'vandalised', '@lawlessj']",[],09:43:23,45114987
403,2014-07-27,Sun,14168,493330492595650560,1,brianmlucey,"['Good', 'idea']",[],09:42:09,45114987
404,2014-07-27,Sun,14168,493327436550254592,1,brianmlucey,"['Anybody', 'know', 'who', 'owns', 'this', 'car', 'Been', 'vandalised', 'Sallins', 'railway', 'car', 'park', 'Also', 'broken', 'into']",[],09:30:01,45114987
405,2014-07-27,Sun,14168,493326916083261441,0,brianmlucey,"['The', 'brian', 'lucey', 'Daily', 'is', 'out', 'Stories', 'via', '@SiCarswell']",[],09:27:57,45114987
406,2014-07-27,Sun,14168,493314171459866624,0,brianmlucey,"['One', 'wordManny', 'Yes', 'RT', '@johnycassidy', '@brianmlucey', '@GrrlScientist', '2', 'words', 'Jurassic', 'Park', 'Please', 'no']",[],08:37:18,45114987
407,2014-07-27,Sun,14168,493310287043645440,1,brianmlucey,"['DO', 'IT', 'RT', '@GrrlScientist', 'Scientists', 'debate', 'resurrecting', 'long-extinct', 'woolly', 'mammoth']",[],08:21:52,45114987
408,2014-07-27,Sun,14168,493303861428645888,3,brianmlucey,"['Those', 'wondering', 'where', 'the', 'County', 'level', 'income', 'details', 'in', 'this', 'blogpost', 'comes', 'from', 'its', 'here']",[],07:56:20,45114987
409,2014-07-27,Sun,14168,493302399063576577,6,brianmlucey,"['Powerful', 'RT', '@MMFlint', 'From', 'the', 'Israeli', 'paper', 'Haaretz']",[],07:50:31,45114987
410,2014-07-27,Sun,14168,493297908532666368,14,brianmlucey,"['37', 'reasons', 'Irish', 'house', 'prices', 'are', 'too', 'high', 'Avg', 'house', 'prices', 'national', '17x', 'prudence', 'Dublin', '3x', 'Were', 'in', 'trouble']",[],07:32:41,45114987
411,2014-07-27,Sun,14168,493285413243863040,8,brianmlucey,"['Protest', 'is', 'latest', 'casualty', 'in', 'Israel', 'as', 'despair', 'and', 'hopelessness', 'set', 'in', 'Israel', 'slipping', 'into', 'militarism', 'and', 'fascism']",[],06:43:01,45114987
412,2014-07-26,Sat,14168,493071784548515840,2,brianmlucey,"['If', 'you', 'like', 'the', 'idea', 'of', 'Star', 'Wars', 'in', 'ballunskelligs', 'bay', 'why', 'not', 'pop', 'to', 'the', 'Charlie', 'Chaplin', 'Comedy', 'Film', 'Festival']",[],16:34:08,45114987
413,2014-07-26,Sat,14168,493064407652769792,0,brianmlucey,"['Twitter', 'hive', 'mind', 'I', 'summon', 'thee', 'HERCULES', 'Or', 'DAWN', 'OF', 'THE', 'PLANET', 'OF', 'THE', 'APES', 'Which', 'to', 'see']",[],16:04:50,45114987
414,2014-07-26,Sat,14168,492973760837083136,11,brianmlucey,"['37', 'reasons', 'Irish', 'house', 'prices', 'are', 'too', 'high']",[],10:04:38,45114987
415,2014-07-26,Sat,14168,492964520697282561,0,brianmlucey,"['The', 'brian', 'lucey', 'Daily', 'is', 'out', 'Stories', 'via', '@ghook', '@paultclarke', '@willhanafin']",[],09:27:55,45114987
416,2014-07-26,Sat,14168,492956677965361152,3,brianmlucey,"['Youd', 'hope', 'RT', '@davidmcw', 'Property', 'market', 'resurgence', 'a', 'case', 'of', 'deja', 'vu', 'all', 'over', 'again', 'but', 'can', 'it', 'be', 'stopped']",[],08:56:45,45114987
417,2014-07-26,Sat,14168,492933751869931520,18,brianmlucey,"['Fears', 'of', 'house', 'price', 'collapse', 'dismissed', 'bubbletime', 'is', 'back', 'with', 'warnings', 'being', 'ignored', 'and', 'dismissed']",[],07:25:39,45114987
418,2014-07-26,Sat,14168,492931160079478784,11,brianmlucey,"['Man', 'tweets', 'about', 'bad', 'service', 'gets', 'kicked', 'off', 'plane', 'told', 'to', 'delete', 'tweet', 'b4', 're-boarding', 'Buy', 'cheap', 'and', 'nasty', 'get', 'it']",[],07:15:21,45114987
419,2014-07-26,Sat,14168,492930879597998080,13,brianmlucey,"['Man', 'tweets', 'about', 'bad', 'service', 'gets', 'kicked', 'off', 'plane', 'told', 'to', 'delete', 'tweet', 'before', 're-boarding', 'Wow', 'Scummy', 'service']",[],07:14:14,45114987
420,2014-07-26,Sat,14168,492929826714435587,4,brianmlucey,"['A', 'Procrastination', 'Once', 'Again']",[],07:10:03,45114987
421,2014-07-25,Fri,14168,492602136405237760,0,brianmlucey,"['The', 'brian', 'lucey', 'Daily', 'is', 'out']",[],09:27:56,45114987
422,2014-07-25,Fri,14168,492569313170456576,2,brianmlucey,"['This', 'is', 'lazy', 'journalism', 'Without', 'a', 'model', 'we', 'cant', 'say', 'Would', '@ThomasPMolloy', 'like', 'to', 'share', 'his', 'model', 'of', 'prices']",[],07:17:30,45114987
423,2014-07-25,Fri,14168,492563136063762432,3,brianmlucey,"['The', 'dublin', 'house', 'price', 'bubble']",[],06:52:57,45114987
424,2014-07-25,Fri,14168,492558240996397057,18,brianmlucey,"['You', 'cant', 'target', 'kids', 'UN', 'havens', 'hospitals', 'use', 'flechettes', 'against', 'civilians', 'etc', 'and', 'remain', 'a', 'member', 'of', 'international', 'community', 'Gaza']",[],06:33:30,45114987
425,2014-07-25,Fri,14168,492557626933518336,4,brianmlucey,"['Beginning', 'to', 'think', 'that', 'which', 'I', 'would', 'never', 'have', 'thought', 'I', 'would', 'think', 'that', 'we', 'need', 'to', 'boycott', 'israel', 'gaza', 'Hate', 'they', 'make', 'me', 'think', 'so']",[],06:31:04,45114987
426,2014-07-25,Fri,14168,492557129153544192,3,brianmlucey,"['theres', 'a', 'UN', 'spokesman', 'on', '@morningireland', 'saying', 'there', 'is', 'a', 'trend', 'for', 'Israel', 'to', 'target', 'UN', 'facilities', 'in', 'gaza', 'Another', 'war', 'crime']",[],06:29:05,45114987
427,2014-07-25,Fri,14168,492539218346778624,8,brianmlucey,"['Ireland', 'has', 'no', 'chance', 'of', 'deal', 'on', 'legacy', 'bank', 'debt', 'says', 'senior', 'German', 'politician', 'via', '@IrishTimes', 'told', 'ya']",[],05:17:55,45114987
428,2014-07-25,Fri,14168,492536804441341953,4,brianmlucey,"['Look', 'at', 'the', 'face', 'of', 'the', 'younger', 'terrorist', 'killed', 'in', 'Gaza', 'This', 'will', 'for', 'sure', 'keepIsrael', 'safe']",[],05:08:19,45114987
429,2014-07-25,Fri,14168,492536341272743936,1,brianmlucey,"['Infographic', 'Who', 'violates', 'ceasefires', 'more', 'Israelis', 'or', 'Palestinians', 'Gaza']",[],05:06:29,45114987
430,2014-07-24,Thu,14168,492418843193933824,3,brianmlucey,"['Oh', 'and', 'a', 'shitload', 'of', 'bombs', 'RT', '@IsraelMFA', '106', 'truckloads', 'carrying', '1800', 'tons', 'of', 'food', 'crossed', 'into', 'the', 'Gaza', 'strip']",[],21:19:35,45114987
431,2014-07-24,Thu,14168,492412753727221760,5,brianmlucey,"['Hamas', 'use', 'these', 'really', 'they', 'do', 'IDF', 'these', 'Gaza']",[],20:55:23,45114987
432,2014-07-24,Thu,14168,492410561276411905,15,brianmlucey,"['yknow', 'when', 'Israel', 'says', 'we', 'use', 'pinpoint', 'weapons', 'to', 'minimise', 'civilian', 'casualties', 'Gaza', 'Yeah', 'right', 'like', 'this']",[],20:46:40,45114987
433,2014-07-24,Thu,14168,492408490380763136,3,brianmlucey,"['How', 'many', 'Israelis', 'are', 'secretly', 'but', 'silently', 'ashamed', 'of', 'the', 'IDF', 'actions', 'in', 'Gaza', 'Few', 'I', 'guess']",[],20:38:27,45114987
434,2014-07-24,Thu,14168,492398110245937152,5,brianmlucey,"['Im', 'on', '@morningireland', 'tomorrow', 'ar', '0740', 'talking', 'down', 'the', 'economy', 'by', 'saying', 'rising', 'house', 'prices', 'doubleplusungood']",[],19:57:12,45114987
435,2014-07-24,Thu,14168,492375901435207680,2,brianmlucey,"['Yes', 'the', 'IDF', 'really', 'cleaned', 'house', 'in', 'this', 'school', 'gaza']",[],18:28:57,45114987
436,2014-07-24,Thu,14168,492375526846496768,7,brianmlucey,"['Good', 'job', 'the', 'heroic', 'IDF', 'are', 'defending', 'Israel', 'against', 'such', 'evil', 'terrorists', 'as', 'these', 'kids', 'hiding', 'in', 'a', 'school', 'gaza']",[],18:27:28,45114987
437,2014-07-24,Thu,14168,492374908408979456,7,brianmlucey,"['Essam', 'Ibrahim', 'and', 'Eman', 'Ammar', 'Essam', 'four', 'years', 'old', 'one', 'of', 'eleven', 'killed', 'in', 'an', 'IDF', 'airstrike', 'on', 'apt', 'building', 'gaza']",[],18:25:00,45114987
438,2014-07-24,Thu,14168,492374525263499264,2,brianmlucey,"['Rahaf', 'Khalil', 'Al-Jabbour', 'This', 'dangerous', 'terrorist', 'was', 'heroically', 'slain', 'by', 'the', 'IDF', 'airforce', 'gaza']",[],18:23:29,45114987
439,2014-07-24,Thu,14168,492372468691382272,2,brianmlucey,"['Kenan', 'amp', 'Saji', 'Al', 'Hallaq', 'Five', 'and', 'three', 'Gaza', 'IDF', 'must', 'be', 'proud', 'of', 'themselves', 'killing', 'dangerous', 'terrorists']",[],18:15:19,45114987
440,2014-07-24,Thu,14168,492371598759190528,5,brianmlucey,"['4', 'y', 'old', 'Sahir', 'Salman', 'Abu', 'Namouse', 'He', 'was', 'playing', 'next', 'to', 'his', 'mother', 'when', 'missile', 'shrapnel', 'divided', 'his', 'head', 'gaza']",[],18:11:51,45114987
441,2014-07-24,Thu,14168,492361475814481920,4,brianmlucey,"['It', 'may', 'not', 'be', 'a', 'technical', 'house', 'price', 'bubble', 'but', 'it', 'sure', 'looks', 'like', 'one']",[],17:31:38,45114987
442,2014-07-24,Thu,14168,492358712565436416,7,brianmlucey,"['so', '25', 'year', 'on', 'year', 'house', 'price', 'rises', 'in', 'Dublin', 'If', 'thats', 'not', 'madness', 'what', 'is', 'it', 'bubbletime']",[],17:20:39,45114987
443,2014-07-24,Thu,14168,492239754495557632,0,brianmlucey,"['The', 'brian', 'lucey', 'Daily', 'is', 'out', 'Stories', 'via', '@lstwrd']",[],09:27:57,45114987
444,2014-07-24,Thu,14168,492196971709755392,2,brianmlucey,"['a', 'sunny', 'perspective', 'on', 'water', 'charges']",[],06:37:57,45114987
445,2014-07-23,Wed,14168,492055533365755904,0,brianmlucey,"['All', 'budgets', 'are', 'those', 'RT', '@oconnellhugh', 'Fiona', 'Muldoon', 'warns', 'against', 'any', 'vote', 'buying', 'budgets', 'macgill14']",[],21:15:55,45114987
446,2014-07-23,Wed,14168,492040125308997633,3,brianmlucey,"['Notice', 'how', 'there', 'will', 'apparently', 'be', 'depositor', 'bailins', 'in', 'the', 'windup', 'of', 'Beara', 'Credit', 'Union', 'But', 'we', 'paid', 'Anglo', 'in', 'full']",[],20:14:42,45114987
447,2014-07-23,Wed,14168,491996887512543233,0,brianmlucey,"['Going', 'unchallenged', 'alas', 'RT', '@BocktheRobber', 'Israel', 'propagandist', 'in', 'DriveTime', 'now', 'denying', 'numbers', 'of', 'civilian', 'deaths', 'in', 'Gaza']",[],17:22:53,45114987
448,2014-07-23,Wed,14168,491990043440205825,6,brianmlucey,"['Why', 'RT', '@NewstalkFM', 'Ireland', 'abstains', 'from', 'UN', 'vote', 'to', 'set', 'up', 'human', 'rights', 'inquiry', 'in', 'Gaza', 'ntfm']",[],16:55:41,45114987
449,2014-07-23,Wed,14168,491877353967333376,0,brianmlucey,"['The', 'brian', 'lucey', 'Daily', 'is', 'out', 'Stories', 'via', '@LCreighton', '@ElaineByrne']",[],09:27:54,45114987
450,2014-07-23,Wed,14168,491843815452725248,8,brianmlucey,"['What', 'do', 'you', 'think', 'of', 'the', 'Irish', 'Economy', 'A', 'short', 'survey', 'from', 'a', 'PhD', 'student', 'Please', 'RT']",[],07:14:38,45114987
451,2014-07-23,Wed,14168,491836635584409600,10,brianmlucey,"['RT', '@MikeLyons1956', 'Israeli', 'criticism', 'does', 'not', 'equate', 'to', 'anti', 'semitism', 'Nor', 'does', 'support', 'for', 'ordinary', 'people', 'of', 'Gaza', 'equate', 'to', 'support', 'Hamas']",[],06:46:06,45114987
452,2014-07-23,Wed,14168,491819521595154432,0,brianmlucey,"['Aaaarrrgh', 'Has', 'the', '@Independentie', 'site', 'started', 'to', 'play', 'video', 'ads', 'automatically', 'when', 'on', 'a', 'page', 'Nooooo']",[],05:38:06,45114987
453,2014-07-22,Tue,14168,491514980748263424,0,brianmlucey,"['The', 'brian', 'lucey', 'Daily', 'is', 'out', 'Stories', 'via', '@Alea', '@thejournalie', '@LorcanRK']",[],09:27:57,45114987
454,2014-07-21,Mon,14168,491284890407956480,4,brianmlucey,"['I', 'guess', 'the', 'usual', 'dreary', 'parade', 'of', 'IDF', 'apologists', 'will', 'be', 'out', 'to', 'poopoo', 'this', 'video', 'of', 'plain', 'murder']",[],18:13:40,45114987
455,2014-07-21,Mon,14168,491281961869377536,2,brianmlucey,"['So', 'a', 'presumably', 'IDF', 'sniper', 'shoots', 'a', 'man', 'carrying', 'a', 'stretcher', 'then', '2x', 'more', 'when', 'he', 'is', 'on', 'the', 'ground', 'Murder']",[],18:02:01,45114987
456,2014-07-21,Mon,14168,491275567820705792,10,brianmlucey,"['Straight', 'up', 'murder', 'This', 'is', 'life', 'in', 'gaza', 'Man', 'on', 'rescue', 'work', 'shot', 'by', 'sniper', 'then', 'x2', 'more', 'on', 'ground', 'Murder']",[],17:36:37,45114987
457,2014-07-21,Mon,14168,491207651494481920,0,brianmlucey,"['Yehee', '@ELSFinance', 'seem', 'to', 'have', 'finally', 'gotten', 'the', 'find', 'reviewer', 'database', 'to', 'auto', 'link', 'to', 'select', 'this', 'person', 'as', 'a', 'reviewer', 'This', 'is', 'BIG']",[],13:06:44,45114987
458,2014-07-21,Mon,14168,491199734896664576,1,brianmlucey,"['Here', 'is', 'a', 'great', 'new', 'eco-friendly', 'low', 'impact', 'tourist', 'idea', 'from', 'a', 'smart', 'graduate', 'support', 'it', 'sea', 'ecology']",[],12:35:17,45114987
459,2014-07-21,Mon,14168,491179705429934081,0,brianmlucey,"['sigh', 'Have', 'had', 'to', 'ban', 'someone', 'on', 'my', 'blog', 'Folks', 'you', 'want', 'to', 'insult', 'me', 'do', 'it', 'to', 'my', 'face', 'not', 'anonymously', 'mmmkaay']",[],11:15:42,45114987
460,2014-07-21,Mon,14168,491152600923131904,0,brianmlucey,"['The', 'brian', 'lucey', 'Daily', 'is', 'out', 'Stories', 'via', '@EduIreland', '@JimSheridan', '@Noahpinion']",[],09:27:59,45114987
461,2014-07-21,Mon,14168,491146516787392512,2,brianmlucey,"['if', 'you', 'would', 'like', 'information', 'and', 'emails', 'on', 'blogposts', 'regarding', 'higher', 'education', 'sign', 'up', 'here', 'Please', 'RT']",[],09:03:49,45114987
462,2014-07-21,Mon,14168,491145353547112448,1,brianmlucey,"['Some', 'blogposts', 'on', 'higher', 'education']",[],08:59:11,45114987
463,2014-07-21,Mon,14168,491099702142963712,1,brianmlucey,"['Ban', 'ciggies', 'RT', '@boredandfussy', 'Tobacco', 'giants', 'may', 'sue', 'over', 'plain', 'packaging', 'via', '@IrishTimes']",[],05:57:47,45114987
464,2014-07-21,Mon,14168,491089411195432960,6,brianmlucey,"['Israel', 'using', 'flechette', 'shells', 'in', 'Gaza', 'via', '@IrishTimes', 'War', 'crime', 'if', 'true', 'Who', 'cares']",[],05:16:54,45114987
465,2014-07-20,Sun,14168,490790197328896000,0,brianmlucey,"['The', 'brian', 'lucey', 'Daily', 'is', 'out']",[],09:27:56,45114987
466,2014-07-20,Sun,14168,490764322360946689,11,brianmlucey,"['Why', 'dont', 'the', 'Sindo', 'name', 'the', 'stockbroker', 'still', 'employed', 'at', 'a', 'prominent', 'Dublin', 'stockbrokers', 'via', '@sharethis']",[],07:45:07,45114987
467,2014-07-20,Sun,14168,490757228123533313,1,brianmlucey,"['Are', 'Precious', 'Metals', 'Really', 'a', 'Homogenous', 'Asset', 'Class', '@SSRN']",[],07:16:55,45114987
468,2014-07-20,Sun,14168,490757091301138433,0,brianmlucey,"['Rationality', 'in', 'Precious', 'Metals', 'Forward', 'Markets', 'Evidence', 'of', 'Behavioural', 'Deviations', 'in', 'the', 'Gold', 'Markets', '@SSRN']",[],07:16:23,45114987
469,2014-07-20,Sun,14168,490753004921159680,0,brianmlucey,"['you', 'know', '@CliffTaylorSBP', 'if', 'you', 'showed', 'a', 'list', 'of', 'content', 'on', 'they', 'pay', 'site', 'it', 'might', 'attract', 'people', 'to', 'subscribe', 'At', 'present', 'not', 'clear', 'what', 'in']",[],07:00:08,45114987
470,2014-07-20,Sun,14168,490751625787899904,0,brianmlucey,"['if', 'you', 'would', 'like', 'to', 'get', 'semi', 'regular', 'blogpost', 'updates', 'on', 'issues', 'on', 'higher', 'education', 'sign', 'up', 'here', 'Thanks', 'Please', 'RT']",[],06:54:39,45114987
