0,2014-09-29,Mon,89531,516668721881182208,0,dealbook,"['Consumer', 'Agency', 'Penalizes', 'Flagstar', 'Bank', 'Over', 'Mortgage', 'Servicing']",[],19:19:57,16955517
1,2014-09-29,Mon,89531,516649765808123904,3,dealbook,"['Bank', 'of', 'America', 'Settles', 'SEC', 'Case', 'on', '$4', 'Billion', 'Accounting', 'Error']",[],18:04:37,16955517
2,2014-09-29,Mon,89531,516620510927806464,3,dealbook,"['Chemistry', 'May', 'Not', 'Be', 'Right', 'for', 'a', 'SoftBank-DreamWorks', 'Tie-Up']",[],16:08:22,16955517
3,2014-09-29,Mon,89531,516600135460343808,5,dealbook,"['Eric', 'Holder', 's', 'Mixed', 'Legacy', 'on', 'White-Collar', 'Crime']",[],14:47:24,16955517
4,2014-09-29,Mon,89531,516592299040841728,3,dealbook,"['Joh', 'A', 'Benckiser', 'to', 'Buy', 'Bagel', 'Maker', 'Einstein', 'Noah', 'for', '$374', 'Million']",[],14:16:16,16955517
5,2014-09-29,Mon,89531,516581660624965633,4,dealbook,"['Encana', 'to', 'Buy', 'Athlon', 'for', '$59', 'Billion', 'to', 'Bolster', 'Oil-Producing', 'Holdings']",[],13:34:00,16955517
6,2014-09-29,Mon,89531,516581659442184192,4,dealbook,"['Revenue', 'at', 'Biggest', '100', 'Law', 'Firms', 'Rose', '43', 'in', '2013']",[],13:33:59,16955517
7,2014-09-29,Mon,89531,516572691160383489,4,dealbook,"['Banco', 'Santander', 'Names', 'New', 'Head', 'of', 'British', 'Business']",[],12:58:21,16955517
8,2014-09-29,Mon,89531,516565233314566144,0,dealbook,"['Morning', 'Agenda', 'Bond', 'King', 'Quits']",[],12:28:43,16955517
9,2014-09-29,Mon,89531,516553955254759424,12,dealbook,"['Tibco', 'Software', 'to', 'Sell', 'Itself', 'to', 'Private', 'Equity', 'Firm', 'for', '$43', 'Billion']",[],11:43:54,16955517
10,2014-09-29,Mon,89531,516548841613848576,1,dealbook,"['Lloyds', 'Terminates', 'Eight', 'and', 'Claws', 'Back', 'Bonuses', 'in', 'Rate', 'Inquiry']",[],11:23:35,16955517
11,2014-09-29,Mon,89531,516531338015678465,1,dealbook,"['UBS', 'Initiates', 'Share', 'Exchange', 'Offer', 'to', 'Reshape', 'Company', 'Structure']",[],10:14:02,16955517
12,2014-09-29,Mon,89531,516516610186964993,4,dealbook,"['French', 'Engineering', 'Firm', 'Spie', 'Expects', 'to', 'Raise', '$1', 'Billion', 'in', 'IPO']",[],09:15:30,16955517
13,2014-09-29,Mon,89531,516509306037223425,0,dealbook,"['Charges', 'Filed', 'Against', 'Former', 'Hypo', 'Real', 'Estate', 'Managers']",[],08:46:29,16955517
14,2014-09-29,Mon,89531,516504242992193536,3,dealbook,"['Dubai', 'Mall', 'Operator', 'Raises', '$16', 'Billion', 'in', 'IPO']",[],08:26:22,16955517
15,2014-09-29,Mon,89531,516416931138908160,0,dealbook,"['Citing', 'Low', 'Offers', 'Treasury', 'Wine', 'Halts', 'Takeover', 'Talks']",[],02:39:25,16955517
16,2014-09-27,Sat,89531,515961062240567297,0,dealbook,"['Major', 'Allergan', 'Investor', 'Joins', 'Chorus', 'Against', 'Salix', 'Deal']",[],20:27:57,16955517
17,2014-09-27,Sat,89531,515670465462140931,4,dealbook,"['Judge', 'Grants', 'Temporary', 'Stay', 'in', 'Argentina', 'Default', 'Case']",[],01:13:14,16955517
18,2014-09-27,Sat,89531,515666085165936640,2,dealbook,"['Tougher', 'Shield', 'for', 'Soldiers', 'Against', 'Predatory', 'Lenders']",[],00:55:49,16955517
19,2014-09-26,Fri,89531,515637216065097728,6,dealbook,"['Casino', 'Magnate', 'Steve', 'Wynn', 'Sues', 'Short-Seller', 'for', 'Slander']",[],23:01:07,16955517
20,2014-09-26,Fri,89531,515590415555522560,7,dealbook,"['Bill', 'Gross', 'and', 'Janus', 'Capital', 'Both', 'With', 'Past', 'Glories']",[],19:55:08,16955517
21,2014-09-26,Fri,89531,515557980541292544,1,dealbook,"['Readers', 'Respond', 'to', 'Tactics', 'of', 'Subprime', 'Auto', 'Lenders']",[],17:46:15,16955517
22,2014-09-26,Fri,89531,515549812469792768,1,dealbook,"['Janus', 'Capital', 'Bill', 'Gross', 's', 'New', 'Firm', 'Has', 'a', 'Troubled', 'Past']",[],17:13:48,16955517
23,2014-09-26,Fri,89531,515543801184931840,6,dealbook,"['Activist', 'Hedge', 'Fund', 'Pushes', 'Yahoo', 'to', 'Weigh', 'a', 'Deal', 'With', 'AOL']",[],16:49:55,16955517
24,2014-09-26,Fri,89531,515534634445438976,1,dealbook,"['British', 'Regulators', 'Discuss', 'Settlement', 'With', 'Banks', 'in', 'Currency', 'Case']",[],16:13:29,16955517
25,2014-09-26,Fri,89531,515531156549545984,0,dealbook,"['Another', 'Critical', 'Voice', 'Joins', 'Ackman', 'on', 'Allergan', 'Maker', 'of', 'Botox']",[],15:59:40,16955517
26,2014-09-26,Fri,89531,515526048751308800,4,dealbook,"['Departure', 'of', 'Gross', 'Stokes', 'Fear', 'of', 'Bond', 'Selling', 'Spree']",[],15:39:22,16955517
27,2014-09-26,Fri,89531,515518433447145472,2,dealbook,"['Businesses', 'Raise', 'Alarms', 'About', 'London', 's', 'High', 'Cost', 'of', 'Housing']",[],15:09:07,16955517
28,2014-09-26,Fri,89531,515507280998318080,1,dealbook,"['The', 'Long', 'and', 'Sometimes', 'Wacky', 'Reign', 'of', 'the', 'Bond', 'King']",[],14:24:48,16955517
29,2014-09-26,Fri,89531,515486252154761216,4,dealbook,"['William', 'Gross', 'Leaves', 'Pimco', 'to', 'Join', 'Janus']",[],13:01:14,16955517
30,2014-09-26,Fri,89531,515470861789167616,8,dealbook,"['Miss', 'a', 'payment', 'Good', 'luck', 'moving', 'that', 'car', '@jbsgreenberg', 'and', '@mcorkery5', 'are', 'tracking', 'the', 'boom', 'in', 'subprime', 'auto', 'loans']",[],12:00:05,16955517
31,2014-09-26,Fri,89531,515465325727731712,1,dealbook,"['Morning', 'Agenda', 'Yahoo', 's', 'Decision', 'Point']",[],11:38:05,16955517
32,2014-09-26,Fri,89531,515456357181689857,0,dealbook,"['Chiquita', 'and', 'Fyffes', 'Revise', 'Merger', 'Deal']",[],11:02:26,16955517
33,2014-09-26,Fri,89531,515305280717193217,4,dealbook,"['Yahoo', 'Faces', 'Moment', 'of', 'Decision', 'Again']",[],01:02:07,16955517
34,2014-09-26,Fri,89531,515300018681827328,1,dealbook,"['A', 'Murky', 'Process', 'Yields', 'Cleaner', 'Professional', 'Records', 'for', 'Stockbrokers']",[],00:41:12,16955517
35,2014-09-25,Thu,89531,515286115340009475,3,dealbook,"['Lampert', 's', 'Hedge', 'Fund', 'Loses', 'Participant', 'in', 'Loan', 'to', 'Sears']",[],23:45:58,16955517
36,2014-09-25,Thu,89531,515276567510286336,2,dealbook,"['Sequoia', 'Capital', 'Returns', 'to', 'Investing', 'in', 'Brazil']",[],23:08:01,16955517
37,2014-09-25,Thu,89531,515273465696624640,1,dealbook,"['A', 'Side', 'Dish', 'of', 'Confusion', 'in', 'Board', 'Fight', 'at', 'Darden', 'Restaurants']",[],22:55:42,16955517
38,2014-09-25,Thu,89531,515241710138703872,1,dealbook,"['Sears', 'Already', 'Struggling', 'Loses', 'a', 'Key', 'Lender']",[],20:49:31,16955517
39,2014-09-25,Thu,89531,515240119943827456,11,dealbook,"['Marc', 'Andreessen', 'Sounds', 'Warning', 'on', 'Start-Ups', 'Burning', 'Cash']",[],20:43:11,16955517
40,2014-09-25,Thu,89531,515229701548544000,1,dealbook,"['Former', 'Mattel', 'Chief', 'Robert', 'Eckert', 'Joins', 'Friedman', 'Fleischer', 'amp', 'Lowe']",[],20:01:48,16955517
41,2014-09-25,Thu,89531,515205494869618688,1,dealbook,"['Travelport', 'Shares', 'Rise', 'in', 'Their', 'Trading', 'Debut']",[],18:25:36,16955517
42,2014-09-25,Thu,89531,515195014646095873,0,dealbook,"['Wall', 'Street', 'Still', 'Needs', 'a', 'Leader', 'on', 'Reform']",[],17:43:58,16955517
43,2014-09-25,Thu,89531,515189890741706752,1,dealbook,"['Lloyds', 'to', 'Sell', '115', 'Percent', 'Stake', 'in', 'the', 'Lender', 'TSB']",[],17:23:36,16955517
44,2014-09-25,Thu,89531,515177042850365441,1,dealbook,"['Sam', 'Waksal', 's', 'New', 'Biotech', 'Venture', 'Tests', 'Investor', 'Forgiveness']",[],16:32:33,16955517
45,2014-09-25,Thu,89531,515153500842778624,3,dealbook,"['Buoyant', 'Dollar', 'Underlines', 'Resurgence', 'in', 'US', 'Economy']",[],14:59:00,16955517
46,2014-09-25,Thu,89531,515134689972326400,2,dealbook,"['British', 'Roadside', 'Assistance', 'Company', 'RAC', 'Decides', 'Against', 'IPO']",[],13:44:15,16955517
47,2014-09-25,Thu,89531,515131835601661952,0,dealbook,"['Britain', 'Seeks', 'to', 'Widen', 'Law', 'Against', 'Rigging', 'of', 'Financial', 'Benchmarks']",[],13:32:54,16955517
48,2014-09-25,Thu,89531,515118412448923649,3,dealbook,"['FiveStars', 'a', 'Consumer', 'Loyalty', 'Start-Up', 'Raises', '$26', 'Million']",[],12:39:34,16955517
49,2014-09-25,Thu,89531,515101943791099904,1,dealbook,"['Morning', 'Agenda', 'Devices', 'Fuel', 'Subprime', 'Auto', 'Boom']",[],11:34:08,16955517
50,2014-09-25,Thu,89531,515059045158633473,1,dealbook,"['RBS', 'Chairman', 'to', 'Step', 'Down', 'and', 'Join', 'GlaxoSmithKline']",[],08:43:40,16955517
51,2014-09-25,Thu,89531,514951901394530304,4,dealbook,"['Miss', 'a', 'Payment', 'Good', 'Luck', 'Moving', 'That', 'Car']",[],01:37:55,16955517
52,2014-09-24,Wed,89531,514923016581824512,3,dealbook,"['With', 'China', 'Set', 'to', 'Open', 'Stock', 'Trading', 'Investors', 'Lay', 'Groundwork']",[],23:43:08,16955517
53,2014-09-24,Wed,89531,514913390494769152,4,dealbook,"['Biotech', 'Firm', 'Adaptimmune', 'Attracts', '$104', 'Million', 'Investment']",[],23:04:53,16955517
54,2014-09-24,Wed,89531,514905012485771264,0,dealbook,"['Travelport', 'Prices', 'Shares', 'at', 'Top', 'of', 'Range', 'in', 'IPO']",[],22:31:36,16955517
55,2014-09-24,Wed,89531,514879339054505984,4,dealbook,"['Ex-Investor', 'Relations', 'Executive', 'Pleads', 'Guilty', 'to', 'Insider', 'Trading']",[],20:49:35,16955517
56,2014-09-24,Wed,89531,514854068406476800,1,dealbook,"['Smart', 'amp', 'Final', 'Shares', 'Gain', 'on', 'First', 'Day']",[],19:09:10,16955517
57,2014-09-24,Wed,89531,514852195997868033,0,dealbook,"['New', 'British', 'Center', 'Seeks', 'to', 'Offer', 'Ideas', 'on', 'Preventing', 'Financial', 'Crises']",[],19:01:43,16955517
58,2014-09-24,Wed,89531,514827559675392000,5,dealbook,"['Citizens', 'Financial', 'Rises', 'in', 'Market', 'Debut']",[],17:23:49,16955517
59,2014-09-24,Wed,89531,514809191220133888,1,dealbook,"['Valeant', 'Switches', 'to', 'Sugar', 'but', 'Allergan', 'Still', 'Not', 'Biting']",[],16:10:50,16955517
60,2014-09-24,Wed,89531,514806089800773632,1,dealbook,"['No', 'Froth', 'in', 'Starbucks', 'Buyout', 'in', 'Japan']",[],15:58:31,16955517
61,2014-09-24,Wed,89531,514787337210200064,0,dealbook,"['BHP', 'Billiton', 'Considers', 'New', 'Listing', 'in', 'London', 'for', 'Spin-Off']",[],14:44:00,16955517
62,2014-09-24,Wed,89531,514744105357033473,5,dealbook,"['SEC', 'Is', 'Examining', 'Pimco', 'Exchange', 'Traded', 'Fund']",[],11:52:12,16955517
63,2014-09-24,Wed,89531,514739609331572737,1,dealbook,"['Morning', 'Agenda', 'Wall', 'St', 'Helps', 'Out', 'AIG', 's', 'Ex-Chief']",[],11:34:20,16955517
64,2014-09-24,Wed,89531,514726824933617664,4,dealbook,"['A', 'Birthday', 'Party', 'of', 'Sorts', 'for', 'US', 'Prosecutors', 'in', 'New', 'York']",[],10:43:32,16955517
65,2014-09-24,Wed,89531,514723830104076289,4,dealbook,"['Santander', 'and', 'UniCredit', 'in', 'Talks', 'to', 'Combine', 'Asset', 'Management', 'Units']",[],10:31:38,16955517
66,2014-09-24,Wed,89531,514690468710723584,1,dealbook,"['Shareholders', 'Advised', 'to', 'Reject', 'Sherborne', 'Bid', 'for', 'Electra', 'Seats']",[],08:19:04,16955517
67,2014-09-24,Wed,89531,514596235970613248,6,dealbook,"['As', 'Ex-Chief', 'of', 'AIG', 'Sues', 'US', 'Wall', 'St', 'Is', 'Happy', 'to', 'Pay', 'the', 'Tab']",[],02:04:38,16955517
68,2014-09-24,Wed,89531,514584175589203969,2,dealbook,"['New', 'Rules', 'Make', 'Inversions', 'Less', 'Lucrative', 'Experts', 'Say']",[],01:16:42,16955517
69,2014-09-23,Tue,89531,514550143736348672,1,dealbook,"['Treasury', 'Takes', 'a', 'Modest', 'Step', 'on', 'Inversions']",[],23:01:28,16955517
70,2014-09-23,Tue,89531,514547234030231552,3,dealbook,"['Citizens', 'Financial', 'Prices', 'IPO', 'at', '$2150', 'Below', 'Expected', 'Range']",[],22:49:55,16955517
71,2014-09-23,Tue,89531,514539521191731200,2,dealbook,"['Hedge', 'Funds', 'Are', 'Still', 'Finding', 'Love', 'Just', 'Not', 'at', 'Calpers']",[],22:19:16,16955517
72,2014-09-23,Tue,89531,514497328200564736,1,dealbook,"['Rocket', 'Internet', 'of', 'Germany', 'Prices', 'Its', 'IPO']",[],19:31:36,16955517
73,2014-09-23,Tue,89531,514493732981600256,6,dealbook,"['US', 'Curbs', 'on', 'Inversions', 'May', 'Deter', 'Some', 'Pharmaceutical', 'Deals']",[],19:17:19,16955517
74,2014-09-23,Tue,89531,514442335145721857,1,dealbook,"['Tiger', 'Global', 'Big', 'Investor', 'in', 'Tech', 'Start-Ups', 'Said', 'to', 'Plan', 'New', '$15', 'Billion', 'Fund']",[],15:53:05,16955517
75,2014-09-23,Tue,89531,514413591609765888,8,dealbook,"['German', 'Prosecutors', 'Charge', 'Deutsche', 'Bank', 'Executives']",[],13:58:52,16955517
76,2014-09-23,Tue,89531,514390960315564032,2,dealbook,"['Ackman', 'Threatens', 'to', 'Sue', 'If', 'Allergan', 'Proceeds', 'With', 'Salix', 'Deal']",[],12:28:56,16955517
77,2014-09-23,Tue,89531,514376485264982016,1,dealbook,"['Morning', 'Agenda', 'Crackdown', 'on', 'Inversions']",[],11:31:25,16955517
78,2014-09-23,Tue,89531,514362901973704704,3,dealbook,"['British', 'Regulators', 'Fine', 'Barclays', '$616', 'Million', 'Over', 'Account', 'Issues']",[],10:37:26,16955517
79,2014-09-23,Tue,89531,514349203213271040,5,dealbook,"['Fertilizer', 'Makers', 'Yara', 'and', 'CF', 'Industries', 'Discussing', 'Merger', 'of', 'Equals']",[],09:43:00,16955517
80,2014-09-23,Tue,89531,514342612233621504,4,dealbook,"['Philips', 'to', 'Split', 'Into', 'Two', 'Companies', 'in', 'a', 'Continuing', 'Revamp']",[],09:16:49,16955517
81,2014-09-23,Tue,89531,514315912477147136,5,dealbook,"['Luxury', 'Shoe', 'Brand', 'Jimmy', 'Choo', 'to', 'List', 'Shares', 'in', 'London']",[],07:30:43,16955517
82,2014-09-23,Tue,89531,514222459101646848,1,dealbook,"['High', 'Hopes', 'for', 'Russia', 'Are', 'Fading', 'on', 'Wall', 'St']",[],01:19:22,16955517
83,2014-09-23,Tue,89531,514216488224698368,4,dealbook,"['EMC', 's', 'Strategic', 'Explorations', 'Surprise', 'Analysts']",[],00:55:39,16955517
84,2014-09-22,Mon,89531,514186898609569792,7,dealbook,"['Botox', 'Maker', 'Allergan', 'Said', 'to', 'Be', 'in', 'Talks', 'to', 'Acquire', 'Salix']",[],22:58:04,16955517
85,2014-09-22,Mon,89531,514171106715258880,12,dealbook,"['SEC', 'Makes', 'Largest', 'Ever', 'Whistle-Blower', 'Award']",[],21:55:19,16955517
86,2014-09-22,Mon,89531,514151789609111553,4,dealbook,"['BlackRock', 'Urges', 'Overhaul', 'of', 'Corporate', 'Bond', 'Trading']",[],20:38:33,16955517
87,2014-09-22,Mon,89531,514108686068097027,2,dealbook,"['Pursuit', 'of', 'Individuals', 'in', 'Corporate', 'Misconduct', 'Still', 'Arduous']",[],17:47:17,16955517
88,2014-09-22,Mon,89531,514102512409133057,5,dealbook,"['Barclays', 'Hires', 'Former', 'Citigroup', 'Banker', 'to', 'Head', 'Wealth', 'Management']",[],17:22:45,16955517
89,2014-09-22,Mon,89531,514094970119405568,6,dealbook,"['Jack', 'Ma', 'on', 'Alibaba', 'Entrepreneurs', 'and', 'the', 'Role', 'of', 'Handstands']",[],16:52:46,16955517
90,2014-09-22,Mon,89531,514086618345795584,3,dealbook,"['Valuing', 'SoftBank', 'in', 'Alibaba', 's', 'Aftermath']",[],16:19:35,16955517
91,2014-09-22,Mon,89531,514086617209126912,6,dealbook,"['German', 'Companies', 'Continue', 'Their', 'Buying', 'Spree']",[],16:19:35,16955517
92,2014-09-22,Mon,89531,514055481283710976,0,dealbook,"['P2', 'Capital', 'Partners', 'Raises', 'Pressure', 'on', 'Epiq', 'a', 'Maker', 'of', 'Legal', 'Software']",[],14:15:52,16955517
93,2014-09-22,Mon,89531,514032248438681600,2,dealbook,"['Auxilium', 's', 'Board', 'Rejects', 'Takeover', 'Approach', 'From', 'Endo']",[],12:43:32,16955517
94,2014-09-22,Mon,89531,514019959266377728,3,dealbook,"['Mitsubishi', 'to', 'Buy', 'Salmon', 'Producer', 'for', '$139', 'Billion']",[],11:54:42,16955517
95,2014-09-22,Mon,89531,514012594525708288,1,dealbook,"['Morning', 'Agenda', 'Alibaba', 's', 'IPO', 'Aftermath']",[],11:25:27,16955517
96,2014-09-22,Mon,89531,514011044143202304,7,dealbook,"['Siemens', 'Makes', '$76', 'Billion', 'Bet', 'on', 'Fracking', 'in', 'US']",[],11:19:17,16955517
97,2014-09-22,Mon,89531,514000443249537024,11,dealbook,"['Merck', 'of', 'Germany', 'to', 'Acquire', 'Sigma-Aldrich', 'for', '$17', 'Billion']",[],10:37:09,16955517
98,2014-09-22,Mon,89531,513980079052193793,1,dealbook,"['Upstart', 'Bank', 'Aldermore', 'to', 'List', 'Shares', 'in', 'London']",[],09:16:14,16955517
99,2014-09-22,Mon,89531,513961847721320448,1,dealbook,"['Battle', 'Heats', 'Up', 'Between', 'Electra', 'Private', 'Equity', 'and', 'Sherborne']",[],08:03:48,16955517
100,2014-09-22,Mon,89531,513957373518811136,10,dealbook,"['Alibaba', 's', 'IPO', 'Raises', '$25', 'Billion', 'to', 'Set', 'Global', 'Record']",[],07:46:01,16955517
101,2014-09-22,Mon,89531,513876447250120704,5,dealbook,"['Siemens', 'Agrees', 'to', 'Buy', 'Dresser-Rand', 'an', 'Oil', 'Services', 'Company', 'for', '$76', 'Billion']",[],02:24:27,16955517
102,2014-09-22,Mon,89531,513863130603339777,12,dealbook,"['EMC', 'Said', 'to', 'Have', 'Held', 'Merger', 'Talks', 'With', 'HP']",[],01:31:32,16955517
103,2014-09-22,Mon,89531,513851195912634368,8,dealbook,"['Silver', 'Lake', 'Reaps', 'a', 'Golden', 'Return', 'on', 'Its', 'Alibaba', 'Stake', 'After', 'the', 'IPO']",[],00:44:06,16955517
104,2014-09-20,Sat,89531,513121097580285952,3,dealbook,"['A', 'Soaring', 'Debut', 'for', 'Alibaba']",[],00:22:57,16955517
105,2014-09-19,Fri,89531,513061636144640000,5,dealbook,"['Calculating', 'Yahoos', 'Value']",[],20:26:40,16955517
106,2014-09-19,Fri,89531,513058004502347778,3,dealbook,"['Unofficial', 'Closing', 'Price', '$9389']",[],20:12:15,16955517
107,2014-09-19,Fri,89531,513052352195334144,2,dealbook,"['Another', 'Asian', 'Magnates', 'Wealth', 'Rises', 'Handsomely']",[],19:49:47,16955517
108,2014-09-19,Fri,89531,513041958886191104,6,dealbook,"['Man', 'Pleads', 'Guilty', 'to', 'Passing', 'Tips', 'in', 'Post-it', 'Insider', 'Trading', 'Ring']",[],19:08:29,16955517
109,2014-09-19,Fri,89531,513035712711905280,4,dealbook,"['Appeals', 'Court', 'Dismisses', 'Citibank', 'Appeal', 'in', 'Argentina', 'Case']",[],18:43:40,16955517
110,2014-09-19,Fri,89531,513026791305674753,4,dealbook,"['Larry', 'Ellison', 'Keeps', 'a', 'Hand', 'on', 'the', 'Wheel', 'at', 'Oracle']",[],18:08:13,16955517
111,2014-09-19,Fri,89531,513016548144205824,3,dealbook,"['Why', 'Yahoos', 'Stock', 'Is', 'Falling']",[],17:27:31,16955517
112,2014-09-19,Fri,89531,513015003423973377,0,dealbook,"['Facebook', 'Valued', 'More', 'by', 'One', 'Measure']",[],17:21:22,16955517
113,2014-09-19,Fri,89531,513010843823648768,0,dealbook,"['Midday', 'Retreat']",[],17:04:51,16955517
114,2014-09-19,Fri,89531,513009942861991936,0,dealbook,"['Yahoo', 'Executives', 'Take', 'Part', 'in', 'the', 'Raucousness']",[],17:01:16,16955517
115,2014-09-19,Fri,89531,513009122833620992,0,dealbook,"['British', 'Food', 'Delivery', 'Giant', 'Forms', 'Joint', 'Venture', 'in', 'Brazil']",[],16:58:00,16955517
116,2014-09-19,Fri,89531,512999469307424769,10,dealbook,"['Alibaba', 'Worth', 'More', 'than', 'Facebook']",[],16:19:39,16955517
117,2014-09-19,Fri,89531,512996533533679616,0,dealbook,"['Putting', 'Soul', 'Back', 'Into', 'Business']",[],16:07:59,16955517
118,2014-09-19,Fri,89531,512995271429881856,0,dealbook,"['Getting', 'Out', 'of', 'Alibabas', 'Way']",[],16:02:58,16955517
119,2014-09-19,Fri,89531,512994475132878848,10,dealbook,"['Alibaba', 'starts', 'trading', 'with', 'a', 'market', 'valuation', 'of', '$2285', 'billion', '$BABA']",['BABA'],15:59:48,16955517
120,2014-09-19,Fri,89531,512994264532680704,5,dealbook,"['Alibabas', 'opening', 'price', 'is', 'a', '36', 'percent', 'jump', 'above', 'the', 'IPO', 'price', 'reflecting', 'investors', 'hunger', '$BABA']",['BABA'],15:58:58,16955517
121,2014-09-19,Fri,89531,512994059510898689,2,dealbook,"['Alibaba', 'has', 'started', 'trading', 'at', '$9270', 'a', 'share', 'nearly', 'two', 'and', 'a', 'half', 'hours', 'after', 'the', 'market', 'opened', '$BABA']",['BABA'],15:58:09,16955517
122,2014-09-19,Fri,89531,512993656689917952,0,dealbook,"['The', 'Start', 'of', 'Trading']",[],15:56:33,16955517
123,2014-09-19,Fri,89531,512993340800131072,68,dealbook,"['$9270', '$BABA']",['BABA'],15:55:18,16955517
124,2014-09-19,Fri,89531,512982032595812352,7,dealbook,"['Stewart', 'The', 'Numbers', 'Behind', 'Alibabas', 'Story']",[],15:10:21,16955517
125,2014-09-19,Fri,89531,512980379394146304,2,dealbook,"['SoftBank', 'Chiefs', 'Outlook']",[],15:03:47,16955517
126,2014-09-19,Fri,89531,512973725231493121,1,dealbook,"['Jack', 'Ma', 'on', 'Spending', 'His', 'Billions', 'and', 'Forrest', 'Gump']",[],14:37:21,16955517
127,2014-09-19,Fri,89531,512971732505079808,2,dealbook,"['In', 'China', 'Alibaba', 's', 'New', 'Campus', 'Sets', 'Up', 'for', 'a', 'Big', 'Party']",[],14:29:26,16955517
128,2014-09-19,Fri,89531,512968610034511872,4,dealbook,"['Caution', 'on', 'Alibabas', 'Future']",[],14:17:01,16955517
129,2014-09-19,Fri,89531,512961302504165376,0,dealbook,"['Employees', 'and', 'Executives', 'at', 'NYSE']",[],13:47:59,16955517
130,2014-09-19,Fri,89531,512960466155749378,1,dealbook,"['Jack', 'Ma', 'on', 'the', 'Floor', 'Not', 'at', 'the', 'Bell']",[],13:44:40,16955517
131,2014-09-19,Fri,89531,512956109632839680,0,dealbook,"['Alibabas', 'Lucky', 'Numbers']",[],13:27:21,16955517
132,2014-09-19,Fri,89531,512953971577978880,3,dealbook,"['The', 'Whale', 'of', 'the', 'IPO', 'Market']",[],13:18:51,16955517
133,2014-09-19,Fri,89531,512950923854118912,0,dealbook,"['Who', 'Got', 'In', 'at', 'the', 'Debut', 'Price']",[],13:06:45,16955517
134,2014-09-19,Fri,89531,512949393092538369,2,dealbook,"['How', 'Alibaba', 'Is', 'Set', 'Up']",[],13:00:40,16955517
135,2014-09-19,Fri,89531,512946912899903488,2,dealbook,"['Dont', 'Look', 'for', 'Alibabas', 'Price', 'Right', 'at', '930', 'AM']",[],12:50:48,16955517
136,2014-09-19,Fri,89531,512929008917696512,0,dealbook,"['The', 'Scene', 'Outside', 'the', 'New', 'York', 'Stock', 'Exchange']",[],11:39:40,16955517
137,2014-09-19,Fri,89531,512927176761810944,4,dealbook,"['Morning', 'Agenda', 'Alibaba', 'Makes', 'Its', 'Debut']",[],11:32:23,16955517
138,2014-09-19,Fri,89531,512918991955042304,3,dealbook,"['In', 'Hong', 'Kong', 'Wondering', 'What', 'Might', 'Have', 'Been']",[],10:59:51,16955517
139,2014-09-19,Fri,89531,512918698945183745,3,dealbook,"['Chemical', 'Maker', 'Arkema', 'in', 'Talks', 'to', 'Buy', 'Total', 's', 'Adhesive', 'Unit']",[],10:58:42,16955517
140,2014-09-19,Fri,89531,512916933822672897,2,dealbook,"['Russian', 'Steelmaker', 'Evraz', 'Considers', 'IPO', 'of', 'North', 'American', 'Unit']",[],10:51:41,16955517
141,2014-09-19,Fri,89531,512912486870564864,5,dealbook,"['Live', 'Blog', 'Tracking', 'the', 'Giant', 'Alibaba', 'IPO']",[],10:34:00,16955517
142,2014-09-19,Fri,89531,512877648423698432,7,dealbook,"['Vivendi', 'Picks', 'Telef\xc3\xb3nica', 'in', '$93', 'Billion', 'Deal', 'for', 'Brazilian', 'Telecom', 'Unit']",[],08:15:34,16955517
143,2014-09-19,Fri,89531,512794995628048384,4,dealbook,"['Pound', 'Rises', 'on', 'Early', 'Results', 'of', 'Scottish', 'Vote']",[],02:47:08,16955517
144,2014-09-19,Fri,89531,512778070512513024,5,dealbook,"['Alibaba', 'With', 'Its', 'IPO', 'Mints', 'Millionaires', 'and', 'Risk-Takers']",[],01:39:53,16955517
145,2014-09-19,Fri,89531,512765207328739330,30,dealbook,"['Rush', 'to', 'Invest', 'in', 'Alibaba', 'but', 'Concerns', 'Linger', 'About', 'the', 'Company', 's', 'Future']",[],00:48:46,16955517
146,2014-09-19,Fri,89531,512759228264501248,4,dealbook,"['Tops', 'in', 'E-Commerce', 'Alibaba', 'Is', 'Now', 'Taking', 'On', 'China', 's', 'Banks']",[],00:25:01,16955517
147,2014-09-19,Fri,89531,512759226012168193,3,dealbook,"['Fed', 'Rebukes', 'US', 'Branch', 'of', 'Santander']",[],00:25:00,16955517
148,2014-09-18,Thu,89531,512721006964654081,10,dealbook,"['SAP', 'Buys', 'Concur', 'Technologies', 'for', '$83', 'Billion']",[],21:53:08,16955517
149,2014-09-18,Thu,89531,512717765174509568,27,dealbook,"['Alibaba', 'Raises', '$218', 'Billion', 'in', 'Initial', 'Public', 'Offering']",[],21:40:15,16955517
150,2014-09-18,Thu,89531,512717587600244736,20,dealbook,"['At', '$68', 'a', 'share', 'Alibaba', 'is', 'worth', 'about', '$168', 'billion', '@mdelamerced', 'reports']",[],21:39:33,16955517
151,2014-09-18,Thu,89531,512716727449157633,17,dealbook,"['Alibaba', 'Prices', 'Its', 'IPO', 'at', '$68', 'a', 'Share', '@dealbook']",[],21:36:08,16955517
152,2014-09-18,Thu,89531,512711653884829696,1,dealbook,"['Citigroup', 'Tells', 'Appeals', 'Court', 'of', 'Its', 'Argentina', 'Quandary']",[],21:15:58,16955517
153,2014-09-18,Thu,89531,512694367614558208,1,dealbook,"['Allergan-Valeant', 'Fight', 'Holds', 'Lessons', 'for', 'All', 'Corporate', 'Shareholders']",[],20:07:17,16955517
154,2014-09-18,Thu,89531,512694364468822017,3,dealbook,"['Pabst', 'Is', 'Said', 'to', 'Near', 'a', 'Sale']",[],20:07:16,16955517
155,2014-09-18,Thu,89531,512681690263977984,2,dealbook,"['Fantex', 'Signs', 'Chicago', 'Bears', 'Player', 'for', 'an', 'IPO']",[],19:16:54,16955517
156,2014-09-18,Thu,89531,512667297824382976,2,dealbook,"['To', 'Mark', 'IPO', 'Alibaba', 'to', 'Make', 'Gift', 'to', 'Its', 'New', 'Market', 'Home']",[],18:19:43,16955517
157,2014-09-18,Thu,89531,512639373905772545,11,dealbook,"['Crowdfunding', 'Site', 'SeedInvest', 'Strikes', 'Deal', 'to', 'Widen', 'Its', 'Reach']",[],16:28:45,16955517
158,2014-09-18,Thu,89531,512630872538095617,0,dealbook,"['Investors', 'Reward', 'Bayer', 'for', 'Adopting', 'a', 'Sharper', 'Focus', 'on', 'Health', 'Care']",[],15:54:58,16955517
159,2014-09-18,Thu,89531,512593962285404161,3,dealbook,"['Visa', 'to', 'Evaluate', 'Stake', 'in', 'Monitise', 'a', 'British', 'Mobile', 'Payment', 'Processor']",[],13:28:18,16955517
160,2014-09-18,Thu,89531,512572281080807424,1,dealbook,"['Morning', 'Agenda', 'Markets', 'Keep', 'an', 'Eye', 'Out']",[],12:02:09,16955517
161,2014-09-18,Thu,89531,512566259960283136,2,dealbook,"['Identity', 'Security', 'Firm', 'Ping', 'Raises', '$35', 'Million', 'From', 'KKR', 'and', 'Others']",[],11:38:14,16955517
162,2014-09-18,Thu,89531,512542034956402688,3,dealbook,"['Bayer', 'to', 'Spin', 'Off', 'Polymer', 'Business', 'in', 'Public', 'Listing']",[],10:01:58,16955517
163,2014-09-18,Thu,89531,512519330886873088,0,dealbook,"['UBM', 'in', 'Talks', 'to', 'Acquire', 'California', 'Trade', 'Show', 'Organizer']",[],08:31:45,16955517
164,2014-09-18,Thu,89531,512513356654456832,2,dealbook,"['Zalando', 'IPO', 'Could', 'Value', 'Company', 'at', 'Up', 'to', '$73', 'Billion']",[],08:08:00,16955517
165,2014-09-17,Wed,89531,512386976763625472,2,dealbook,"['Brokers', 'Countersue', 'to', 'Thwart', 'Suits', 'by', 'Unhappy', 'Investors']",[],23:45:49,16955517
166,2014-09-17,Wed,89531,512377418632667136,3,dealbook,"['On', 'Eve', 'of', 'Alibaba', 's', 'IPO', 'Senator', 'Urges', 'SEC', 'to', 'Look', 'at', 'Risks', 'in', 'Some', 'Chinese', 'Offerings']",[],23:07:50,16955517
167,2014-09-17,Wed,89531,512350150488911873,0,dealbook,"['Consumer', 'Finance', 'Agency', 'Seeks', 'to', 'Broaden', 'Oversight', 'Over', 'Auto', 'Loans']",[],21:19:29,16955517
168,2014-09-17,Wed,89531,512332590465163264,7,dealbook,"['Justice', 'Department', 'Urges', 'Banks', 'to', 'Implicate', 'Employees']",[],20:09:42,16955517
169,2014-09-17,Wed,89531,512277821721694208,1,dealbook,"['Swiss', 'Pump', 'Maker', 'in', 'Merger', 'Talks', 'With', 'Dresser', 'Rand']",[],16:32:05,16955517
170,2014-09-17,Wed,89531,512272206244876288,1,dealbook,"['Valeant', 's', 'Last', 'Shot', 'to', 'Woo', 'Owners', 'of', 'Botox', 'Maker', 'Allergan']",[],16:09:46,16955517
171,2014-09-17,Wed,89531,512267107657322496,20,dealbook,"['Peter', 'Thiel', 'Mocks', 'Pot-Smoking', 'Twitter', 'Management']",[],15:49:30,16955517
172,2014-09-17,Wed,89531,512251276139450369,4,dealbook,"['Post-Lehman', 'Money', 'Market', 'Fund', 'Protections', 'Still', 'Weak']",[],14:46:36,16955517
173,2014-09-17,Wed,89531,512238160190136321,2,dealbook,"['Eike', 'Batista', 's', 'Assets', 'Are', 'Frozen', 'in', 'Wake', 'of', 'Insider', 'Trading', 'Charges']",[],13:54:28,16955517
174,2014-09-17,Wed,89531,512226358421114880,8,dealbook,"['Family', 'Dollar', 'Rejects', 'Dollar', 'General', 's', '$91', 'Billion', 'Tender', 'Offer']",[],13:07:35,16955517
175,2014-09-17,Wed,89531,512221066664890368,1,dealbook,"['Akin', 'Gump', 'Adds', '22', 'Bingham', 'McCutchen', 'Partners', 'at', 'Overseas', 'Offices']",[],12:46:33,16955517
176,2014-09-17,Wed,89531,512214298119380992,6,dealbook,"['Trian', 'Urges', 'DuPont', 'to', 'Break', 'Itself', 'Up']",[],12:19:39,16955517
177,2014-09-17,Wed,89531,512214297129517056,4,dealbook,"['Morning', 'Agenda', 'Investors', 'Reflect', 'on', 'Calpers', 'Move']",[],12:19:39,16955517
178,2014-09-17,Wed,89531,512214295984488448,4,dealbook,"['Ex-Currency', 'Trader', 'Braves', 'Tumultuous', 'Market']",[],12:19:39,16955517
179,2014-09-17,Wed,89531,512205111406632961,1,dealbook,"['Sherborne', 'Steps', 'Up', 'Pressure', 'on', 'Electra', 'Private', 'Equity', 'Before', 'Shareholder', 'Vote']",[],11:43:09,16955517
180,2014-09-17,Wed,89531,512202215944372225,1,dealbook,"['Marijuana', 'Start-Up', 'Reorganizes', 'With', 'an', 'Eye', 'Toward', 'IPO']",[],11:31:39,16955517
181,2014-09-17,Wed,89531,512196255771283456,1,dealbook,"['New', 'Broker', 'Seeks', 'Role', 'in', 'Secondary', 'Sales', 'of', 'Private', 'Stock']",[],11:07:58,16955517
182,2014-09-17,Wed,89531,512177924313985024,1,dealbook,"['Norway', 'to', 'Launch', 'IPO', 'of', 'State-Owned', 'Property', 'Company']",[],09:55:07,16955517
183,2014-09-17,Wed,89531,512165017530421248,4,dealbook,"['Sky', 'Deutschland', 'Tells', 'Investors', 'to', 'Reject', 'BSkyB', 'Offer']",[],09:03:50,16955517
184,2014-09-17,Wed,89531,512052806954803200,7,dealbook,"['With', 'Calpers', 'Quitting', 'Hedge', 'Funds', 'Other', 'Investors', 'Reflect']",[],01:37:57,16955517
185,2014-09-17,Wed,89531,512043004371427329,1,dealbook,"['Advocating', 'for', 'Victims', 'Of', 'Prepaid-Card', 'Fraud']",[],00:59:00,16955517
186,2014-09-16,Tue,89531,512001444745326592,0,dealbook,"['Rackspace', 'Decides', 'to', 'Go', 'It', 'Alone']",[],22:13:51,16955517
187,2014-09-16,Tue,89531,511993958537654276,1,dealbook,"['Drug', 'Maker', 'That', 'Did', 'an', 'Inversion', 'Seeks', 'to', 'Block', 'One']",[],21:44:06,16955517
188,2014-09-16,Tue,89531,511963617269657600,2,dealbook,"['Judge', 'Rejects', 'Wall', 'Street', 's', 'Suit', 'Against', 'Regulator']",[],19:43:32,16955517
189,2014-09-16,Tue,89531,511950781763682304,2,dealbook,"['Employee', 'of', 'Law', 'Firm', 'Wilson', 'Sonsini', 'Charged', 'With', 'Insider', 'Trading']",[],18:52:32,16955517
190,2014-09-16,Tue,89531,511950779784396801,1,dealbook,"['Abenomics', 'Meets', 'Ibiza', 'in', 'KKR', 's', 'Latest', 'Investment']",[],18:52:32,16955517
191,2014-09-16,Tue,89531,511947739123712000,1,dealbook,"['For', 'RadioShack', 'a', 'History', 'of', 'Misses']",[],18:40:27,16955517
192,2014-09-16,Tue,89531,511938750105272320,4,dealbook,"['Alibaba', 's', 'Governance', 'Leaves', 'Investors', 'at', 'a', 'Disadvantage']",[],18:04:44,16955517
193,2014-09-16,Tue,89531,511917697006051328,1,dealbook,"['Chiquita', 'Offers', 'Concessions', 'to', 'European', 'Regulators', 'for', 'Fyffes', 'Merger']",[],16:41:04,16955517
194,2014-09-16,Tue,89531,511906323387416576,0,dealbook,"['Alibaba', 's', 'Small', 'Increase', 'in', 'IPO', 'Price', 'Is', 'Puzzling']",[],15:55:52,16955517
195,2014-09-16,Tue,89531,511904663084732417,1,dealbook,"['Sears', 'Turns', 'to', 'Its', 'Chief', 'for', 'a', 'Loan']",[],15:49:17,16955517
196,2014-09-16,Tue,89531,511895783789318144,1,dealbook,"['Former', 'Amaranth', 'Trader', 'Settles', 'Manipulation', 'Suit']",[],15:14:00,16955517
197,2014-09-16,Tue,89531,511854291746062336,6,dealbook,"['Mailru', 'Takes', 'Full', 'Ownership', 'of', 'VKontakte', 'Russia', 's', 'Largest', 'Social', 'Network']",[],12:29:07,16955517
198,2014-09-16,Tue,89531,511845716441178112,0,dealbook,"['Morning', 'Agenda', 'Allergan', 's', 'Olive', 'Branch']",[],11:55:03,16955517
199,2014-09-16,Tue,89531,511815000521207808,2,dealbook,"['Airbus', 'Seeks', 'to', 'Sell', 'Some', 'Defense', 'and', 'Space', 'Operations']",[],09:52:59,16955517
200,2014-09-16,Tue,89531,511742399123824640,9,dealbook,"['Allergan', 'Agrees', 'to', 'Hold', 'Meeting', 'That', 'Could', 'Lead', 'to', 'Takeover']",[],05:04:30,16955517
201,2014-09-16,Tue,89531,511688869788778498,6,dealbook,"['Harvard', 'Investing', 'Chief', 'Is', 'Planning', 'to', 'Step', 'Down']",[],01:31:47,16955517
202,2014-09-16,Tue,89531,511684293727649792,0,dealbook,"['Levenson', 'Stumbles', 'on', 'the', 'Line', 'Between', 'Business', 'and', 'Bias']",[],01:13:37,16955517
203,2014-09-16,Tue,89531,511681212482879489,7,dealbook,"['A', 'Bigger', 'Swallow', 'SABMiller', 's', 'Bid', 'for', 'Heineken', 'Opens', 'the', 'Door', 'to', 'Possible', 'Beer', 'Mergers']",[],01:01:22,16955517
204,2014-09-15,Mon,89531,511645227791421440,13,dealbook,"['Nation', 's', 'Biggest', 'Pension', 'Fund', 'to', 'End', 'Hedge', 'Fund', 'Investments']",[],22:38:22,16955517
205,2014-09-15,Mon,89531,511615017784193025,12,dealbook,"['Alibaba', 'Raises', 'Fund-Raising', 'Target', 'for', 'IPO', 'to', '$218', 'Billion']",[],20:38:20,16955517
206,2014-09-15,Mon,89531,511563496178581504,5,dealbook,"['Orange', 'Close', 'to', 'Acquiring', 'Spanish', 'Rival', 'for', '$389', 'Billion']",[],17:13:36,16955517
207,2014-09-15,Mon,89531,511547196500893696,3,dealbook,"['Greed', 'Continues', 'to', 'Fuel', 'Penny', 'Stock', 'Frauds']",[],16:08:50,16955517
208,2014-09-15,Mon,89531,511545380350484481,6,dealbook,"['Beer', 'Merger', 'of', 'Heineken', 'and', 'SABMiller', 'Could', 'Clear', 'Antitrust', 'Hurdles']",[],16:01:37,16955517
209,2014-09-15,Mon,89531,511509253182750720,6,dealbook,"['AngloGold', 'Ashanti', 'of', 'South', 'Africa', 'Abandons', 'Spin', 'Off', 'Plans']",[],13:38:04,16955517
210,2014-09-15,Mon,89531,511509252146745344,12,dealbook,"['Microsoft', 'to', 'Buy', 'Creator', 'of', 'Minecraft', 'for', '$25', 'Billion']",[],13:38:03,16955517
211,2014-09-15,Mon,89531,511504500608475136,3,dealbook,"['Nucor', 'to', 'Buy', 'Steel', 'Mill', 'for', '$770', 'Million']",[],13:19:10,16955517
212,2014-09-15,Mon,89531,511490973323767809,2,dealbook,"['ZF', 'Friedrichshafen', 'Sells', 'Joint', 'Venture', 'Stake', 'to', 'Bosch']",[],12:25:25,16955517
213,2014-09-15,Mon,89531,511483143413837824,3,dealbook,"['Alibaba', 'Markets', 'Its', 'Shares', 'in', 'City', 'That', 'Turned', 'Away', 'the', 'IPO']",[],11:54:18,16955517
214,2014-09-15,Mon,89531,511480371528343552,2,dealbook,"['Morning', 'Agenda', 'Investors', 'Hungry', 'for', 'Alibaba', 'IPO']",[],11:43:18,16955517
215,2014-09-15,Mon,89531,511478976389599232,2,dealbook,"['TUI', 'Finalizes', 'Terms', 'of', 'Acquisition', 'of', 'Britain', 's', 'TUI', 'Travel']",[],11:37:45,16955517
216,2014-09-15,Mon,89531,511475974333300737,3,dealbook,"['Outsourcing', 'Firm', 'Cognizant', 'to', 'Buy', 'TriZetto', 'for', '$27', 'Billion']",[],11:25:49,16955517
217,2014-09-15,Mon,89531,511470600498724864,3,dealbook,"['TDC', 'to', 'Acquire', 'Norway', 'Cable', 'Provider', 'for', '$22', 'Billion']",[],11:04:28,16955517
218,2014-09-15,Mon,89531,511430595260719104,2,dealbook,"['Danaher', 'Agrees', 'to', 'Acquire', 'Swiss', 'Dental', 'Implant', 'Maker']",[],08:25:30,16955517
219,2014-09-15,Mon,89531,511422756756656128,3,dealbook,"['Lloyds', 'Banking', 'Executive', 'Named', 'New', 'Boss', 'of', 'Troubled', 'Portuguese', 'Lender']",[],07:54:21,16955517
220,2014-09-15,Mon,89531,511373741033803776,1,dealbook,"['Sinopec', 'Stake', 'Sale', 'Leaves', 'Investors', 'Unimpressed']",[],04:39:35,16955517
221,2014-09-15,Mon,89531,511366449697660928,11,dealbook,"['Heineken', 'Rejects', 'Takeover', 'Proposal', 'by', 'SABMiller']",[],04:10:36,16955517
222,2014-09-15,Mon,89531,511349821756960769,7,dealbook,"['Seeking', 'Cash', 'for', 'Bigger', 'Bets', 'Ackman', 'Nears', 'Public', 'Offering', 'of', 'a', 'Fund']",[],03:04:32,16955517
223,2014-09-15,Mon,89531,511322574421520384,4,dealbook,"['Alibaba', 's', 'Link', 'to', 'Elite', 'Military', 'Family', 'Is', 'Etched', 'in', 'Stone']",[],01:16:16,16955517
224,2014-09-14,Sun,89531,511269810035245056,9,dealbook,"['Fallen', 'Brazilian', 'Mogul', 'Accused', 'of', 'Insider', 'Trading']",[],21:46:36,16955517
225,2014-09-13,Sat,89531,510870999311843328,5,dealbook,"['Leadership', 'Team', 'Overseeing', 'Portuguese', 'Bank', 'Resigns']",[],19:21:52,16955517
226,2014-09-12,Fri,89531,510545165095018496,7,dealbook,"['HSBC', 'to', 'Pay', '$550', 'Million', 'to', 'End', 'Mortgage-Related', 'Suit']",[],21:47:07,16955517
227,2014-09-12,Fri,89531,510498095474696192,3,dealbook,"['Vindication', 'for', 'Club', 'Med', 's', 'Shareholders']",[],18:40:05,16955517
228,2014-09-12,Fri,89531,510444681583665152,27,dealbook,"['Puerto', 'Rico', 'Finds', 'It', 'Has', 'New', 'Friends', 'in', 'Hedge', 'Funds']",[],15:07:50,16955517
229,2014-09-12,Fri,89531,510403893873102848,11,dealbook,"['Alibaba', 'to', 'Close', 'Order', 'Books', 'Early', 'and', 'May', 'Lift', 'Price', 'of', 'IPO']",[],12:25:45,16955517
230,2014-09-12,Fri,89531,510392537446907904,1,dealbook,"['Battle', 'for', 'Club', 'Med', 'Heats', 'Up', 'as', 'Chinese', 'and', 'French', 'Investors', 'Increase', 'Bid']",[],11:40:38,16955517
231,2014-09-12,Fri,89531,510387773434765312,6,dealbook,"['Morning', 'Agenda', 'Banks', 'Bow', 'to', 'Apple', 'Pay']",[],11:21:42,16955517
232,2014-09-12,Fri,89531,510361516504518657,2,dealbook,"['Barclays', 'Names', 'John', 'McFarlane', 'as', 'New', 'Chairman']",[],09:37:22,16955517
233,2014-09-12,Fri,89531,510344829969391616,1,dealbook,"['Virgin', 'Money', 'Names', 'New', 'Chairman', 'as', 'it', 'Contemplates', 'IPO']",[],08:31:03,16955517
234,2014-09-12,Fri,89531,510235247439790080,7,dealbook,"['Banks', 'Did', 'It', 'Apple', 's', 'Way', 'in', 'Payments', 'by', 'Mobile']",[],01:15:37,16955517
235,2014-09-12,Fri,89531,510228639083139072,4,dealbook,"['Stressed', 'Borrowers', 'Rattle', 'Resurgent', 'Subprime', 'Lending', 'Industry']",[],00:49:21,16955517
236,2014-09-12,Fri,89531,510224222711713792,3,dealbook,"['If', 'Scotland', 'Goes', 'Then', 'Britain', 'Too']",[],00:31:48,16955517
237,2014-09-11,Thu,89531,510187109790273536,3,dealbook,"['Cities', 'Compete', 'to', 'Be', 'the', 'Arena', 'for', 'Global', 'Legal', 'Disputes']",[],22:04:20,16955517
238,2014-09-11,Thu,89531,510169112325423104,4,dealbook,"['Hertz', 'Offers', 'Icahn', '3', 'Board', 'Seats', 'to', 'Stave', 'Off', 'Fight']",[],20:52:49,16955517
239,2014-09-11,Thu,89531,510148703039283200,1,dealbook,"['Unanswered', 'Questions', 'in', 'RBS-Lloyds', 'Moving', 'Plans']",[],19:31:43,16955517
240,2014-09-11,Thu,89531,510091347861446656,0,dealbook,"['Eastman', 'Chemical', 'to', 'Buy', 'Taminco', 'for', '$17', 'Billion']",[],15:43:49,16955517
241,2014-09-11,Thu,89531,510072932153196544,11,dealbook,"['RadioShack', 'Says', 'It', 'May', 'Have', 'to', 'File', 'for', 'Bankruptcy']",[],14:30:38,16955517
242,2014-09-11,Thu,89531,510033016933322752,0,dealbook,"['Morning', 'Agenda', 'Alibaba', 's', 'Key', 'to', 'Success']",[],11:52:01,16955517
243,2014-09-11,Thu,89531,510027085247954944,0,dealbook,"['CME', 'Group', 'Hires', 'New', 'Head', 'of', 'London', 'Derivatives', 'Business']",[],11:28:27,16955517
244,2014-09-11,Thu,89531,509993804586549248,5,dealbook,"['Two', 'Banks', 'Say', 'They', 'll', 'Move', 'if', 'Scotland', 'Votes', 'for', 'Independence']",[],09:16:12,16955517
245,2014-09-11,Thu,89531,509943130796609537,0,dealbook,"['Tianhe', 'Chemicals', 'Issues', 'Rebuttal', 'to', 'Short-seller', 'Report']",[],05:54:51,16955517
246,2014-09-11,Thu,89531,509864601270628352,5,dealbook,"['Alibaba', 'Is', 'Bringing', 'Luxury', 'Fast', 'to', 'China', 's', 'Middle', 'Class']",[],00:42:48,16955517
247,2014-09-10,Wed,89531,509843062923997185,2,dealbook,"['Detroit', 's', 'Bankruptcy', 'Deal', 'Hinges', 'on', '2', 'Banks']",[],23:17:13,16955517
248,2014-09-10,Wed,89531,509825444154470400,7,dealbook,"['Coinbase', 'Extends', 'Bitcoin', 'Access', 'to', 'International', 'Customers']",[],22:07:12,16955517
249,2014-09-10,Wed,89531,509818612753108992,5,dealbook,"['JDS', 'Uniphase', 'to', 'Split', 'Into', '2', 'Companies']",[],21:40:03,16955517
250,2014-09-10,Wed,89531,509815915119398912,15,dealbook,"['Short', 'Seller', 'Carson', 'Block', 'Says', 'He', 's', 'Wary', 'of', 'Alibaba']",[],21:29:20,16955517
251,2014-09-10,Wed,89531,509808132533805056,8,dealbook,"['2', 'Senators', 'Introduce', 'New', 'Anti-Inversion', 'Bill']",[],20:58:25,16955517
252,2014-09-10,Wed,89531,509808129597788160,1,dealbook,"['Dollar', 'General', 'Brings', 'In', 'a', 'Familiar', 'Face', 'to', 'Aid', 'in', 'Its', 'Hostile', 'Bid', 'for', 'Family', 'Dollar']",[],20:58:24,16955517
253,2014-09-10,Wed,89531,509801292907433984,7,dealbook,"['Goldman', 'Hired', 'to', 'Manage', '$2', 'Billion', 'of', 'New', 'York', 'Public', 'Pension', 'Fund']",[],20:31:14,16955517
254,2014-09-10,Wed,89531,509778839149756418,2,dealbook,"['Like', 'Father', 'Like', 'Daughter', 'at', 'Banco', 'Santander']",[],19:02:01,16955517
255,2014-09-10,Wed,89531,509772706473328640,1,dealbook,"['Apple', 's', 'Recipe', 'for', 'Emptying', 'Pockets', 'and', 'Wallets']",[],18:37:39,16955517
256,2014-09-10,Wed,89531,509750244679380992,1,dealbook,"['Bot\xc3\xadn', 's', 'Swashbuckling', 'Style', 'Hid', 'a', 'Cautious', 'Streak']",[],17:08:23,16955517
257,2014-09-10,Wed,89531,509737885801922560,4,dealbook,"['Recognizing', 'Bubbles', 'but', 'Still', 'Cautious', 'on', 'Deflating', 'Them']",[],16:19:17,16955517
258,2014-09-10,Wed,89531,509717715523997696,0,dealbook,"['After', 'Resisting', 'Overtures', 'Chiquita', 'Agrees', 'to', 'Engage', 'With', 'Buyer', 'Group']",[],14:59:08,16955517
259,2014-09-10,Wed,89531,509675870295171072,1,dealbook,"['David', 'Moffitt', 'Leaves', 'Mead', 'Park', 'to', 'Join', 'JC', 'Flowers']",[],12:12:51,16955517
260,2014-09-10,Wed,89531,509669363130302464,1,dealbook,"['Morning', 'Agenda', 'Dollar', 'General', 'Goes', 'Hostile']",[],11:47:00,16955517
261,2014-09-10,Wed,89531,509664594789695488,1,dealbook,"['London', 'Stock', 'Exchange', 'Shareholders', 'Approve', 'Deal', 'for', 'Russell', 'Investments']",[],11:28:03,16955517
262,2014-09-10,Wed,89531,509640683951759360,4,dealbook,"['Rocket', 'Internet', 'Seeks', 'to', 'Raise', 'About', '$967', 'Million', 'in', 'IPO']",[],09:53:02,16955517
263,2014-09-10,Wed,89531,509632127580012544,2,dealbook,"['South', 'African', 'Gold', 'Miner', 'to', 'Spin', 'Off', 'International', 'Operations']",[],09:19:02,16955517
264,2014-09-10,Wed,89531,509610461466460160,1,dealbook,"['Banco', 'Santander', 'Chairman', 'Emilio', 'Bot\xc3\xadn', 'Dies', 'at', 'Age', '79']",[],07:52:56,16955517
265,2014-09-10,Wed,89531,509559031284109312,3,dealbook,"['Dollar', 'General', 'Expected', 'to', 'Make', 'Hostile', 'Bid', 'for', 'Family', 'Dollar']",[],04:28:34,16955517
266,2014-09-10,Wed,89531,509509925769588737,6,dealbook,"['Fed', 'Proposes', 'New', 'Rule', 'and', 'Wall', 'St', 'Banks', 'Feel', 'the', 'Pressure']",[],01:13:27,16955517
267,2014-09-10,Wed,89531,509500830228434944,4,dealbook,"['Microsoft', 'Said', 'to', 'Be', 'in', 'Advanced', 'Talks', 'to', 'Buy', 'Minecraft', 'Maker']",[],00:37:18,16955517
268,2014-09-09,Tue,89531,509466046039076865,2,dealbook,"['Carl', 'Icahn', 's', 'Firm', 'Makes', 'a', 'Fat-Finger', 'Error', 'in', 'SEC', 'Filing']",[],22:19:05,16955517
269,2014-09-09,Tue,89531,509457700603056128,2,dealbook,"['Phone', 'Giants', 'Said', 'to', 'Be', 'Near', 'Joint', 'Bid', 'for', 'Telecom', 'Italia', 's', 'Brazil', 'Unit']",[],21:45:55,16955517
270,2014-09-09,Tue,89531,509428995788914689,2,dealbook,"['In', 'Letter', 'to', 'Botox', 'Maker', 'Ackman', 'Attacks', 'Board', 'Inaction', 'on', 'Merger', 'Talks']",[],19:51:51,16955517
271,2014-09-09,Tue,89531,509409761683865600,3,dealbook,"['The', 'Risk', 'in', 'the', 'General', 'Mills', 'Deal', 'for', 'Annie', 's']",[],18:35:26,16955517
272,2014-09-09,Tue,89531,509405753674072065,2,dealbook,"['Take-Private', 'Deals', 'Are', 'Nearly', 'Extinct', 'on', 'Wall', 'Street']",[],18:19:30,16955517
273,2014-09-09,Tue,89531,509366611120508928,2,dealbook,"['Thomson', 'Reuters', 'Is', 'Said', 'to', 'Put', 'Group', 'of', 'Trade', 'Publications', 'Up', 'for', 'Sale']",[],15:43:58,16955517
274,2014-09-09,Tue,89531,509352821050064896,5,dealbook,"['Punishments', 'for', 'Insider', 'Trading', 'Are', 'Growing', 'Stiffer']",[],14:49:10,16955517
275,2014-09-09,Tue,89531,509343564044984323,6,dealbook,"['Japans', 'e-commerce', 'giant', 'Rakuten', 'to', 'buy', 'Ebates', 'as', 'it', 'eyes', 'American', 'market', 'via', '@markscott82']",[],14:12:23,16955517
276,2014-09-09,Tue,89531,509342316327612417,10,dealbook,"['Shifting', 'Polls', 'in', 'Scotland', 'Send', 'Investors', 'Rushing', 'for', 'Shelter', 'via', '@Landonthomasjr']",[],14:07:25,16955517
277,2014-09-09,Tue,89531,509341807055237120,7,dealbook,"['Daniel', 'Tarullo', 'to', 'testify', 'today', 'on', 'Fed', 'plan', 'that', 'could', 'shrink', 'big', 'banks', 'by', '@petereavis']",[],14:05:24,16955517
278,2014-09-09,Tue,89531,509308193844236290,1,dealbook,"['Morning', 'Agenda', 'Fed', 's', 'Diet', 'Plan', 'for', 'Banks']",[],11:51:50,16955517
279,2014-09-09,Tue,89531,509283521756938240,1,dealbook,"['BGC', 'Partners', 'Makes', '$675', 'Million', 'Counteroffer', 'for', 'GFI', 'Group']",[],10:13:48,16955517
280,2014-09-09,Tue,89531,509275933686398976,5,dealbook,"['Rakuten', 'of', 'Japan', 'to', 'Buy', 'Ebates', 'a', 'US', 'Rebate', 'Site', 'for', '$1', 'Billion']",[],09:43:39,16955517
281,2014-09-09,Tue,89531,509164188070334464,3,dealbook,"['Support', 'in', 'Coca-Cola', 'Vote', 'Depends', 'on', 'How', 'the', 'Math', 'Is', 'Done']",[],02:19:36,16955517
282,2014-09-09,Tue,89531,509162609103613952,1,dealbook,"['Shifting', 'Polls', 'in', 'Scotland', 'Send', 'Investors', 'Rushing', 'for', 'Shelter']",[],02:13:20,16955517
283,2014-09-09,Tue,89531,509162607463628800,13,dealbook,"['Federal', 'Reserve', 'Signals', 'Intent', 'to', 'Pressure', 'Largest', 'Banks', 'to', 'Slim', 'Down']",[],02:13:20,16955517
284,2014-09-09,Tue,89531,509145293880057856,12,dealbook,"['Alibaba', 'Begins', 'Wooing', 'Wall', 'Street']",[],01:04:32,16955517
285,2014-09-09,Tue,89531,509130988786823168,3,dealbook,"['Brokers', 'Battle', 'Deutsche', 'Bank', 'Over', 'Selling', 'In-House', 'Products']",[],00:07:41,16955517
286,2014-09-08,Mon,89531,509125698922225665,5,dealbook,"['In', 'Case', 'Filed', 'by', 'Rival', 'McKinsey', 'Faces', 'Scrutiny', 'Over', 'Employees', 'Actions']",[],23:46:40,16955517
287,2014-09-08,Mon,89531,509095515821465600,6,dealbook,"['General', 'Mills', 'to', 'Buy', 'Annie', 's', 'for', '$820', 'Million', 'in', 'Cash']",[],21:46:44,16955517
288,2014-09-08,Mon,89531,509081153790558208,9,dealbook,"['Martoma', 'Sentenced', 'to', '9', 'Years', 'for', 'Insider', 'Trading', 'at', 'SAC', 'via', '@dealbook']",[],20:49:39,16955517
289,2014-09-08,Mon,89531,509073511097573376,9,dealbook,"['Pension', 'Funds', 'Join', 'Lawsuit', 'on', 'High-Frequency', 'Trading']",[],20:19:17,16955517
290,2014-09-08,Mon,89531,509048050946674688,1,dealbook,"['RBS', 'Tries', 'to', 'Paint', 'Too', 'Pretty', 'a', 'Picture', 'for', 'Citizens', 'IPO']",[],18:38:07,16955517
291,2014-09-08,Mon,89531,509039487331340288,0,dealbook,"['Wall', 'Street', 'Hand', 'Stays', 'the', 'Stormy', 'Course', 'at', 'NYU']",[],18:04:05,16955517
292,2014-09-08,Mon,89531,509034871629815808,2,dealbook,"['Carlyle', 'Deal', 'Concludes', 'a', 'Lawsuit', 'Against', 'Private', 'Equity']",[],17:45:45,16955517
293,2014-09-08,Mon,89531,509025820468592641,2,dealbook,"['Hours', 'Before', 'Sentencing', 'US', 'Judge', 'Says', 'Cohen', 'Trades', 'Should', 'Count', 'Against', 'Martoma']",[],17:09:47,16955517
294,2014-09-08,Mon,89531,509018534534733824,10,dealbook,"['Be', 'Nice', 'to', 'Underlings', 'Jefferies', 'Bankers', 'Are', 'Told']",[],16:40:50,16955517
295,2014-09-08,Mon,89531,508982946158903296,2,dealbook,"['BB', 'ampT', 'to', 'Buy', 'Kentucky', 'Bank']",[],14:19:25,16955517
296,2014-09-08,Mon,89531,508975452871208960,1,dealbook,"['Activist', 'Investor', 'Barry', 'Rosenstein', 'to', 'Join', 'Walgreen', 'Board']",[],13:49:38,16955517
297,2014-09-08,Mon,89531,508964972463144960,1,dealbook,"['Hertz', 's', 'Chief', 'Steps', 'Down', 'as', 'Icahn', 'Maintains', 'Pressure']",[],13:08:00,16955517
298,2014-09-08,Mon,89531,508960336456974336,1,dealbook,"['Royal', 'Bank', 'of', 'Scotland', 's', 'US', 'Unit', 'Sets', 'Price', 'Range', 'for', 'IPO']",[],12:49:34,16955517
299,2014-09-08,Mon,89531,508954305228181504,4,dealbook,"['Chiquita', 'Delays', 'Shareholder', 'Meeting', 'to', 'Talk', 'With', 'Bidders']",[],12:25:36,16955517
300,2014-09-08,Mon,89531,508946654977073152,1,dealbook,"['Morning', 'Agenda', 'Preparing', 'for', 'Alibaba']",[],11:55:12,16955517
301,2014-09-08,Mon,89531,508942228140863488,12,dealbook,"['to', 'Set', 'Up', 'a', 'Venture', 'Capital', 'Fund']",[],11:37:37,16955517
302,2014-09-08,Mon,89531,508918567065387008,4,dealbook,"['FMC', 'to', 'Acquire', 'Danish', 'Insecticide', 'Maker', 'for', '$14', 'Billion']",[],10:03:36,16955517
303,2014-09-08,Mon,89531,508881671924760576,3,dealbook,"['Electrolux', 'to', 'Buy', 'GE', 'Appliances', 'Business', 'for', '$33', 'Billion']",[],07:36:59,16955517
304,2014-09-05,Fri,89531,508012194307792896,2,dealbook,"['John', 'Paulson', 'Bids', 'Good', 'Riddance', 'to', 'Summer']",[],22:02:00,16955517
305,2014-09-05,Fri,89531,507997066648649729,1,dealbook,"['Dollar', 'General', 's', 'Next', 'Move', 'After', 'Family', 'Dollar', 's', 'Rejection']",[],21:01:53,16955517
306,2014-09-05,Fri,89531,507989505539080192,0,dealbook,"['Federal', 'Sale', 'of', 'Troubled', 'Mortgages', 'Draws', 'Criticism', 'From', 'Community', 'Groups']",[],20:31:50,16955517
307,2014-09-05,Fri,89531,507987704702046209,52,dealbook,"['Alibaba', 'Seeks', '$21', 'Billion', 'in', 'Highly', 'Awaited', 'IPO']",[],20:24:41,16955517
308,2014-09-05,Fri,89531,507985171438919681,16,dealbook,"['Alibaba', 'Poised', 'for', '$21', 'Billion', 'IPO', 'Biggest', 'in', 'the', 'US']",[],20:14:37,16955517
309,2014-09-05,Fri,89531,507981410846916608,25,dealbook,"['from', '@dealbook', 'Alibaba', 'Sets', 'IPO', 'Price', 'Range', 'of', '$60', 'to', '$66', 'a', 'Share']",[],19:59:40,16955517
310,2014-09-05,Fri,89531,507977287116283904,4,dealbook,"['SEC', 'Names', 'First', 'Ombudsman']",[],19:43:17,16955517
311,2014-09-05,Fri,89531,507960684366532608,0,dealbook,"['Vice', 'Media', 'Employs', 'Old-School', 'Traits', 'in', 'Fundraising']",[],18:37:19,16955517
312,2014-09-05,Fri,89531,507949293106630656,22,dealbook,"['What', 'I', 'Learned', 'on', 'My', 'Vacation']",[],17:52:03,16955517
313,2014-09-05,Fri,89531,507923178627559424,0,dealbook,"['Anatomy', 'of', 'an', 'Authentic', 'Apology']",[],16:08:17,16955517
314,2014-09-05,Fri,89531,507898086786879488,0,dealbook,"['Chiquita', 's', 'Inversion', 'Plan', 'Hits', 'Snag', 'as', 'ISS', 'Recommends', 'Vote', 'Against', 'Deal']",[],14:28:34,16955517
315,2014-09-05,Fri,89531,507887313775771648,2,dealbook,"['Family', 'Dollar', 'Rejects', 'Revised', 'Bid', 'by', 'Dollar', 'General']",[],13:45:46,16955517
316,2014-09-05,Fri,89531,507877795364880384,3,dealbook,"['Alibaba', 'Said', 'to', 'Pick', 'New', 'York', 'as', 'Kick-off', 'for', 'Roadshow']",[],13:07:56,16955517
317,2014-09-05,Fri,89531,507859392994508800,2,dealbook,"['Morning', 'Agenda', 'Europe', 's', 'Bond-Buying', 'Bet']",[],11:54:49,16955517
318,2014-09-05,Fri,89531,507805048844599297,3,dealbook,"['Company', 'Backed', 'by', 'Robert', 'Diamond', 'Increases', 'Stake', 'in', 'Nigerian', 'Bank']",[],08:18:52,16955517
319,2014-09-05,Fri,89531,507687527017611264,4,dealbook,"['Promise', 'from', 'European', 'Central', 'Bank', 'Is', 'Also', 'a', 'Gamble']",[],00:31:53,16955517
320,2014-09-04,Thu,89531,507676257514176514,1,dealbook,"['Charles', 'Shrem', 'Bitcoin', 'Supporter', 'Pleads', 'Guilty', 'to', 'Federal', 'Charge']",[],23:47:06,16955517
321,2014-09-04,Thu,89531,507662452298104832,3,dealbook,"['IMF', 'Considers', 'Rules', 'to', 'Force', 'Bondholders', 'to', 'Share', 'Cost', 'of', 'Restructuring']",[],22:52:15,16955517
322,2014-09-04,Thu,89531,507659640042455040,2,dealbook,"['MetLife', 'Is', 'Designated', 'Systemically', 'Important', 'but', 'Firm', 'Plans', 'a', 'Fight']",[],22:41:04,16955517
323,2014-09-04,Thu,89531,507644242987347969,5,dealbook,"['Investment', 'in', 'Latin', 'America', 'Falls', '10', 'in', 'First', 'Half']",[],21:39:53,16955517
324,2014-09-04,Thu,89531,507596898124169216,6,dealbook,"['Lending', 'Club', 'May', 'Need', 'to', 'Justify', 'Its', 'Valuation']",[],18:31:45,16955517
325,2014-09-04,Thu,89531,507551643882500096,3,dealbook,"['Puerto', 'Rico', 'Said', 'to', 'Hire', 'AlixPartners', 'to', 'Lead', 'Restructuring', 'of', 'Power', 'Authority']",[],15:31:56,16955517
326,2014-09-04,Thu,89531,507542377591242752,5,dealbook,"['Rogue', 'Trader', 'J\xc3\xa9r\xc3\xb4me', 'Kerviel', 'to', 'Be', 'Released', 'From', 'Jail']",[],14:55:07,16955517
327,2014-09-04,Thu,89531,507525772714995712,2,dealbook,"['Bigger', 'Fines', 'for', 'Wall', 'Street', 'Should', 'Not', 'Equal', 'More', 'Lawyers']",[],13:49:08,16955517
328,2014-09-04,Thu,89531,507519668069097472,3,dealbook,"['Mattress', 'Firm', 'to', 'Buy', 'West', 'Coast', 'Rival', 'Sleep', 'Train']",[],13:24:52,16955517
329,2014-09-04,Thu,89531,507501678762151937,2,dealbook,"['Morning', 'Agenda', 'Bloomberg', 'Returning', 'to', 'His', 'Company']",[],12:13:23,16955517
330,2014-09-04,Thu,89531,507447378702766080,1,dealbook,"['Balfour', 'Beatty', 'to', 'Sell', 'Consulting', 'Business', 'for', '$135', 'Billion']",[],08:37:37,16955517
331,2014-09-04,Thu,89531,507329469087252480,4,dealbook,"['Regulators', 'Propose', 'Rule', 'to', 'Reduce', 'Risk', 'of', 'Derivatives']",[],00:49:05,16955517
332,2014-09-04,Thu,89531,507324991403462657,4,dealbook,"['Another', 'Shadow', 'in', 'Ferguson', 'as', 'Outside', 'Firms', 'Buy', 'and', 'Rent', 'Out', 'Distressed', 'Homes']",[],00:31:18,16955517
333,2014-09-03,Wed,89531,507310648645390336,0,dealbook,"['Argentine', 'Economic', 'Figure', 'Urges', 'Payments', 'to', 'Bond', 'Holdouts']",[],23:34:18,16955517
334,2014-09-03,Wed,89531,507286702688600064,1,dealbook,"['Tony', 'West', 'Who', 'Pressed', 'Banks', 'on', 'Settlements', 'Is', 'Leaving', 'Justice', 'Dept']",[],21:59:09,16955517
335,2014-09-03,Wed,89531,507214703786229760,6,dealbook,"['In', 'Hermes', 'Agreement', 'a', 'Rare', 'Retreat', 'by', 'a', 'Luxury', 'Deal-Maker']",[],17:13:03,16955517
336,2014-09-03,Wed,89531,507199129169432576,3,dealbook,"['Court', 'Challenge', 'to', 'New', 'Inversion', 'Rules', 'Would', 'Face', 'Long', 'Odds']",[],16:11:10,16955517
337,2014-09-03,Wed,89531,507195938692411392,0,dealbook,"['Prosecutor', 'on', 'Insider', 'Trading', 'Cases', 'Heads', 'to', 'Private', 'Practice']",[],15:58:29,16955517
338,2014-09-03,Wed,89531,507183411740823555,0,dealbook,"['Quality', 'of', 'Life', 'Improving', 'Across', 'Wall', 'Street', 'Report', 'Says']",[],15:08:43,16955517
339,2014-09-03,Wed,89531,507175920428679169,0,dealbook,"['Centerview', 'Partners', 'Hires', 'Former', 'British', 'Bank', 'Bailout', 'Adviser']",[],14:38:56,16955517
340,2014-09-03,Wed,89531,507173861595832320,1,dealbook,"['Former', 'Goldman', 'Banker', 'Joins', 'Perella', 'Weinberg']",[],14:30:46,16955517
341,2014-09-03,Wed,89531,507164148086894592,7,dealbook,"['Swiss', 'Regulator', 'Investigating', 'Bank', 'With', 'Ties', 'to', 'Esp\xc3\xadrito', 'Santo', 'Companies']",[],13:52:10,16955517
342,2014-09-03,Wed,89531,507136878467100672,1,dealbook,"['Morning', 'Agenda', 'Debating', 'a', 'Court', 's', 'Definition']",[],12:03:48,16955517
343,2014-09-03,Wed,89531,507097732830748672,3,dealbook,"['United', 'Internet', 'to', 'Pay', '$769', 'Million', 'for', 'German', 'Telecom', 'Stake']",[],09:28:15,16955517
344,2014-09-03,Wed,89531,507093205880672256,0,dealbook,"['German', 'Online', 'Retailer', 'Zalando', 'Plans', 'IPO']",[],09:10:16,16955517
345,2014-09-03,Wed,89531,506997436804759552,5,dealbook,"['IEX', 'Upstart', 'Trading', 'Platform', 'Raises', '$75', 'Million', 'in', 'New', 'Financing']",[],02:49:43,16955517
346,2014-09-02,Tue,89531,506933092343635968,2,dealbook,"['In', 'Hobby', 'Lobby', 'Ruling', 'a', 'Missing', 'Definition', 'Stirs', 'Debate']",[],22:34:02,16955517
347,2014-09-02,Tue,89531,506925622690856960,6,dealbook,"['FanDuel', 'an', 'Online', 'Fantasy', 'Sports', 'Site', 'Raises', '$70', 'Million']",[],22:04:21,16955517
348,2014-09-02,Tue,89531,506917893460996097,1,dealbook,"['Anne', 'Griffin', 'Seeks', 'to', 'Void', 'Prenuptial', 'Agreement', 'With', 'Ken', 'Griffin']",[],21:33:38,16955517
349,2014-09-02,Tue,89531,506875681813561344,8,dealbook,"['Federal', 'Program', 'Helps', 'Keep', 'Some', 'Delinquent', 'Borrowers', 'in', 'Their', 'Homes']",[],18:45:54,16955517
350,2014-09-02,Tue,89531,506874121373110272,0,dealbook,"['An', 'Unusual', 'Signature', 'Draws', 'Attention', 'to', 'Nu', 'Skin']",[],18:39:42,16955517
351,2014-09-02,Tue,89531,506853887295635457,3,dealbook,"['Questions', 'for', 'the', 'Government', 'in', 'an', 'Insider', 'Trading', 'Case']",[],17:19:18,16955517
352,2014-09-02,Tue,89531,506846252936732672,8,dealbook,"['Why', 'a', 'Breakup', 'of', 'Citigroup', 'Is', 'Still', 'a', 'Good', 'Idea']",[],16:48:58,16955517
353,2014-09-02,Tue,89531,506838099004239872,6,dealbook,"['Financial', 'Fraud', 'Prosecutor', 'to', 'Depart']",[],16:16:34,16955517
354,2014-09-02,Tue,89531,506836792545665024,6,dealbook,"['Six', 'Steps', 'in', 'Alibaba', 's', '12-Figure', 'Valuation']",[],16:11:22,16955517
355,2014-09-02,Tue,89531,506813165876039681,5,dealbook,"['Compuware', 'Agrees', 'to', '$25', 'Billion', 'Buyout']",[],14:37:29,16955517
356,2014-09-02,Tue,89531,506806692911546369,6,dealbook,"['ICYMI', 'Regulators', 'see', 'a', 'return', 'of', 'redlining', 'by', 'banks', 'The', 'story', 'by', '@jbsgreenberg']",[],14:11:46,16955517
357,2014-09-02,Tue,89531,506785283913023488,2,dealbook,"['Norwegian', 'Cruise', 'to', 'Buy', 'Prestige', 'Cruises', 'for', '$3', 'Billion']",[],12:46:41,16955517
358,2014-09-02,Tue,89531,506776177244397569,4,dealbook,"['Moelis', 'amp', 'Co', 'Hires', 'Cantor', 'Former', 'House', 'Majority', 'Leader', 'as', 'Vice', 'Chairman']",[],12:10:30,16955517
359,2014-09-02,Tue,89531,506774028347273216,2,dealbook,"['Morning', 'Agenda', 'Evans', 'Bank', 'Under', 'Fire']",[],12:01:58,16955517
360,2014-09-02,Tue,89531,506770874872365056,2,dealbook,"['1-800-Flowers', 'to', 'Buy', 'Harry', 'amp', 'David']",[],11:49:26,16955517
361,2014-09-02,Tue,89531,506750409973989376,3,dealbook,"['Dollar', 'General', 'to', 'Raise', 'Bid', 'for', 'Family', 'Dollar']",[],10:28:07,16955517
362,2014-09-02,Tue,89531,506720911077441536,1,dealbook,"['Telecom', 'Italia', 'Delays', 'Sale', 'of', 'Stake', 'in', 'Argentine', 'Business']",[],08:30:54,16955517
363,2014-09-02,Tue,89531,506704241466290177,3,dealbook,"['Chinese', 'Company', 's', 'Shares', 'Suspended', 'on', 'Critical', 'Report']",[],07:24:39,16955517
364,2014-09-02,Tue,89531,506653872702898176,3,dealbook,"['New', 'York', 'Set', 'to', 'Accuse', 'Evans', 'Bank', 'of', 'Redlining']",[],04:04:31,16955517
365,2014-09-02,Tue,89531,506609205470842880,3,dealbook,"['Public', 'Pension', 'Funds', 'Stay', 'Mum', 'on', 'Corporate', 'Expats']",[],01:07:01,16955517
366,2014-09-02,Tue,89531,506604651190685697,7,dealbook,"['Boot', 'Camp', 'for', 'Bankers']",[],00:48:55,16955517
367,2014-09-01,Mon,89531,506386647693672448,4,dealbook,"['Fund', 'Manager', 'Neil', 'Woodford', 'Sells', 'HSBC', 'Stake', 'on', 'Risk', 'of', 'Fines']",[],10:22:39,16955517
368,2014-09-01,Mon,89531,506354796606271488,4,dealbook,"['Heineken', 'to', 'Sell', 'Packaging', 'Operations', 'in', 'Mexico', 'to', 'Crown', 'Holdings']",[],08:16:05,16955517
369,2014-09-01,Mon,89531,506265651707936768,12,dealbook,"['Barclays', 'to', 'Sell', 'Retail', 'and', 'Corporate', 'Bank', 'Units', 'to', 'CaixaBank', 'of', 'Spain']",[],02:21:51,16955517
370,2014-09-01,Mon,89531,506249021392842752,8,dealbook,"['Start-Ups', 'Accrue', 'Funding', 'in', 'Case', 'of', 'Leaner', 'Times']",[],01:15:47,16955517
371,2014-08-30,Sat,89531,505818855831535616,4,dealbook,"['Top', 'Bitcoin', 'Proponent', 'to', 'Plead', 'Guilty', 'to', 'Federal', 'Charge']",[],20:46:27,16955517
372,2014-08-30,Sat,89531,505585443585667072,7,dealbook,"['Alibaba', 'to', 'Begin', 'Investor', 'Roadshow', 'on', 'Week', 'of', 'Sept', '8']",[],05:18:57,16955517
373,2014-08-29,Fri,89531,505460069686079488,3,dealbook,"['SEC', 'Commissioner', 'Rebukes', 'His', 'Colleagues']",[],21:00:46,16955517
374,2014-08-29,Fri,89531,505416477441531905,2,dealbook,"['Square', 'Feeling', 'Squeezed', 'From', 'All', 'Sides']",[],18:07:33,16955517
375,2014-08-29,Fri,89531,505319915071762432,3,dealbook,"['Morning', 'Agenda', 'Playing', 'the', 'Tax', 'Game']",[],11:43:50,16955517
376,2014-08-29,Fri,89531,505318378878562305,6,dealbook,"['After', 'Loss', 'of', 'Alibaba', 'IPO', 'Hong', 'Kong', 'Seeks', 'Input', 'on', 'Voting', 'Rights', 'Issue']",[],11:37:44,16955517
377,2014-08-29,Fri,89531,505239653457608704,3,dealbook,"['To', 'Compete', 'with', 'Alibaba', 'a', 'Chinese', 'E-Commerce', 'Company', 'Is', 'Born']",[],06:24:54,16955517
378,2014-08-28,Thu,89531,505139381553086464,1,dealbook,"['In', 'China', 'Dueling', 'Scholarship', 'Programs', 'From', 'Billionaires']",[],23:46:28,16955517
379,2014-08-28,Thu,89531,505139380479361024,2,dealbook,"['Businesses', 'Find', 'Ways', 'to', 'Avoid', 'Corporate', 'Taxes', 'but', 'a', 'Fix', 'Seems', 'Unlikely']",[],23:46:28,16955517
380,2014-08-28,Thu,89531,505131173350481920,16,dealbook,"['Barclays', 'Agrees', 'to', 'Lend', 'Detroit', '$275', 'Million', 'to', 'Exit', 'Bankruptcy']",[],23:13:51,16955517
381,2014-08-28,Thu,89531,505080766423117825,3,dealbook,"['Judge', 's', 'Ruling', 'Could', 'Affect', 'Bondholders', 'in', 'Corporate', 'Bankruptcies']",[],19:53:33,16955517
382,2014-08-28,Thu,89531,505073727043031041,1,dealbook,"['Vivendi', 'Boosts', 'Its', 'Shareholders', 'in', 'Talks', 'for', 'Its', 'Brazil', 'Unit']",[],19:25:35,16955517
383,2014-08-28,Thu,89531,504995199354155009,4,dealbook,"['Resurgence', 'in', 'Oil', 'and', 'Gas', 'Sector', 'Spurs', 'Merger', 'Boom']",[],14:13:32,16955517
384,2014-08-28,Thu,89531,504973795653083136,3,dealbook,"['Telef\xc3\xb3nica', 'Raises', 'Bid', 'to', '$98', 'Billion', 'in', 'Fight', 'With', 'Telecom', 'Italia', 'for', 'Vivendi', 's', 'Brazil', 'Unit']",[],12:48:29,16955517
385,2014-08-28,Thu,89531,504956125398433792,3,dealbook,"['Morning', 'Agenda', 'Hackers', 'Hit', 'US', 'Banks']",[],11:38:16,16955517
386,2014-08-28,Thu,89531,504948449436266496,7,dealbook,"['Deutsche', 'Bank', 'Fined', '$78', 'Million', 'Over', 'Transaction', 'Reports']",[],11:07:46,16955517
387,2014-08-28,Thu,89531,504918226787401728,2,dealbook,"['Swiss', 'Bank', 'Lombard', 'Odier', 'Reveals', 'Results', 'for', 'First', 'Time']",[],09:07:40,16955517
388,2014-08-28,Thu,89531,504912187992064000,4,dealbook,"['$24', 'Billion', 'Invested', 'in', 'Chinese', 'Bad-debt', 'Company']",[],08:43:41,16955517
389,2014-08-28,Thu,89531,504907327359942656,3,dealbook,"['Telef\xc3\xb3nica', 'and', 'Telecom', 'Italia', 'Competing', 'for', 'Vivendi', 's', 'Brazilian', 'Business']",[],08:24:22,16955517
390,2014-08-27,Wed,89531,504727069176377344,1,dealbook,"['Tyson', 'Foods', 'and', 'Hillshire', 'Reach', 'Deal', 'to', 'Win', 'Antitrust', 'Approval', 'for', 'Merger']",[],20:28:05,16955517
391,2014-08-27,Wed,89531,504724130294677504,6,dealbook,"['Buffett', 's', 'Involvement', 'in', 'Burger', 'King-Tim', 'Hortons', 'Deal', 'Is', 'a', 'Diversion']",[],20:16:24,16955517
392,2014-08-27,Wed,89531,504717354027450368,4,dealbook,"['Ratan', 'Tata', 'Buys', 'Stake', 'in', 'Indian', 'Online', 'Retailer']",[],19:49:29,16955517
393,2014-08-27,Wed,89531,504690840284184577,1,dealbook,"['Wall', 'Street', 'Takes', 'the', 'Ice', 'Bucket', 'Challenge']",[],18:04:07,16955517
394,2014-08-27,Wed,89531,504685193916346368,11,dealbook,"['Lending', 'Club', 'Leader', 'in', 'Peer-to-Peer', 'Plans', 'IPO']",[],17:41:41,16955517
395,2014-08-27,Wed,89531,504681749243498496,9,dealbook,"['SEC', 'Adopts', 'New', 'Rules', 'on', 'Asset-Backed', 'Securities', 'and', 'Credit', 'Ratings']",[],17:28:00,16955517
396,2014-08-27,Wed,89531,504662371454185472,1,dealbook,"['Alibaba', 'Profit', 'and', 'Mobile', 'Revenue', 'Soars', 'Again', 'as', 'IPO', 'Nears']",[],16:11:00,16955517
397,2014-08-27,Wed,89531,504660720378974208,3,dealbook,"['Wall', 'St', 'Prosecutors', 'Bare', 'Their', 'Teeth', 'but', 'Still', 'Lack', 'Bite']",[],16:04:26,16955517
398,2014-08-27,Wed,89531,504621593889628160,2,dealbook,"['Chiquita', 'defends', 'its', 'inversion', 'deal', 'wFyffes', 'in', 'wake', 'of', 'higher', 'offer', '@Chadbray', 'reports']",[],13:28:58,16955517
399,2014-08-27,Wed,89531,504595648013144065,10,dealbook,"['Art', 'Capital', 'has', 'offered', 'to', 'lend', 'Detroit', 'up', 'to', '$3', 'billion', '10x', 'what', 'the', 'city', 'may', 'get', 'in', 'debt', 'financing']",[],11:45:52,16955517
400,2014-08-27,Wed,89531,504594092136083456,0,dealbook,"['Morning', 'Agenda', 'Unusual', 'Offer', 'for', 'Detroit', 's', 'Art']",[],11:39:41,16955517
401,2014-08-27,Wed,89531,504568749392158721,0,dealbook,"['Chiquita', 'Seeks', 'to', 'Reassure', 'Investors', 'After', 'Rejecting', 'Brazilian', 'Bid']",[],09:58:58,16955517
402,2014-08-27,Wed,89531,504548282895724544,7,dealbook,"['RBS', 'Fined', '$24', 'Million', 'Over', 'Mortgage', 'Advice', 'Failures']",[],08:37:39,16955517
403,2014-08-27,Wed,89531,504431822416400384,2,dealbook,"['Detroit', 'Mum', 'on', 'Proposal', 'To', 'Use', 'Its', 'Art', 'as', 'Collateral']",[],00:54:53,16955517
404,2014-08-27,Wed,89531,504423773488304128,5,dealbook,"['For', '1st', 'Time', 'S', 'ampP', '500', 'Closes', 'Above', '2000']",[],00:22:54,16955517
405,2014-08-26,Tue,89531,504395753289449472,7,dealbook,"['Keeping', 'Corporate', 'Lawyers', 'Silent', 'Can', 'Shelter', 'Wrongdoing']",[],22:31:33,16955517
406,2014-08-26,Tue,89531,504385214412767232,2,dealbook,"['Botox', 'Maker', 'Allergan', 'Sets', 'Date', 'for', 'Special', 'Shareholder', 'Meeting']",[],21:49:40,16955517
407,2014-08-26,Tue,89531,504383612117352448,1,dealbook,"['Investor', 'Relations', 'Director', 'Accused', 'of', 'Using', 'Client', 'Information', 'for', 'Insider', 'Trades']",[],21:43:18,16955517
408,2014-08-26,Tue,89531,504338864837001216,3,dealbook,"['Inversion', 'Critics', 'and', 'Investors', 'May', 'Be', 'Misjudging', 'Burger', 'King', 'Deal']",[],18:45:30,16955517
409,2014-08-26,Tue,89531,504334020868845568,3,dealbook,"['Burger', 'King', 'Wins', 'Support', 'Where', 'Wendy', 's', 'Didn', 't', 'in', 'Tim', 'Hortons', 'Deal']",[],18:26:15,16955517
410,2014-08-26,Tue,89531,504296757468340225,3,dealbook,"['In', 'Burger', 'King-Tim', 'Hortons', 'Deal', 'Consumer', 'Reaction', 'Could', 'Be', 'Key']",[],15:58:11,16955517
411,2014-08-26,Tue,89531,504284140746059776,4,dealbook,"['In', 'Burger', 'King', 'Deal', 'Buffett', 'Reunites', 'With', '3G', 'Capital']",[],15:08:02,16955517
412,2014-08-26,Tue,89531,504241764635779072,2,dealbook,"['Brazil-based', 'investment', 'firm', '3G', 'Capital', 'to', 'retain', 'majority', 'control', 'in', 'BK-Tim', 'Hortons', 'deal', '@mdelamerced', 'reports']",[],12:19:39,16955517
413,2014-08-26,Tue,89531,504237866546106368,10,dealbook,"['Burger', 'King', 'to', 'Buy', 'Tim', 'Hortons', 'for', '$114', 'Billion']",[],12:04:10,16955517
414,2014-08-26,Tue,89531,504233134117117953,3,dealbook,"['Burger', 'King-Tim', 'Hortons', 'Together', 'Will', 'Have', '18000', 'Restaurants', 'in', '100', 'Countries']",[],11:45:22,16955517
415,2014-08-26,Tue,89531,504231696343236608,1,dealbook,"['Morning', 'Agenda', 'Amazon', 'Scoops', 'Up', 'Twitch']",[],11:39:39,16955517
416,2014-08-26,Tue,89531,504231085686140928,16,dealbook,"['Burger', 'King', 'and', 'Tim', 'Hortons', 'Announce', 'Merger', 'Creating', 'Chain', 'With', '$23', 'Billion', 'in', 'Sales']",[],11:37:13,16955517
417,2014-08-26,Tue,89531,504226221157515264,6,dealbook,"['@andrewrsorkin', 'summer', 'reading', 'for', 'finance', 'geeks', 'includes', '@WalterIsaacson', 'and', 'Liaquat', 'Ahamed']",[],11:17:53,16955517
418,2014-08-26,Tue,89531,504224466256539648,2,dealbook,"['Burger', 'KingTim', 'Hortons', 'deal', 'would', 'steer', 'cos', 'into', 'perilous', 'territory', 'by', 'bringing', 'multiple', 'brands', 'under', 'one', 'roof']",[],11:10:55,16955517
419,2014-08-26,Tue,89531,504194984447574016,5,dealbook,"['Swiss', 'Bank', 'Pictet', 'Reveals', 'Results', 'for', 'First', 'Time']",[],09:13:46,16955517
420,2014-08-26,Tue,89531,504078051605741568,5,dealbook,"['Burger', 'King', 'Courting', 'Tim', 'Hortons', 'Has', 'Plans', 'for', 'a', 'Fast-Food', 'Empire']",[],01:29:07,16955517
421,2014-08-26,Tue,89531,504073963744804864,0,dealbook,"['Absorbing', 'Events', 'Past', 'in', 'a', 'Summer', 's', 'Reading', 'List']",[],01:12:52,16955517
422,2014-08-26,Tue,89531,504059748581646337,3,dealbook,"['On', 'To-Do', 'List', 'Deposit', 'Cash', 'in', 'Bitcoin', 'ATM']",[],00:16:23,16955517
423,2014-08-25,Mon,89531,504050797064486913,5,dealbook,"['Hedge', 'Funds', 'Sue', 'to', 'Get', 'Argentine', 'Bond', 'Payment', 'in', 'London']",[],23:40:49,16955517
424,2014-08-25,Mon,89531,503983432817729536,1,dealbook,"['Roche', 's', 'Merger', 'Bet', 'Outsmarts', 'the', 'Ice', 'Bucket', 'Challenge']",[],19:13:08,16955517
425,2014-08-25,Mon,89531,503952137253314560,2,dealbook,"['Lots', 'of', 'reader', 'opinions', 'on', 'the', 'possible', 'Burger', 'KingTim', 'Hortons', 'deal', 'Share', 'your', 'thoughts']",[],17:08:47,16955517
426,2014-08-25,Mon,89531,503946582262550528,10,dealbook,"['S', 'ampP', '500', 'Crosses', '2000', 'for', 'First', 'Time']",[],16:46:42,16955517
427,2014-08-25,Mon,89531,503932078002814976,3,dealbook,"['The', 'SEC', 's', 'Use', 'of', 'the', 'Rocket', 'Docket', 'Is', 'Challenged']",[],15:49:04,16955517
428,2014-08-25,Mon,89531,503873239253540864,3,dealbook,"['Morning', 'Agenda', 'Burger', 'King', 's', 'Deal', 'Talks']",[],11:55:16,16955517
429,2014-08-25,Mon,89531,503859585418272768,1,dealbook,"['Parent', 'of', 'Ann', 'Taylor', 'Stores', 'Urged', 'to', 'Pursue', 'a', 'Sale']",[],11:01:01,16955517
430,2014-08-25,Mon,89531,503767436995608576,5,dealbook,"['DraftKings', 'a', 'Fantasy', 'Sports', 'Site', 'Raises', '$41', 'Million']",[],04:54:51,16955517
431,2014-08-25,Mon,89531,503720697701871616,17,dealbook,"['Burger', 'King', 'in', 'Talks', 'to', 'Buy', 'Tim', 'Hortons']",[],01:49:07,16955517
432,2014-08-24,Sun,89531,503584822875660288,4,dealbook,"['Roche', 'to', 'Buy', 'Drug', 'Maker', 'InterMune', 'for', '$83', 'Billion']",[],16:49:12,16955517
433,2014-08-23,Sat,89531,502974800567238656,8,dealbook,"['Goldman', 'to', 'Pay', '$315', 'Billion', 'to', 'Settle', 'Mortgage', 'Claims']",[],00:25:11,16955517
434,2014-08-22,Fri,89531,502934761992904706,2,dealbook,"['Valeant', 'and', 'Pershing', 'Square', 'Said', 'to', 'Have', 'Votes', 'for', 'Special', 'Meeting', 'of', 'Botox', 'Maker', 'Allergan']",[],21:46:05,16955517
435,2014-08-22,Fri,89531,502919660762046464,1,dealbook,"['Online', 'Broker', 'Offers', 'Investments', 'in', 'Would-Be', 'Inversion', 'Targets']",[],20:46:05,16955517
436,2014-08-22,Fri,89531,502892589599948800,1,dealbook,"['Weekend', 'Reading', 'The', 'Evolving', 'Bank', 'Settlement', 'Documents']",[],18:58:31,16955517
437,2014-08-22,Fri,89531,502880443017220097,0,dealbook,"['Dynegy', 's', 'Deals', 'Mark', 'Return', 'of', 'Ambition']",[],18:10:15,16955517
438,2014-08-22,Fri,89531,502864818593079297,1,dealbook,"['Richard', 'Handler', 'of', 'Leucadia', 'to', 'Join', 'Board', 'of', 'Ex-SAC', 'Executive', 's', 'New', 'Fund']",[],17:08:10,16955517
439,2014-08-22,Fri,89531,502852398428475392,5,dealbook,"['Another', 'Financier', 'Looks', 'to', 'Take', 'the', 'Wheel', 'at', 'Hertz']",[],16:18:48,16955517
440,2014-08-22,Fri,89531,502820221326221312,0,dealbook,"['Germany', 'Approves', 'Sale', 'of', 'Utility', 's', 'Oil', 'and', 'Gas', 'Unit', 'to', 'Russians']",[],14:10:57,16955517
441,2014-08-22,Fri,89531,502814015576621056,1,dealbook,"['Blurred', 'Lines', 'in', 'Big', 'Bank', 'Mortgage', 'Settlements']",[],13:46:17,16955517
442,2014-08-22,Fri,89531,502786213485764608,3,dealbook,"['Dynegy', 'to', 'Buy', 'Power', 'Assets', 'for', '$625', 'Billion']",[],11:55:49,16955517
443,2014-08-22,Fri,89531,502779199082729472,3,dealbook,"['Morning', 'Agenda', 'The', 'True', 'Cost', 'of', 'Bank', 'of', 'America', 's', 'Settlement']",[],11:27:56,16955517
444,2014-08-22,Fri,89531,502765089435688961,1,dealbook,"['Co-operative', 'Bank', 'Narrows', 'First-Half', 'Losses', 'and', 'Shrinks', 'Work', 'Force']",[],10:31:52,16955517
445,2014-08-22,Fri,89531,502742115211042816,1,dealbook,"['Sherborne', 'Investor', 'Seeks', '2', 'Seats', 'on', 'Board', 'of', 'British', 'Private', 'Equity', 'Firm']",[],09:00:35,16955517
446,2014-08-22,Fri,89531,502737743341187072,6,dealbook,"['As', 'IPO', 's', 'Doubled', 'London', 'Stock', 'Exchange', 'Operating', 'Profit', 'Rose', '36']",[],08:43:13,16955517
447,2014-08-22,Fri,89531,502620585047109633,3,dealbook,"['Bank', 'of', 'America', 'Papers', 'Show', 'Conflict', 'and', 'Trickery', 'in', 'Mortgages']",[],00:57:40,16955517
448,2014-08-22,Fri,89531,502617013496590336,2,dealbook,"['Europe', 'Fears', 'Banks', 'Lack', 'Cash', 'Cushion', 'to', 'Cover', 'All', 'Their', 'Bad', 'Loans']",[],00:43:28,16955517
449,2014-08-22,Fri,89531,502610816244670464,4,dealbook,"['Wall', 'Street', 'Banks', 'Dig', 'Deeper', 'to', 'Keep', 'Best', 'and', 'Brightest']",[],00:18:51,16955517
450,2014-08-21,Thu,89531,502590651620659200,3,dealbook,"['Frustrated', 'Judge', 'Scolds', 'Argentina', 'but', 'Does', 'Not', 'Hold', 'It', 'in', 'Contempt']",[],22:58:43,16955517
451,2014-08-21,Thu,89531,502577865893105665,1,dealbook,"['Botox', 'Maker', 'Allergan', 's', 'Suit', 'Against', 'Valeant', 'Won', 't', 'Delay', 'Special', 'Meeting']",[],22:07:55,16955517
452,2014-08-21,Thu,89531,502523238212452353,2,dealbook,"['More', 'Comments', 'Invited', 'for', 'Proposed', 'Bitcoin', 'Rules']",[],18:30:51,16955517
453,2014-08-21,Thu,89531,502513569121193985,1,dealbook,"['Family', 'Dollar', 's', 'Rejection', 'of', 'Dollar', 'General', 'Is', 'About', 'More', 'Than', 'Money']",[],17:52:25,16955517
454,2014-08-21,Thu,89531,502485671635083264,5,dealbook,"['Blackstone', 'Finds', 'a', 'Way', 'to', 'Outsource', 'Skin', 'in', 'the', 'Game']",[],16:01:34,16955517
455,2014-08-21,Thu,89531,502452523949883393,6,dealbook,"['Bank', 'of', 'America', 'Reaches', '$1665', 'Billion', 'Mortgage', 'Settlement']",[],13:49:51,16955517
456,2014-08-21,Thu,89531,502433469595922432,3,dealbook,"['Family', 'Dollar', 'Rejects', 'Takeover', 'Bid', 'by', 'Dollar', 'General']",[],12:34:08,16955517
457,2014-08-21,Thu,89531,502419355276435457,1,dealbook,"['Morning', 'Agenda', 'Bank', 'of', 'America', 'Nears', 'Huge', 'Settlement']",[],11:38:03,16955517
458,2014-08-21,Thu,89531,502399453597556736,6,dealbook,"['European', 'Banks', 'Expect', 'Limited', 'Impact', 'From', 'Sanctions', 'on', 'Russia']",[],10:18:58,16955517
459,2014-08-21,Thu,89531,502396526380191745,7,dealbook,"['Peter', 'Thiel', 's', 'Mithril', 'Invests', 'in', 'DoubleDutch', 'an', 'Events', 'App']",[],10:07:20,16955517
460,2014-08-21,Thu,89531,502289425335083008,3,dealbook,"['AvantCredit', 'a', 'Lender', 'Secures', 'Credit', 'Facility', 'From', 'Jefferies']",[],03:01:45,16955517
461,2014-08-21,Thu,89531,502280905420189696,1,dealbook,"['Dollar', 'General', 'Questions', 'Motivation', 'of', 'Rival', 's', 'CEO']",[],02:27:54,16955517
462,2014-08-21,Thu,89531,502259963159646208,7,dealbook,"['Bank', 'of', 'America', 'Expected', 'to', 'Settle', 'Huge', 'Mortgage', 'Case']",[],01:04:41,16955517
463,2014-08-21,Thu,89531,502255556720332800,1,dealbook,"['First', 'Investors', 'Financial', 'Services', 'Pays', 'Penalty', 'in', 'Credit', 'Report', 'Case']",[],00:47:10,16955517
464,2014-08-20,Wed,89531,502194249077886976,9,dealbook,"['Toms', 'Sells', 'Half', 'of', 'Itself', 'to', 'Bain', 'Capital']",[],20:43:33,16955517
465,2014-08-20,Wed,89531,502191258316840961,9,dealbook,"['Carl', 'Icahn', 'Takes', 'Stake', 'in', 'Hertz', 'to', 'Pressure', 'Its', 'Management']",[],20:31:40,16955517
466,2014-08-20,Wed,89531,502170156760846337,4,dealbook,"['Chain', 'a', 'Bitcoin', 'Start-Up', 'Raises', '$95', 'Million', 'Led', 'by', 'Khosla', 'Ventures']",[],19:07:49,16955517
467,2014-08-20,Wed,89531,502138245485195265,3,dealbook,"['Argentina', 'Proposes', 'End', 'Run', 'Around', 'US', 'Court', 'in', 'Bond', 'Dispute']",[],17:01:01,16955517
468,2014-08-20,Wed,89531,502136687179599872,4,dealbook,"['Infineon', 'to', 'Buy', 'International', 'Rectifier', 'a', 'Chip', 'Maker', 'for', '$3', 'Billion']",[],16:54:50,16955517
469,2014-08-20,Wed,89531,502133864815681537,1,dealbook,"['Standard', 'Chartered', 'Fine', 'Should', 'Raise', 'Concern', 'Among', 'Its', 'Investors']",[],16:43:37,16955517
470,2014-08-20,Wed,89531,502130760967815169,2,dealbook,"['Warren', 'Buffett', 's', 'Company', 'Fined', 'by', 'Justice', 'Department', 'Over', 'Stock', 'Purchase']",[],16:31:17,16955517
471,2014-08-20,Wed,89531,502129169988218880,1,dealbook,"['Activist', 'Hedge', 'Fund', 'Claims', 'Victory', 'Over', 'Bob', 'Evans']",[],16:24:57,16955517
472,2014-08-20,Wed,89531,502107272265613312,2,dealbook,"['Big', 'Deals', 'Not', 'Such', 'Rich', 'Fees', 'for', 'Bankers']",[],14:57:57,16955517
473,2014-08-20,Wed,89531,502088634200502273,2,dealbook,"['Thumbtack', 'an', 'Online', 'Market', 'for', 'Services', 'Raises', '$100', 'Million']",[],13:43:53,16955517
474,2014-08-20,Wed,89531,502056992970924032,1,dealbook,"['Morning', 'Agenda', 'Standard', 'Chartered', 's', 'Backsliding', 'Woes']",[],11:38:09,16955517
475,2014-08-20,Wed,89531,502010744595316736,0,dealbook,"['Balfour', 'Beatty', 'Rejects', 'Latest', 'Offer', 'From', 'Rival', 'Carillion']",[],08:34:23,16955517
476,2014-08-20,Wed,89531,501883195160526849,0,dealbook,"['Grappling', 'With', 'the', 'Cost', 'Of', 'Corporate', 'Gadflies']",[],00:07:32,16955517
477,2014-08-19,Tue,89531,501878638087008256,2,dealbook,"['Under', 'Pressure', 'From', 'Jana', 'PetSmart', 'Says', 'It', 'Will', 'Explore', 'Potential', 'Sale']",[],23:49:26,16955517
478,2014-08-19,Tue,89531,501877209485697024,1,dealbook,"['Swaps', 'Panel', 'Delays', 'Payout', 'Auction', 'on', 'Argentine', 'Bonds']",[],23:43:45,16955517
479,2014-08-19,Tue,89531,501872611740364800,2,dealbook,"['Ocwen', 'Subpoenaed', 'by', 'SEC', 'Related', 'to', 'Its', 'Business', 'Ties']",[],23:25:29,16955517
480,2014-08-19,Tue,89531,501852260402745344,7,dealbook,"['Owner', 'of', 'Winn-Dixie', 'and', 'Bi-Lo', 'Supermarkets', 'Pulls', 'IPO']",[],22:04:37,16955517
481,2014-08-19,Tue,89531,501819101611065344,10,dealbook,"['Overstock', 'to', 'Allow', 'International', 'Customers', 'to', 'Pay', 'in', 'Bitcoin']",[],19:52:51,16955517
482,2014-08-19,Tue,89531,501781526984785920,3,dealbook,"['Sound', 'and', 'Fury', 'in', 'Bank', 'Settlements', 'Still', 'Signifying', 'Nothing']",[],17:23:33,16955517
483,2014-08-19,Tue,89531,501776694924296193,2,dealbook,"['BHP', 'Spinoff', 'Won', 't', 'Appeal', 'to', 'Commodity', 'Players']",[],17:04:21,16955517
484,2014-08-19,Tue,89531,501775156222898176,1,dealbook,"['Standard', 'Chartered', 'in', 'Deal', 'With', 'New', 'York', 'Regulator']",[],16:58:14,16955517
485,2014-08-19,Tue,89531,501767578789117952,2,dealbook,"['Former', 'Goldman', 'Executive', 'to', 'Head', 'Southeast', 'Asia', 'Private', 'Equity', 'Firm']",[],16:28:07,16955517
486,2014-08-19,Tue,89531,501745732442152960,0,dealbook,"['British', 'Construction', 'Company', 'Carillion', 'Sweetens', 'Offer', 'for', 'Balfour', 'Beatty']",[],15:01:19,16955517
487,2014-08-19,Tue,89531,501717167843598336,3,dealbook,"['Bank', 'of', 'America', 'Names', 'Thomas', 'Montag', 'Sole', 'COO']",[],13:07:48,16955517
488,2014-08-19,Tue,89531,501696743864807425,0,dealbook,"['Morning', 'Agenda', 'Dollar', 'Store', 'Deal', 'Frenzy']",[],11:46:39,16955517
489,2014-08-19,Tue,89531,501663360593981441,2,dealbook,"['BHP', 'Billiton', 'to', 'Spin', 'Off', 'Assets', 'Into', 'Metals', 'and', 'Mining', 'Company']",[],09:34:00,16955517
490,2014-08-19,Tue,89531,501540488915464192,22,dealbook,"['Tax', 'Burden', 'in', 'US', 'Not', 'as', 'Heavy', 'as', 'It', 'Looks', 'Study', 'Finds']",[],01:25:45,16955517
491,2014-08-18,Mon,89531,501470159287365633,4,dealbook,"['Bids', 'for', 'Family', 'Dollar', 'Leave', 'Money', 'on', 'the', 'Table']",[],20:46:17,16955517
492,2014-08-18,Mon,89531,501452934329413632,1,dealbook,"['Bitcoin', 's', 'Price', 'Sinks', 'but', 'Causes', 'Little', 'Alarm', 'Among', 'Traders']",[],19:37:50,16955517
493,2014-08-18,Mon,89531,501438304672546816,4,dealbook,"['Plaza', 'Hotel', 'in', 'Spotlight', 'Again', 'With', 'Reported', 'Bid', 'by', 'Sultan', 'of', 'Brunei']",[],18:39:42,16955517
494,2014-08-18,Mon,89531,501415796556697600,1,dealbook,"['Jana', 'Says', 'It', 'Receives', 'Anonymous', 'Tip', 'in', 'PetSmart', 'Campaign']",[],17:10:16,16955517
495,2014-08-18,Mon,89531,501406807299198976,4,dealbook,"['Fight', 'for', 'Maker', 'of', 'Botox', 'Tests', 'Scope', 'of', 'Insider', 'Trading', 'Laws']",[],16:34:33,16955517
496,2014-08-18,Mon,89531,501381330719219713,4,dealbook,"['Finra', 'Says', 'Wedbush', 'Securities', 'Failed', 'to', 'Detect', 'Manipulative', 'Trades']",[],14:53:19,16955517
497,2014-08-18,Mon,89531,501381329398038528,4,dealbook,"['New', 'York', 'Regulator', 'Announces', 'Settlement', 'With', 'PricewaterhouseCoopers']",[],14:53:18,16955517
498,2014-08-18,Mon,89531,501353812943441921,2,dealbook,"['A', 'Top', 'Lieutenant', 'of', 'Steven', 'Cohen', 'Departs']",[],13:03:58,16955517
499,2014-08-18,Mon,89531,501346417693454336,2,dealbook,"['Ingersoll-Rand', 'Buys', 'Cameron', 'Unit', 'for', '$850', 'Million']",[],12:34:35,16955517
500,2014-08-18,Mon,89531,501332560363155456,2,dealbook,"['Morning', 'Agenda', 'Battle', 'for', 'Family', 'Dollar']",[],11:39:31,16955517
501,2014-08-18,Mon,89531,501325222834733056,1,dealbook,"['Sensata', 'to', 'Acquire', 'Maker', 'of', 'Tire', 'Pressure', 'Sensors']",[],11:10:21,16955517
502,2014-08-18,Mon,89531,501317459086176256,3,dealbook,"['Dollar', 'General', 'Makes', 'Rival', 'Bid', 'for', 'Family', 'Dollar', 'Stores']",[],10:39:30,16955517
503,2014-08-18,Mon,89531,501295620054073344,0,dealbook,"['Carillion', 'Clarifies', 'Chairman', 's', 'Comments', 'on', 'Balfour', 'Beatty']",[],09:12:44,16955517
504,2014-08-18,Mon,89531,501177912016769024,6,dealbook,"['In', 'Silicon', 'Valley', 'Mergers', 'Must', 'Meet', 'the', 'Toothbrush', 'Test']",[],01:25:00,16955517
505,2014-08-18,Mon,89531,501173483519631361,7,dealbook,"['PwC', 's', 'Report', 'Before', 'and', 'After']",[],01:07:24,16955517
506,2014-08-18,Mon,89531,501173481082720257,5,dealbook,"['PwC', 'Faces', 'Penalty', 'and', 'Sidelining', 'of', 'Regulatory', 'Consulting', 'Unit']",[],01:07:23,16955517
507,2014-08-15,Fri,89531,500418632422531072,52,dealbook,"['Shake', 'Shack', 'Owner', 'Weighs', 'an', 'IPO']",[],23:07:53,16955517
508,2014-08-15,Fri,89531,500408691687182337,2,dealbook,"['Rival', 'Bidders', 'Ask', 'Chiquita', 'Shareholders', 'to', 'Reject', 'Fyffes', 'Deal']",[],22:28:23,16955517
509,2014-08-15,Fri,89531,500388298792402945,5,dealbook,"['A', 'Former', 'Top', 'SAC', 'Capital', 'Trader', 'Names', 'New', 'Hedge', 'Fund']",[],21:07:21,16955517
510,2014-08-15,Fri,89531,500368804418179072,4,dealbook,"['Weekend', 'Reading', 'Derivatives', 'Mortgages', 'and', 'Repo', 'Markets', 'in', '2014', 'or', '2008']",[],19:49:54,16955517
511,2014-08-15,Fri,89531,500352682729951232,9,dealbook,"['Coke', 'Finds', 'Right', 'Formula', 'in', 'Monster', 'Deal']",[],18:45:50,16955517
512,2014-08-15,Fri,89531,500337656434532354,11,dealbook,"['Tracking', 'Alibaba', 's', 'Buying', 'Spree']",[],17:46:07,16955517
513,2014-08-15,Fri,89531,500295948203864064,1,dealbook,"['MT', '@JeffreyCane', 'Bitcoin', 'revolution', 'will', 'have', 'to', 'wait', '@melbournecoal', 'on', 'the', 'slow', 'adoption', 'by', 'consumers']",[],15:00:23,16955517
514,2014-08-15,Fri,89531,500293220396711936,9,dealbook,"['Lehman', 's', 'Unsecured', 'Creditors', 'to', 'Receive', '$46', 'Billion']",[],14:49:33,16955517
515,2014-08-15,Fri,89531,500288376004558849,0,dealbook,"['MT', '@JeffreyCane', 'Wall', 'St', 'If', 'we', 'waive', 'termination', 'rights', 'and', 'the', 'buy-side', 'doesn', 't', 'you', 'have', 'this', 'total', 'disparity']",[],14:30:18,16955517
516,2014-08-15,Fri,89531,500284043674787840,4,dealbook,"['Alibaba', 's', 'Deal', 'Spree', 'Turns', 'From', 'Romance', 'to', 'Thriller']",[],14:13:05,16955517
517,2014-08-15,Fri,89531,500280872520544259,1,dealbook,"['MT', '@JeffreyCane', 'A', 'change', 'coming', 'to', 'derivatives', 'that', 'affects', 'how', 'trades', 'are', 'treated', 'when', 'a', 'bank', 'fails', '@petereavis']",[],14:00:29,16955517
518,2014-08-15,Fri,89531,500246308255707137,3,dealbook,"['Morning', 'Agenda', 'Tension', 'Mounts', 'Over', 'Derivatives']",[],11:43:08,16955517
519,2014-08-15,Fri,89531,500221340449009665,2,dealbook,"['Sharon', 'Bowles', 'to', 'Join', 'London', 'Stock', 'Exchange', 'Board']",[],10:03:55,16955517
520,2014-08-15,Fri,89531,500210883059277824,4,dealbook,"['Balfour', 'Beatty', 'Again', 'Rejects', 'Approach', 'by', 'Carillion']",[],09:22:22,16955517
521,2014-08-15,Fri,89531,500143018788528128,7,dealbook,"['Alibaba', 'Discovers', 'Suspicious', 'Accounting', 'at', 'Film', 'Unit']",[],04:52:42,16955517
522,2014-08-15,Fri,89531,500090792246247424,0,dealbook,"['Puerto', 'Rico', 'Power', 'Supplier', 'Saved', 'From', 'Cash', 'Squeeze']",[],01:25:10,16955517
523,2014-08-15,Fri,89531,500084027223982081,5,dealbook,"['Fight', 'Brews', 'on', 'Changes', 'That', 'Affect', 'Derivatives']",[],00:58:17,16955517
524,2014-08-14,Thu,89531,500063785152159744,2,dealbook,"['For', 'Merchants', 'Bitcoin', 'Shows', 'More', 'Pop', 'Than', 'Potential']",[],23:37:51,16955517
525,2014-08-14,Thu,89531,500034097784582145,5,dealbook,"['As', 'IPO', 'Nears', 'GoDaddy', 'Tries', 'to', 'Show', 'It', 's', 'More', 'Than', 'Just', 'Domain', 'Names']",[],21:39:53,16955517
526,2014-08-14,Thu,89531,500025982766809088,13,dealbook,"['Coke', 'to', 'Buy', 'Stake', 'in', 'Monster', 'Beverage', 'for', '$215', 'Billion']",[],21:07:38,16955517
527,2014-08-14,Thu,89531,500024467939422209,3,dealbook,"['Chiquita', 'Rejects', 'Unsolicited', 'Offer', 'and', 'Will', 'Proceed', 'With', 'Inversion']",[],21:01:37,16955517
528,2014-08-14,Thu,89531,500011490590875648,5,dealbook,"['Leon', 'Black', 's', 'Phaidon', 'Buys', 'Artspace', 'an', 'Online', 'Art', 'Market']",[],20:10:03,16955517
529,2014-08-14,Thu,89531,500006313217515520,5,dealbook,"['The', 'Signals', 'From', 'the', 'High-Yield', 'Bond', 'Market']",[],19:49:29,16955517
530,2014-08-14,Thu,89531,500003378165194753,1,dealbook,"['Venezuela', 'as', 'a', 'Distressed', 'Seller']",[],19:37:49,16955517
531,2014-08-14,Thu,89531,500001646567763968,0,dealbook,"['SEC', 'Looks', 'Into', 'Valeant', 'and', 'Pershing', 'Square', 'Bid', 'for', 'Botox', 'Maker']",[],19:30:56,16955517
532,2014-08-14,Thu,89531,499994230404968449,10,dealbook,"['Hedge', 'Funds', 'Give', 'Quarterly', 'Snapshots', 'of', 'Their', 'Portfolios']",[],19:01:28,16955517
533,2014-08-14,Thu,89531,499985251599650816,5,dealbook,"['Kinder', 'Morgan', 'Is', 'Playing', 'Tax', 'Arbitrage', 'With', 'Itself']",[],18:25:47,16955517
534,2014-08-14,Thu,89531,499964613371650049,3,dealbook,"['Electrolux', 'in', 'Talks', 'to', 'Acquire', 'GE', 'Appliance', 'Business']",[],17:03:47,16955517
535,2014-08-14,Thu,89531,499964611941376000,0,dealbook,"['Banks', 'Exit', 'IPO', 'They', 'Should', 'Have', 'Passed', 'Up', 'in', 'the', 'First', 'Place']",[],17:03:47,16955517
536,2014-08-14,Thu,89531,499932166286245888,3,dealbook,"['Banks', 'Watching', 'Terrorism', 'Trial', 'in', 'Brooklyn']",[],14:54:51,16955517
537,2014-08-14,Thu,89531,499927898086993920,10,dealbook,"['Blackstone', 'to', 'Buy', 'Louisiana', 'Shale', 'Assets', 'for', '$12', 'Billion']",[],14:37:53,16955517
538,2014-08-14,Thu,89531,499926093328297984,1,dealbook,"['British', 'Government', 'to', 'Delay', 'Lloyds', 'Sale', 'to', 'Retail', 'Investors']",[],14:30:43,16955517
539,2014-08-14,Thu,89531,499882561045532672,5,dealbook,"['Morning', 'Agenda', 'A', 'Market', 'for', 'Delinquent', 'Mortgages']",[],11:37:44,16955517
540,2014-08-14,Thu,89531,499874101293756416,5,dealbook,"['NRG', 'Energy', 'Buys', 'Solar', 'Start-Up', 'Goal', 'Zero']",[],11:04:07,16955517
541,2014-08-14,Thu,89531,499872513716133888,0,dealbook,"['In', 'Pursuit', 'of', 'Balfour', 'Beatty', 'Carillion', 'Meets', 'With', 'Shareholders']",[],10:57:49,16955517
542,2014-08-14,Thu,89531,499811593233104896,7,dealbook,"['French-Chinese', 'Venture', 'Withdraws', 'Bid', 'for', 'Club', 'Med']",[],06:55:44,16955517
543,2014-08-14,Thu,89531,499769301663227904,2,dealbook,"['Hydration', 'Powder', 'Attracts', 'Rock', 'Musicians', 'as', 'Investors']",[],04:07:41,16955517
544,2014-08-14,Thu,89531,499710196768587776,5,dealbook,"['Delinquent', 'Mortgages', 'Attracting', 'Investors']",[],00:12:49,16955517
545,2014-08-13,Wed,89531,499691456588967936,1,dealbook,"['Hedge', 'Fund', 'Billionaire', 'Files', 'Suit', 'Against', 'Bahamas', 'Neighbor', 'Peter', 'Nygard']",[],22:58:21,16955517
546,2014-08-13,Wed,89531,499674203386568705,8,dealbook,"['Hedge', 'Fund', 'Holdouts', 'Fail', 'to', 'Reach', 'Private', 'Deal', 'Over', 'Argentine', 'Debt']",[],21:49:48,16955517
547,2014-08-13,Wed,89531,499618399425921024,8,dealbook,"['Ackman', 's', 'Sales', 'Pitch', 'for', 'His', 'Hedge', 'Fund', 'and', 'His', 'IPO']",[],18:08:03,16955517
