0,2014-09-26,Fri,311501,515361296293052416,5,gruber,"['So', 'that', 'was', 'Bob', 'Sheppards', 'last', 'game', 'at', 'The', 'Stadium', 'too']",[],04:44:42,33423
1,2014-09-26,Fri,311501,515348055840018432,32,gruber,"['One', 'team', 'will', 'win', 'the', 'World', 'Series', 'this', 'year', 'No', 'other', 'team', 's', 'fans', 'will', 'experience', 'a', 'better', 'ending', 'than', 'what', 'Derek', 'Jeter', 'delivered', 'tonight']",[],03:52:05,33423
2,2014-09-26,Fri,311501,515341616417374208,4,gruber,"['15', 'rings']",[],03:26:30,33423
3,2014-09-26,Fri,311501,515332984824926208,47,gruber,[],[],02:52:12,33423
4,2014-09-26,Fri,311501,515324896180989952,71,gruber,"['Derek', 'Jeter', 'Captain', 'Clutch']",[],02:20:04,33423
5,2014-09-26,Fri,311501,515319753729404928,87,gruber,"['Derek', 'Jeter', 'is', '511', 'games', 'over', '500', 'for', 'his', 'career', 'Winningest', 'player', 'in', 'baseball', 'history', 'Working', 'on', '512']",[],01:59:38,33423
6,2014-09-25,Thu,311501,515240686061641728,103,gruber,"['Pretty', 'sure', 'it', 's', 'the', 'common', 'sense', 'thing']",[],20:45:26,33423
7,2014-09-25,Thu,311501,515150866996035584,10,gruber,[],[],14:48:32,33423
8,2014-09-24,Wed,311501,514907043594260480,15,gruber,"['Theres', 'something', 'poetic', 'about', 'Jeters', 'last', 'team', 'being', 'eliminated', 'by', 'Buck', 'Showalters']",[],22:39:40,33423
9,2014-09-24,Wed,311501,514871241489281024,39,gruber,"['Been', 'carrying', 'this', 'one', 'in', 'my', 'back', 'pocket', 'for', 'weeks']",[],20:17:24,33423
10,2014-09-24,Wed,311501,514853624082882560,79,gruber,"['Bend', 'James', 'Bend']",[],19:07:24,33423
11,2014-09-24,Wed,311501,514852144500207617,101,gruber,['Bend-ghazi'],[],19:01:31,33423
12,2014-09-24,Wed,311501,514645441670283264,4,gruber,"['Johnny', 'Carson']",[],05:20:09,33423
13,2014-09-24,Wed,311501,514632985770196992,12,gruber,"['Two', 'national', 'treasures', 'Bob', 'Barker', 'and', 'James', 'Randi']",[],04:30:39,33423
14,2014-09-24,Wed,311501,514618112441061376,33,gruber,"['Uri', 'Geller', 'tests', 'the', 'iPhone', '6', 'Plus']",[],03:31:33,33423
15,2014-09-24,Wed,311501,514588760143851520,37,gruber,"['Twitterrific', 'update', 'with', 'support', 'for', 'iPhone', '6', 'displays', 'is', 'very', 'nice']",[],01:34:55,33423
16,2014-09-23,Tue,311501,514533517704065024,5,gruber,"['So', 'SwiftKey', 's', 'blog', 'says', 'no', 'language', 'information', 'leaves', 'your', 'device', 'at', 'all', 'unless', 'you', 'opt', 'in', 'What', 'is', 'lang', 'info']",[],21:55:24,33423
17,2014-09-23,Tue,311501,514467357914587137,168,gruber,"['And', 'I', 'kind', 'of', 'can', 't', 'believe', 'that', 'people', 'are', 'willing', 'to', 'grant', 'SwiftKey', 'permission', 'to', 'send', 'everything', 'you', 'type', 'to', 'their', 'servers']",[],17:32:31,33423
18,2014-09-23,Tue,311501,514466702126776321,43,gruber,"['Does', 'swipe-typing', 'eventually', 'get', 'faster', 'than', 'double-thumb', 'tapping', 'I', 'find', 'that', 'hard', 'to', 'believe', 'Is', 'it', 'for', 'people', 'who', 'type', 'one-handed']",[],17:29:54,33423
19,2014-09-23,Tue,311501,514466376174817281,31,gruber,"['So', 'I', 'tried', 'SwiftKey', 'Regular', 'typing', 'very', 'similar', 'to', 'iOS', 'kbd', 'Swiping', 'accuracy', 'is', 'impressive', 'but', 'takes', 'almost', 'twice', 'as', 'long', 'vs', '2', 'thumbs']",[],17:28:37,33423
20,2014-09-22,Mon,311501,514189974284300288,10,gruber,"['Wait', 'so', 'Anandtech', 'didn', 't', 'get', 'advance', 'review', 'units', 'of', 'the', 'new', 'iPhones']",[],23:10:17,33423
21,2014-09-22,Mon,311501,514124312933302274,17,gruber,"['I', 'spent', 'the', 'weekend', 'back', 'on', 'my', 'old', '5S', 'and', 'rather', 'enjoyed', 'it', 'because', 'my', 'single-most', 'used', 'app', 'Tweetbot', 'ran', 'at', 'native', 'size']",[],18:49:22,33423
22,2014-09-22,Mon,311501,514124155206529025,16,gruber,"['And', 'I', 'know', 'there', 's', 'a', 'huge', 'weeks-long', 'App', 'Store', 'review', 'backlog', 'now', 'I', 'm', 'just', 'saying', 'it', 's', 'a', 'real', 'downer', 'for', 'the', 'user', 'experience']",[],18:48:45,33423
23,2014-09-22,Mon,311501,514123903938330624,22,gruber,"['I', 'm', 'not', 'blaming', 'third-party', 'developers', 'for', 'the', 'fact', 'that', 'their', 'apps', 'don', 't', 'support', 'week-old', 'new', 'iPhones', 'yet']",[],18:47:45,33423
24,2014-09-22,Mon,311501,514122813603848192,118,gruber,"['So', 'the', 'only', 'iOS', 'Twitter', 'client', 'updated', 'for', 'the', 'new', 'iPhone', '6', 'displays', 'is', 'Twitterapp', 'This', 'is', 'killing', 'me']",[],18:43:25,33423
25,2014-09-22,Mon,311501,513911721682305024,17,gruber,"['Why', 'does', 'the', 'Lock', 'screen', 'run', 'in', 'zoomed', 'mode', 'Look', 'at', 'status', 'bar', 'size']",[],04:44:37,33423
26,2014-09-22,Mon,311501,513900819109122048,8,gruber,"['This', 'show', 'on', 'QVC', 'is', 'called', 'Shopper', 's', 'High', 'They', 'got', 'that', 'right']",[],04:01:17,33423
27,2014-09-22,Mon,311501,513841867616952320,14,gruber,"['Can', 'you', 'even', 'imagine', 'if', 'that', 'had', 'been', 'the', 'Super', 'Bowl', 'What', 'a', 'game', 'Also', 'Dallas', 'is', '2-1']",[],00:07:02,33423
28,2014-09-21,Sun,311501,513836023844208640,20,gruber,"['Where', 'was', 'this', 'Peyton', 'Manning', 'in', 'January', 'I', 'think', 'Pete', 'Carroll', 'just', 'pissed', 'himself']",[],23:43:49,33423
29,2014-09-21,Sun,311501,513502201604734976,20,gruber,"['Apple', 'should', 'switch', 'to', 'DINvetica', 'the', 'as-yet', 'unnamed', 'Apple', 'Watch', 'font', 'for', 'the', 'keycaps', 'on', 'Mac', 'keyboards', 'VAG', 'Rounded', 'is', 'played', 'out']",[],01:37:19,33423
30,2014-09-20,Sat,311501,513400079223623680,70,gruber,"['iOS', 'keyboard', 'idea', 'if', 'I', 'end', 'a', 'sentence', 'with', 'a', 'z', 'that', 'results', 'in', 'a', 'misspelled', 'word', 'turn', 'the', 'z', 'into', 'a', 'periodz']",[],18:51:32,33423
31,2014-09-20,Sat,311501,513213948985094144,5,gruber,"['Sending', 'a', 'case', 'out', 'to', '@monteiro']",[],06:31:55,33423
32,2014-09-20,Sat,311501,513201305687695361,15,gruber,"['A', 'Cinematic', 'History', 'of', '007']",[],05:41:40,33423
33,2014-09-20,Sat,311501,513168809377923074,19,gruber,[],[],03:32:33,33423
34,2014-09-20,Sat,311501,513152309690634240,26,gruber,"['Good', 'day', 'to', 'trot', 'this', 'one', 'back', 'out']",[],02:26:59,33423
35,2014-09-20,Sat,311501,513137699428257793,20,gruber,"['MLB', 'At', 'Bat', 'has', 'played', 'the', 'AppleU2', 'commercial', 'between', 'every', 'half', 'inning', 'so', 'I', 've', 'heard', 'it', '14', 'times', 'and', 'counting', 'tonight', 'Now', 'I', 'm', 'angry']",[],01:28:55,33423
36,2014-09-19,Fri,311501,513101894756360192,33,gruber,"['When', 'I', 'asked', 'Apple', 'people', 'which', 'iPhone', '6', 'they', 'prefer', 'personally', 'all', 'replied', 'with', 'same', 'answer', 'I', 'like', 'them', 'both', 'I', 'haven', 't', 'decided', 'yet']",[],23:06:39,33423
37,2014-09-19,Fri,311501,513071331915878400,288,gruber,"['Apps', 'should', 'not', 'be', 'allowed', 'to', 'say', 'they', 're', 'updated', 'for', 'iOS', '8', 'if', 'they', 'don', 't', 'support', 'the', 'new', 'display', 'sizes']",[],21:05:12,33423
38,2014-09-19,Fri,311501,513070449283330049,86,gruber,"['Why', 'would', 'anyone', 'ever', 'say', 'OK', 'to', 'this']",[],21:01:42,33423
39,2014-09-19,Fri,311501,512812974872875008,16,gruber,"['Watching', 'QVC', 'They', 're', 'selling', 'an', 'HP', 'Slatebook', 'with', 'Beats', 'Audio', 'built', 'in', 'Total', 'piece', 'of', 'shit', 'device']",[],03:58:35,33423
40,2014-09-18,Thu,311501,512714577876750336,2,gruber,"['Fellow', 'Philly', 'drinkers', 'lets', 'make', 'sure', '@hopsinglaundry', 'wins', 'this']",[],21:27:35,33423
41,2014-09-18,Thu,311501,512701288501370883,1,gruber,"['I', 'can', 't', 'say', 'for', 'sure', 'about', 'the', '6', 'because', 'I', 'never', 'bothered', 'upgrading', 'mine', 'for', 'Lightning']",[],20:34:47,33423
42,2014-09-18,Thu,311501,512701202006421504,2,gruber,"['Elevation', 'Dock', 'I', 'think', 'the', '6', 'should', 'fit', 'but', 'maybe', 'not', 'if', 'you', 'use', 'a', 'case', 'It', 's', 'close', '6', 'Plus', 'has', 'no', 'chance', 'of', 'fitting']",[],20:34:26,33423
43,2014-09-18,Thu,311501,512481791513747456,76,gruber,"['The', 'two', 'most', 'frequently', 'used', 'word', 'in', 'my', 'iPhones', '6', 'review', 'ginormous', 'and', 'vibrator']",[],06:02:35,33423
44,2014-09-18,Thu,311501,512470813594103808,109,gruber,"['You', 'guys', 'don', 't', 'know', 'the', 'half', 'of', 'it', 'That', 'new', 'Tips', 'app', 'in', 'iOS', '8', 'It', 'plays', 'U2', 'songs', 'in', 'the', 'background']",[],05:18:57,33423
45,2014-09-17,Wed,311501,512369624512737280,882,gruber,"['Room', 'to', 'spare']",[],22:36:52,33423
46,2014-09-17,Wed,311501,512321433385857024,51,gruber,"['What', 'the', 'shit', 'is', 'up', 'with', 'the', 'fontcolors', 'on', 'these', 'Businessweek', 'covers', 'Or', 'that', 'amateur', 'photo', 'where', 'Cook', 'is', 'waving']",[],19:25:22,33423
47,2014-09-17,Wed,311501,512311399281098753,73,gruber,"['In', 'fact', 'why', 'not', 'show', 'avatars', 'in', 'the', 'message', 'list', 'in', 'Messages', 'on', 'all', 'iOS', '8', 'devices', 'If', 'Twitter', 'clients', 'can', 'fit', 'it', 'so', 'can', 'Messages']",[],18:45:30,33423
48,2014-09-17,Wed,311501,512311264174174208,49,gruber,"['Messages', 'shows', 'avatars', 'in', 'the', 'thread', 'list', 'on', 'the', '6', 'Plus', 'Really', 'wish', 'it', 'did', 'the', 'same', 'on', 'the', 'regular', '6', 'There', 's', 'plenty', 'of', 'room', 'for', 'it']",[],18:44:58,33423
49,2014-09-17,Wed,311501,512305528178237440,55,gruber,"['That', 'free', 'U2', 'tape', 'thing', 'is', 'fake', 'alas', 'but', 'still', 'damn', 'funny']",[],18:22:10,33423
50,2014-09-17,Wed,311501,512189619337986049,70,gruber,"['Two', 'down', 'Some', 'days', 'this', 'gig', 'feels', 'like', 'a', 'real', 'job']",[],10:41:35,33423
51,2014-09-17,Wed,311501,512060533697425408,138,gruber,"['Screenshots', 'from', 'iPhone', '6', 'Plus', 'are', '2208', '1242', 'not', '1920', '1080', 'So', 'if', 'you', 'want', 'to', 'see', 'how', 'things', 'are', 'truly', 'rendered', 'get', 'a', 'loupe']",[],02:08:39,33423
52,2014-09-17,Wed,311501,512034028611174401,109,gruber,"['One', 'down']",[],00:23:20,33423
53,2014-09-16,Tue,311501,511748558555713536,10,gruber,"['Watching', 'Charlie', 'Rose', 'Is', 'Tim', 'Cook', 'pronouncing', 'Samsung', 'right', 'Sam-SUNG']",[],05:28:58,33423
54,2014-09-16,Tue,311501,511670455833731072,33,gruber,"['Chappaquiddick', 'sweatshirt', 'that', 'looks', 'soaking', 'wet', 'cc', '@UrbanOutfitters']",[],00:18:37,33423
55,2014-09-15,Mon,311501,511605314312232960,13,gruber,"['Just', 'got', 'my', 'Unexposed', 'edition', 'of', 'Field', 'Notes', 'Very', 'cool', 'I', 'd', 'describe', 'them', 'as', 'and', 'the', 'really', 'pops']",[],19:59:46,33423
56,2014-09-15,Mon,311501,511339280594374656,8,gruber,"['PRAY', 'FOR', 'MOJO']",[],02:22:39,33423
57,2014-09-12,Fri,311501,510340608838213632,34,gruber,"['Gave', 'up', 'after', 'an', 'hour', 'and', 'ordered', 'through', 'Verizon', 's', 'website', 'Horrendous', 'design', 'but', 'at', 'least', 'it', 'worked', 'first', 'try']",[],08:14:17,33423
58,2014-09-12,Fri,311501,510335458367115264,32,gruber,"['An', 'error', 'occurred']",[],07:53:49,33423
59,2014-09-12,Fri,311501,510326071342813184,130,gruber,"['I', 've', 'got', 'a', 'bad', 'feeling', 'about', 'this']",[],07:16:31,33423
60,2014-09-12,Fri,311501,510318975147081728,55,gruber,"['Space', 'Gray', '128', 'GB', '47', 'inches']",[],06:48:19,33423
61,2014-09-10,Wed,311501,509816362899087360,26,gruber,"['Christ', 'they', 'even', 'have', 'an', 'open', 'bar', 'now', 'I', 'love', 'T-Mobile']",[],21:31:07,33423
62,2014-09-10,Wed,311501,509807711999909888,11,gruber,['Sandy'],[],20:56:44,33423
63,2014-09-10,Wed,311501,509801594561372160,89,gruber,"['Apple', 'Watch', 'is', 'a', 'name', 'Watch', 'is', 'a', 'logo', 'mark']",[],20:32:26,33423
64,2014-09-10,Wed,311501,509798816237641728,35,gruber,"['I', 'm', 'at', 'this', 'T-Mobile', 'event', 'John', 'Legere', 'has', 'said', 'shit', 'three', 'times', 'and', 'admitted', 'flat-out', 'the', 'audience', 'is', 'stacked', 'with', 'employees']",[],20:21:24,33423
65,2014-09-10,Wed,311501,509798070351978496,25,gruber,"['I', 'love', 'this', 'guy']",[],20:18:26,33423
66,2014-09-10,Wed,311501,509519080596860928,388,gruber,"['Left-handers', 'You', 'can', 'just', 'turn', 'Apple', 'Watch', 'upside', 'down', 'and', 'swap', 'straps', 'around', 'and', 'it', 'll', 'just', 'work']",[],01:49:49,33423
67,2014-09-09,Tue,311501,509459814670286848,60,gruber,"['We', 'even', 'developed', 'a', 'new', 'typeface', 'to', 'maximize', 'legibility']",[],21:54:19,33423
68,2014-09-09,Tue,311501,509405359228727296,174,gruber,"['Kevin', 'Lynch', 'is', 'here', 'to', 'demo', 'Flash', 'Player', 'support', 'on', 'the', 'watch']",[],18:17:56,33423
69,2014-09-09,Tue,311501,509402301539168257,6,gruber,"['DIN', 'on', 'the', 'video', 'captions', 'too']",[],18:05:47,33423
70,2014-09-09,Tue,311501,509402017870008320,43,gruber,"['DIN', 'I', 'think', 'is', 'the', 'font', 'they', 're', 'using', 'for', 'Apple', 'Watch']",[],18:04:39,33423
71,2014-09-09,Tue,311501,509400997014159361,628,gruber,"['iNames', 'RIP']",[],18:00:36,33423
72,2014-09-09,Tue,311501,509400095704371201,69,gruber,['Finally'],[],17:57:01,33423
73,2014-09-09,Tue,311501,509392442076852224,57,gruber,"['Got', 'the', '6', 'Plus', 'pixel', 'count', 'wrong', 'At', '1920x1080', 'I', 'think', 'it', 'has', 'to', 'be', '@3x', 'which', 'means', 'a', '12x', 'scaling', 'factor', 'Everything', 'rendered', 'bigger']",[],17:26:36,33423
74,2014-09-09,Tue,311501,509388993583005698,182,gruber,"['Seven', 'minutes', 'in', 'here', 's', 'both', 'iPhone', '6', 'phones', 'Just', 'getting', 'these', 'out', 'of', 'the', 'way']",[],17:12:54,33423
75,2014-09-09,Tue,311501,509387178498359296,48,gruber,"['That', 's', 'the', 'first', 'reference', 'to', 'Steve', 'on', 'stage', 'since', 'he', 'died']",[],17:05:41,33423
76,2014-09-09,Tue,311501,509377563668779008,155,gruber,"['This', 'is', 'nuts']",[],16:27:29,33423
77,2014-09-09,Tue,311501,509199074612875264,105,gruber,"['If', 'it', 'has', 'a', 'screen', 'Ill', 'bet', 'its', 'square', 'And', 'if', 'its', 'square', '320', '320', 'pixels', 'sounds', 'about', 'right', 'to', 'me']",[],04:38:14,33423
78,2014-09-08,Mon,311501,509102569130823680,107,gruber,"['If', 'anyone', 'gave', 'a', 'shit', 'about', 'Amazon', 'Fire', 'Phone', 'there', 'd', 'be', 'similar', 'outrage', 'for', 'this', 'price', 'drop', 'as', 'with', 'original', 'iPhone', 'in', '2007', 'crickets']",[],22:14:45,33423
79,2014-09-08,Mon,311501,509093005228519424,46,gruber,"['Here', 's', 'a', 'guy', 'who', 'might', 'never', 'get', 'a', 'chance', 'to', 'work', 'with', 'Apple', 'again']",[],21:36:45,33423
80,2014-09-07,Sun,311501,508756049370046464,266,gruber,[],[],23:17:49,33423
81,2014-09-06,Sat,311501,508274943537475584,24,gruber,"['a', 'libertarian', 'stance', 'to', 'the', 'Markdown', 'community', 'except', 'where', 'someone', 'wants', 'to', 'monkey', 'with', 'his', 'canonical', 'version']",[],15:26:04,33423
82,2014-09-05,Fri,311501,508006245186666496,58,gruber,"['Marc', 'Newson', 'joins', 'Jony', 'Ive', 's', 'design', 'team', 'at', 'Apple']",[],21:38:21,33423
83,2014-09-05,Fri,311501,507989378304856064,1,gruber,"['And', '@vmarks', 'scored', 'triple', 'bonus', 'points', 'for', 'referencing', 'this', 'in-joke']",[],20:31:20,33423
84,2014-09-05,Fri,311501,507989120246112256,35,gruber,"['In', 'case', 'you', 'missed', 'it', 'late', 'last', 'night', '@vmarks', 'won', 'the', 'Internet', 'yesterday']",[],20:30:18,33423
85,2014-09-05,Fri,311501,507981888343269376,26,gruber,"['I', 'don', 't', 'agree', 'with', 'all', 'of', 'it', 'but', 'I', 'really', 'loved', 'this', 'piece', 'by', '@davewiner', 'and', 'the', 'comment', 'thread', 'at', 'the', 'end']",[],20:01:34,33423
86,2014-09-05,Fri,311501,507785668605804544,8,gruber,"['Last', 'one', 'I', 'swear', 'jspthrowaway', 'two', 'years', 'ago']",[],07:01:52,33423
87,2014-09-05,Fri,311501,507781360116051968,11,gruber,"['This', 'has', 'been', 'going', 'on', 'for', 'years', 'and', 'my', 'stance', 'has', 'remained', 'unchanged']",[],06:44:45,33423
88,2014-09-05,Fri,311501,507769575283654656,75,gruber,"['Thank', 'you', '@vmarks', 'for', 'winning', 'the', 'Internet', 'today', 'I', 'salute', 'you', 'Not', 'that', 'salute']",[],05:57:55,33423
89,2014-09-05,Fri,311501,507755942055002112,8,gruber,['Finally'],[],05:03:44,33423
90,2014-09-04,Thu,311501,507665546503270400,20,gruber,"['Rejected', 'names', 'suggested', 'thus', 'far', 'Markdown', '20', 'New', 'Markdown', 'Original', 'Markdown', 'Traditional', 'Markdown', 'Daring', 'Markdown', 'iMarkdown']",[],23:04:32,33423
91,2014-09-04,Thu,311501,507656427658571776,38,gruber,"['It', 's', 'almost', 'hard', 'for', 'me', 'to', 'believe', 'that', 'this', 'tweet', 'exists', 'let', 'alone', 'that', 'it', 'was', 'posted', 'this', 'week', 'Almost']",[],22:28:18,33423
92,2014-09-04,Thu,311501,507642428866985984,62,gruber,"['Here', 's', 'how', 'blatant', 'the', 'name', 'theft', 'is', 'GitHub', 'itself', 'refers', 'to', 'my', 'Markdown', 'as', 'standard', 'Markdown']",[],21:32:41,33423
93,2014-09-04,Thu,311501,507602356158992384,20,gruber,"['Whoever', '@horsemarkdown', 'is', 'I', 'love', 'you']",[],18:53:27,33423
94,2014-09-04,Thu,311501,507591799884357632,18,gruber,"['Me', 'It', 's', 'either', 'going', 'to', 'peter', 'out', 'or', 'I', 'm', 'going', 'to', 'have', 'to', 'take', 'a', 'little', 'more', 'public', 'and', 'be', 'like', 'No', 'you', 'cannot', 'take', 'the', 'name', 'Markdown']",[],18:11:30,33423
95,2014-09-04,Thu,311501,507590561172176897,17,gruber,"['Marco', 'What', 'if', 'they', 'just', 'make', 'their', 'own', 'thing', 'give', 'it', 'their', 'own', 'name', 'and', 'see', 'if', 'it', 'catches', 'on', 'Me', 'Exactly']",[],18:06:35,33423
96,2014-09-04,Thu,311501,507590376639561730,5,gruber,"['Cool', 'Overcastfm', 'feature', 'lets', 'you', 'jump', 'right', 'to', 'the', 'correct', 'place', 'in', 'the', 'audio', 'stream']",[],18:05:51,33423
97,2014-09-04,Thu,311501,507590050880561153,34,gruber,"['For', 'those', 'curious', '@marcoarment', 'and', 'I', 'spoke', 'about', 'Markdown', 'and', 'standardization', 'on', 'my', 'show', 'a', 'few', 'weeks', 'ago']",[],18:04:33,33423
98,2014-09-04,Thu,311501,507575954756366336,1,gruber,"['I', 'don', 't', 'include', 'GA', 'tracking', 'on', 'the', 'Dingus', 'page', 'because', 'I', 'don', 't', 'want', 'anyone', 'creeped', 'out', 'wondering', 'if', 'Google', 'can', 'see', 'what', 'they', 're', 'typing']",[],17:08:32,33423
99,2014-09-04,Thu,311501,507575668427997184,1,gruber,"['And', 'that', 'pageview', 'count', 'does', 'not', 'include', 'the', 'Dingus', 'which', 'is', 'extremely', 'popular']",[],17:07:24,33423
100,2014-09-04,Thu,311501,507572728421834752,17,gruber,"['For', 'what', 'it', 's', 'worth', 'the', 'markdown', 'pages', 'on', 'Daring', 'Fireball', 'had', '33', 'million', 'page', 'views', 'in', 'the', 'last', 'year', 'according', 'to', 'Google', 'Analytics']",[],16:55:43,33423
101,2014-09-04,Thu,311501,507554892073160704,4,gruber,"['This', '@MagicRecs', 'suggestion', 'is', 'the', 'first', 'laugh', 'I', 've', 'gotten', 'on', 'the', 'internet', 'in', 'a', 'day']",[],15:44:50,33423
102,2014-09-04,Thu,311501,507372885154205696,24,gruber,"['The', '@markdown', 'account', 'is', 'mine']",[],03:41:37,33423
103,2014-09-03,Wed,311501,507247796559548416,338,gruber,"['Apple', 'has', 'their', 'work', 'cut', 'out', 'for', 'them', 'selling', 'your', 'entire', 'photo', 'roll', 'stored', 'in', 'the', 'cloud', 'next', 'week']",[],19:24:33,33423
104,2014-09-03,Wed,311501,507222018845310976,9,gruber,"['Why', 'are', 'these', 'two', 'entirely', 'separate', 'products']",[],17:42:07,33423
105,2014-09-02,Tue,311501,506902690635739136,27,gruber,"['So', 'how', 'is', 'Apple', 'field-testing', 'these', 'big-ass', 'new', 'iPhones', 'Carefully', 'and', 'quietly', 'I', 'suppose']",[],20:33:13,33423
106,2014-08-29,Fri,311501,505184598066995200,3,gruber,"['She', 's', 'like', 'a', 'drunk', 'older', 'woman', 'on', 'a', 'cruise']",[],02:46:08,33423
107,2014-08-28,Thu,311501,504787786558607361,3,gruber,"['Man', 'did', 'David', 'Price', 'shit', 'the', 'bed', 'tonight', 'or', 'what']",[],00:29:21,33423
108,2014-08-27,Wed,311501,504575997388550144,9,gruber,"['In', 'phone', 'conversations', 'Matt', 'Swartz', 'has', 'blamed', 'unfair', 'press', 'for', 'his', 'troubles']",[],10:27:47,33423
109,2014-08-27,Wed,311501,504487527466950656,18,gruber,"['I', 'carry', 'a', 'bag', 'of', 'hot', 'dogs', 'with', 'me', 'wherever', 'I', 'go', 'I', 'eat', 'them', 'from', 'the', 'bag', 'whenever', 'I', 'get', 'the', 'urge', 'regardless', 'of', 'the', 'circumstances']",[],04:36:14,33423
110,2014-08-26,Tue,311501,504403087403261952,243,gruber,"['Is', 'this', 'the', 'new', 'iPhone', '6']",[],23:00:42,33423
111,2014-08-26,Tue,311501,504321593854922752,5,gruber,"['Worth', 'pointing', 'out', 'BBEdit', 'has', 'included', 'a', 'licensed', 'version', 'of', 'Consolas', 'for', 'a', 'few', 'years', 'now', 'Never', 'took', 'to', 'it', 'at', '@1x', 'but', 'lovely', 'at', 'retina']",[],17:36:52,33423
112,2014-08-26,Tue,311501,504313107607748609,23,gruber,"['I', 'have', 'decided', 'upon', 'the', 'best', 'fixed-width', 'font', 'for', 'retina', 'displays', 'and', 'it', 'is', 'Consolas']",[],17:03:09,33423
113,2014-08-25,Mon,311501,503794529552834560,6,gruber,"['Sick', 'cowardly', 'bastard', 'with', 'one', 'tweet', 'to', 'his', 'name', '@absolutlyharam']",[],06:42:30,33423
114,2014-08-25,Mon,311501,503715258167738368,0,gruber,"['@stefanalund', 'Probably']",[],01:27:30,33423
115,2014-08-24,Sun,311501,503682206993502208,8,gruber,[],[],23:16:10,33423
116,2014-08-24,Sun,311501,503389967302017024,6,gruber,"['Simpson', 'eh']",[],03:54:55,33423
117,2014-08-23,Sat,311501,503244976168648704,56,gruber,"['Takes', 'away', 'that', 'personal', 'touch', 'of', 'beating', 'a', 'suspect', 'to', 'death', 'with', 'bare', 'hands']",[],18:18:46,33423
118,2014-08-23,Sat,311501,503056247374233600,67,gruber,"['Worked', 'late', 'on', 'this', 'one']",[],05:48:50,33423
119,2014-08-22,Fri,311501,502890619153682432,2,gruber,"['Hey', '@fromedome']",[],18:50:41,33423
120,2014-08-22,Fri,311501,502887880545812481,32,gruber,"['Man', 'I', 'am', 'so', 'baked', 'right', 'now']",[],18:39:48,33423
121,2014-08-22,Fri,311501,502842198317350912,68,gruber,"['Powerful', 'compelling', 'unflinching', 'coverage', 'of', 'the', 'deep', 'racism', 'underlying', 'Ferguson', 'story', '@ShaunKing']",[],15:38:17,33423
122,2014-08-22,Fri,311501,502610695935234048,60,gruber,"['Worldview', 'shattering']",[],00:18:22,33423
123,2014-08-20,Wed,311501,502237128131362817,25,gruber,"['Posted', 'without', 'comment']",[],23:33:57,33423
124,2014-08-19,Tue,311501,501765088488226817,35,gruber,"['Truth', 'justice', 'vs', 'the', 'American', 'way']",[],16:18:14,33423
125,2014-08-18,Mon,311501,501467959421054976,149,gruber,"['Storify', 'from', '@ShaunKing', 'Yes', 'we', 'need', 'more', 'facts', 'but', 'the', 'ones', 'that', 'exist', 'are', 'revealing']",[],20:37:33,33423
126,2014-08-18,Mon,311501,501445927929151488,17,gruber,"['Dispatch', 'from', 'Bizarro', 'World']",[],19:10:00,33423
127,2014-08-18,Mon,311501,501221010499469313,546,gruber,"['All', 'this', 'to', 'protect', 'one', 'cop', 'Darren', 'Wilson', 'who', 'shot', 'an', 'unarmed', 'boy', '6', 'times', 'twice', 'in', 'the', 'head']",[],04:16:15,33423
128,2014-08-18,Mon,311501,501216397733933056,91,gruber,"['Piece', 'of', 'shit', 'CNN', 'analyst', 'says', 'main', 'problem', 'in', 'Ferguson', 'is', 'a', 'few', 'bad', 'actors', 'among', 'protestors']",[],03:57:56,33423
129,2014-08-18,Mon,311501,501215032169201664,94,gruber,"['GET', 'THE', 'FUCK', 'OUT', 'OF', 'HERE', 'Cameras', 'vs', 'guns']",[],03:52:30,33423
130,2014-08-18,Mon,311501,501213261623480320,359,gruber,"['Flipping', 'through', 'cable', 'news', 'CNN', 'Ferguson', 'MSNBC', 'Ferguson', 'Fox', 'News', 'Mike', 'Huckabee', 'defending', 'NASCAR', 'driver', 'who', 'killed', 'opponent', 'on', 'track']",[],03:45:28,33423
131,2014-08-18,Mon,311501,501181077223124992,5,gruber,"['Philly', 'wins', '7-6']",[],01:37:34,33423
132,2014-08-18,Mon,311501,501169284190859264,1,gruber,"['Texas', 'tales', 'a', '6-3', 'lead', 'but', 'Philly', 'has', 'two', 'at-bats', 'left', 'Good', 'game']",[],00:50:43,33423
133,2014-08-18,Mon,311501,501164362283769856,5,gruber,"['Baseball', 'fans', 'Philly', 's', 'Taney', 'Little', 'League', 'team', 'is', 'beating', 'Texas', '3-2', 'in', 'the', '4th', 'on', 'ESPN2', 'right', 'now']",[],00:31:09,33423
134,2014-08-17,Sun,311501,501093932340883456,7,gruber,"['Another', 'problem', 'with', 'the', 'South']",[],19:51:18,33423
135,2014-08-17,Sun,311501,500797677081468928,167,gruber,"['Tips', 'for', 'Being', 'an', 'Unarmed', 'Black', 'Teen']",[],00:14:05,33423
136,2014-08-16,Sat,311501,500765552999411712,26,gruber,"['It', 'does', 'apply', 'to', 'iOS', 'users', 'but', 'it', 's', 'a', 'setting']",[],22:06:26,33423
137,2014-08-16,Sat,311501,500737791488458752,66,gruber,"['Anyone', 'out', 'there', 'who', 'signs', 'into', 'iOS', 'Google', 'Maps', 'app', 'does', 'this', 'apply', 'to', 'iOS', 'or', 'is', 'it', 'Android', 'only']",[],20:16:07,33423
138,2014-08-16,Sat,311501,500689387039232000,5,gruber,"['Decisions', 'decisions']",[],17:03:46,33423
139,2014-08-16,Sat,311501,500524315885178880,7,gruber,"['Anyone', 'else', 'getting', 'a', '@jdalrymple', 'vibe', 'from', 'Russell', 'Crowe', 'in', 'Noah']",[],06:07:50,33423
140,2014-08-15,Fri,311501,500417266140577792,120,gruber,"['Witness', 'to', 'Brown', 'killing', 'happened', 'right', 'in', 'front', 'of', 'his', 'house']",[],23:02:28,33423
141,2014-08-15,Fri,311501,500403312110612480,16,gruber,"['I', 'have', 'to', 're-record', '@JustTheTip\xe2\x80\x9d', 'Why', 'Paul', 'botched', 'his', 'side', 'of', 'the', 'recording', 'Your', 'CEO', 'of', '@RogueAmoeba', 'audio', 'recording', 'specialist']",[],22:07:01,33423
142,2014-08-14,Thu,311501,499959966279938049,132,gruber,"['The', 'entire', 'Ferguson', 'police', 'department', 'should', 'be', 'disbanded']",[],16:45:19,33423
143,2014-08-13,Wed,311501,499345090591342592,257,gruber,"['Police', 'in', 'America', 'imagined', 'and', 'real']",[],00:02:01,33423
144,2014-08-12,Tue,311501,499337889235214336,504,gruber,"['These', 'don', 't', 'look', 'like', 'police']",[],23:33:24,33423
145,2014-08-12,Tue,311501,499048091765719040,5,gruber,"['DF', 't-shirts', 'packaged', 'and', 'ready', 'to', 'ship', 'The', 'handiwork', 'of', '@lettercult']",[],04:21:51,33423
146,2014-08-11,Mon,311501,498686619218894848,43,gruber,"['I', 'read', 'about', '1-2', 'things', 'on', 'BuzzFeed', 'per', 'year', 'I', 'm', 'on', 'the', 'wrong', 'Internet', 'again', 'aren', 't', 'I']",[],04:25:29,33423
147,2014-08-11,Mon,311501,498673319038976000,47,gruber,"['If', 'Buzzfeed', 'will', 'generate', 'triple', 'digit', 'millions', 'in', 'revenues', 'this', 'year', 'why', 'are', 'they', 'taking', '$50', 'M', 'from', 'VCs']",[],03:32:38,33423
148,2014-08-10,Sun,311501,498308427790426112,291,gruber,"['Omit', 'needless', 'words']",[],03:22:41,33423
149,2014-08-10,Sun,311501,498294815298445312,2,gruber,"['Copy', 'Number', '999']",[],02:28:36,33423
150,2014-08-08,Fri,311501,497889942035771392,55,gruber,"['There', 's', 'a', 'lot', 'to', 'laugh', 'at', 'in', 'this', 'screenshot']",[],23:39:47,33423
151,2014-08-06,Wed,311501,496856488816951296,5,gruber,"['So', 'with', 'this', '@PushForPizza', 'you', 'don', 't', 'get', 'to', 'pick', 'where', 'your', 'pizza', 'comes', 'from', 'You', 'just', 'get', 'random', 'pizza']",[],03:13:12,33423
152,2014-08-06,Wed,311501,496850307482386433,6,gruber,"['The', 'only', 'teams', 'in', 'the', 'AL', 'worse', 'than', 'the', 'Red', 'Sox', 'are', 'in', 'Texas']",[],02:48:39,33423
153,2014-08-05,Tue,311501,496743032138764288,189,gruber,"['Apple', 'is', 'tentatively', 'planning', 'product', 'intro', 'events', 'in', 'mid-September', '2014', '2015', '16', 'and', '17', 'According', 'to', 'sources', 'familiar', 'with', 'the', 'matter']",[],19:42:22,33423
154,2014-08-05,Tue,311501,496736106738892800,151,gruber,"['If', 'your', 'web', 'page', 'ads', 'don', 't', 'scroll', 'you', 'are', 'a', 'piece', 'of', 'shit']",[],19:14:51,33423
155,2014-08-04,Mon,311501,496311229213069312,0,gruber,"['Sold', 'out', 'except', 'for', 'this', 'week']",[],15:06:32,33423
156,2014-08-04,Mon,311501,496142333638090752,3,gruber,"['Boston', 'has', 'turned', 'into', 'a', 'town', 'you', 'look', 'forward', 'to', 'playing', 'in', 'Sad', 'team', 'this', 'year']",[],03:55:24,33423
157,2014-08-04,Mon,311501,496095541810696192,71,gruber,['textpergers'],[],00:49:28,33423
158,2014-08-03,Sun,311501,495781688661008384,8,gruber,['Hrm'],[],04:02:20,33423
159,2014-08-03,Sun,311501,495734320712409088,3,gruber,"['yankeess', 'photo']",[],00:54:07,33423
160,2014-08-03,Sun,311501,495721705994989568,2,gruber,"['Yankees', 'win']",[],00:03:59,33423
161,2014-08-02,Sat,311501,495711560430800896,3,gruber,"['Umps', 'have', 'been', 'against', 'Yankees', 'for', 'decades']",[],23:23:40,33423
162,2014-07-31,Thu,311501,494952412818714624,6,gruber,"['Shouldn', 't', 'MLB', 'take', 'away', 'last', 'year', 's', 'World', 'Series', 'title', 'from', 'the', 'Red', 'Sox']",[],21:07:05,33423
163,2014-07-31,Thu,311501,494941842811924480,5,gruber,"['Boston', 'Red', 'Sox', 'chickens', 'Tampa', 'Bay', 'Rays', 'chickens']",[],20:25:05,33423
164,2014-07-28,Mon,311501,493580996411793408,6,gruber,"['Joe', 'Torre', 'managed', 'as', 'many', 'World', 'Series', 'champions', 'as', 'Tony', 'La', 'Russa', 'and', 'Bobby', 'Cox', 'combined']",[],02:17:34,33423
165,2014-07-25,Fri,311501,492786051656982528,69,gruber,"['Tea', 'Party', 'Republican']",[],21:38:44,33423
166,2014-07-25,Fri,311501,492771644356960256,7,gruber,"['New', 'batch', 'of', 'DF', 't-shirts']",[],20:41:29,33423
167,2014-07-25,Fri,311501,492475509431754752,20,gruber,"['The', 'meaning', 'of', 'our', 'existence', 'is', 'just', 'waiting', 'for', 'him', 'to', 'kick', 'the', 'bucket', 'Classy']",[],01:04:45,33423
168,2014-07-24,Thu,311501,492427597255811074,15,gruber,"['I', 'm', 'not', 'saying', 'I', 'would', 'eat', 'them', 'but', 'I', 'do', 'think', 'Funyuns', 'should', 'be', 'legalized']",[],21:54:22,33423
169,2014-07-24,Thu,311501,492147004869316610,39,gruber,"['Called', 'it', 'Me', 'last', 'night', 'Mi', 'Hugo', 'Barra', 'today']",[],03:19:24,33423
170,2014-07-24,Thu,311501,492118217091866624,10,gruber,"['The', 'WSJ', 'succumbs', 'to', 'Betteridge', 's', 'Law']",[],01:25:00,33423
171,2014-07-23,Wed,311501,491835652363657217,10,gruber,"['Chase', 'Headley', 'woke', 'up', 'Tuesday', 'as', 'a', 'Padre', 'in', 'Chicago', 'At', 'midnight', 'he', 'got', 'the', 'game-winning', 'RBI', 'as', 'a', 'Yankee', 'in', 'NYC']",[],06:42:12,33423
172,2014-07-23,Wed,311501,491832288343490561,45,gruber,"['This', 'is', 'a', 'good', 'one']",[],06:28:50,33423
173,2014-07-22,Tue,311501,491684377244729344,4,gruber,"['Lot', 'of', 'DF', 'sponsorship', 'openings', 'for', 'summer', 'still', 'open']",[],20:41:05,33423
174,2014-07-22,Tue,311501,491668570414145538,10,gruber,"['Now', 'show', 'me', 'the', 'new', 'trash', 'compactor']",[],19:38:16,33423
175,2014-07-21,Mon,311501,491027577222340609,9,gruber,"['That', 'no', 'MLB', 'team', 'has', 'a', 'winning', 'record', 'against', 'the', 'Yankees', 'thing', 'is', 'an', 'all-time', 'stat', 'not', 'this', 'season']",[],01:11:11,33423
176,2014-07-21,Mon,311501,491025967884673025,38,gruber,"['After', 'this', 'weekend', 's', '3-game', 'sweep', 'over', 'the', 'Reds', 'no', 'team', 'in', 'MLB', 'has', 'a', 'winning', 'record', 'against', 'the', 'Yankees', 'in', 'the', 'regular', 'season']",[],01:04:48,33423
177,2014-07-19,Sat,311501,490627835607121920,6,gruber,"['I', 'use', 'FastScripts']",[],22:42:46,33423
178,2014-07-19,Sat,311501,490627709949980672,1,gruber,"['I', 'm', 'happy', 'to', 'share', 'the', 'script', 'but', 'note', 'that', 'you', 'need', 'some', 'sort', 'of', 'utility', 'that', 'allows', 'you', 'to', 'assign', 'a', 'keyboard', 'shortcut', 'to', 'a', 'script']",[],22:42:16,33423
179,2014-07-19,Sat,311501,490616489347940352,135,gruber,"['After', '13', 'years', 'I', 'give', 'up', 'Wrote', 'a', 'script', 'that', 'does', 'this', 'for', 'N', 'in', 'the', 'Finder']",[],21:57:40,33423
180,2014-07-16,Wed,311501,489472067554009088,13,gruber,"['Remember', 'when', 'Derek', 'Jeter', 'was', '40', 'and', 'they', 'turned', 'the', 'All-Star', 'Game', 'into', 'a', 'tribute', 'and', 'he', 'came', 'up', 'clutch', '22', 'with', 'a', 'double', 'to', 'RF', 'and', 'a', 'run']",[],18:10:09,33423
181,2014-07-16,Wed,311501,489250782676811776,1,gruber,"['Local', 'angle', 'is', 'nice', 'here']",[],03:30:51,33423
182,2014-07-16,Wed,311501,489209053739241473,15,gruber,"['Where', 'is', 'A-Rod', 'watching', 'this']",[],00:45:02,33423
183,2014-07-16,Wed,311501,489205723541549057,8,gruber,['Jeter'],[],00:31:48,33423
184,2014-07-16,Wed,311501,489205393944367104,4,gruber,"['Bob', 'Sheppard', 'intro']",[],00:30:29,33423
185,2014-07-16,Wed,311501,489203048271462400,1,gruber,"['Jeter', 'with', 'the', 'range']",[],00:21:10,33423
186,2014-07-15,Tue,311501,489197550952787968,2,gruber,"['These', 'hats']",[],23:59:19,33423
187,2014-07-12,Sat,311501,488098029782568961,1,gruber,"['Shane', 'Greene', 'for', 'president']",[],23:10:13,33423
188,2014-07-12,Sat,311501,488076653705195520,19,gruber,"['The', 'mere', 'idea', 'of', 'a', 'third-place', 'game', 'for', 'semifinal', 'losers', 'is', 'so', 'weird', 'to', 'American', 'sports', 'eyes', 'but', 'this', 'second', 'half', 'has', 'been', 'amazing']",[],21:45:16,33423
189,2014-07-12,Sat,311501,487871212001828864,4,gruber,"['LeBron', 'James', 'returning', 'to', 'the', 'Cavs', 'reminds', 'me', 'of', 'when', 'Gretzky', 'went', 'from', 'Edmonton', 'to', 'LA', 'Can', 't', 'be', 'overstated']",[],08:08:55,33423
190,2014-07-10,Thu,311501,487078291602690048,25,gruber,"['No', 'penalty', 'kick', 'shootouts', 'or', 'ties', 'in', 'baseball', 'Yanks-Indians', 'head', 'to', '14th', 'inning']",[],03:38:08,33423
191,2014-07-09,Wed,311501,486712290969124864,171,gruber,"['the', 'temperature', 'on', 'Mars', 'is', 'exactly', 'as', 'it', 'is', 'here', 'Nobody', 'will', 'dispute', 'that', 'Yet', 'there', 'are', 'no', 'coal', 'mines', 'on', 'Mars']",[],03:23:47,33423
192,2014-07-08,Tue,311501,486623312605622272,190,gruber,"['I', 'don', 't', 'think', 'I', 've', 'ever', 'seen', 'any', 'team', 'in', 'any', 'sport', 'shit', 'the', 'bed', 'like', 'Brazil', 'today']",[],21:30:13,33423
193,2014-07-08,Tue,311501,486312022913867777,55,gruber,"['Looking', 'at', 'Jonas', 'says', 'of', 'Jony', 'Ive', 'He', 's', 'the', 'only', 'one', 'who', 'looks', 'like', 'he', 's', 'going', 'to', 'prison', 'The', 'rest', 'are', 'smiling']",[],00:53:16,33423
194,2014-07-05,Sat,311501,485213327283343360,3,gruber,"['Seriously', 'not', 'even', 'just', 'a', 'Yankees', 'thing', 'Does', 'anyone', 'actually', 'thing', 'these', 'caps', 'look', 'good']",[],00:07:26,33423
195,2014-07-04,Fri,311501,485190279490990081,13,gruber,"['Happy', 'Fourth', 'of', 'July']",[],22:35:51,33423
196,2014-07-04,Fri,311501,485160161737474048,32,gruber,"['On', 'July', '4', 'MLB', 'should', 'make', 'every', 'team', 'wear', 'a', 'standard', 'Yankee', 'cap', 'That', 'would', 'be', 'a', 'proper', 'way', 'to', 'celebrate', 'the', 'holiday']",[],20:36:11,33423
197,2014-07-04,Fri,311501,485154869402419200,21,gruber,"['MLB', 'is', 'just', 'trolling', 'America', 'by', 'making', 'the', 'Yankees', 'wear', 'these', 'goddamn', 'clown', 'caps', 'Putting', 'the', 'soccer', 'on']",[],20:15:09,33423
198,2014-07-04,Fri,311501,485094142478123008,6,gruber,"['They', 'just', 'compared', 'Joey', 'Chestnut', 'to', 'Derek', 'Jeter', 'on', 'ESPN']",[],16:13:50,33423
199,2014-07-02,Wed,311501,484483238489251840,12,gruber,"['Keep', 'waiting']",[],23:46:19,33423
200,2014-07-02,Wed,311501,484403445924110336,9,gruber,"['Today', 'the', 'New', 'York', 'Yankees', 'started', '40-year-olds', 'at', 'centerfield', 'and', 'shortstop']",[],18:29:15,33423
201,2014-07-01,Tue,311501,484107735412137984,23,gruber,"['Probably', 'wouldn', 't', 'have', 'made', 'a', 'difference', 'I', 'know', 'but', 'the', 'US', 'totally', 'got', 'jobbed', 'with', 'them', 'adding', 'only', '1', 'minute', 'of', 'time', 'in', 'the', 'last', 'period']",[],22:54:13,33423
202,2014-07-01,Tue,311501,484102508873121794,80,gruber,"['A', 'classic', 'Epic', 'fight', 'unbelievable', 'performance', 'from', 'Howard']",[],22:33:26,33423
203,2014-07-01,Tue,311501,484098870377340928,154,gruber,"['Don', 't', 'count', 'us', 'out', 'you', 'delicious', 'frites-making', 'motherfuckers']",[],22:18:59,33423
204,2014-07-01,Tue,311501,484094994240655360,10,gruber,"['Beautiful', 'goal', 'by', 'BEL', 'though', 'Amazing', 'patience']",[],22:03:35,33423
205,2014-07-01,Tue,311501,484094671052754944,6,gruber,"['I', 'like', 'our', 'chances', 'to', 'send', 'to', 'PKs', 'at', '1-1']",[],22:02:18,33423
206,2014-07-01,Tue,311501,484091387961278465,112,gruber,"['BEL-HOW', '0-0']",[],21:49:15,33423
207,2014-07-01,Tue,311501,484091218788249600,17,gruber,"['Klinsmann', 'looks', 'like', 'a', 'caged', 'animal', 'on', 'the', 'sideline', 'like', 'he', 's', 'ready', 'to', 'jump', 'on', 'the', 'pitch', 'and', 'play']",[],21:48:35,33423
208,2014-07-01,Tue,311501,484039677008433153,6,gruber,"['How', 'could', 'I', 'resist', 'I', 'took']",[],18:23:46,33423
209,2014-07-01,Tue,311501,483861965974945793,19,gruber,"['The', 'Moto', 'Flat', 'Tire']",[],06:37:37,33423
210,2014-07-01,Tue,311501,483830217761251328,280,gruber,"['If', 'corporations', 'are', 'people', 'then', 'why', 'can', 't', 'I', 'punch', 'one', 'in', 'the', 'fucking', 'face']",[],04:31:27,33423
211,2014-07-01,Tue,311501,483779195643133952,3,gruber,"['Another', 'last', 'minute', 'schedule', 'change', 'leaves', 'this', 'week', 's', 'DF', 'RSS', 'feed', 'open', 'Get', 'in', 'touch', 'if', 'you', 'can', 'make', 'a', 'deal']",[],01:08:43,33423
212,2014-06-29,Sun,311501,483388807299887104,11,gruber,"['A', 'kid', 'named', 'Mookie', 'playing', 'for', 'the', 'Red', 'Sox', 'The', 'baseball', 'gods', 'are', 'smiling']",[],23:17:27,33423
213,2014-06-29,Sun,311501,483379033892089857,76,gruber,"['Original', 'iPhone', 'and', 'iPhone', '5S', 'cameras', 'side', 'by', 'side']",[],22:38:37,33423
214,2014-06-29,Sun,311501,483374067588685824,526,gruber,"['Original', 'iPhone', 'snapped', 'with', '5S', 'and', 'vice', 'versa', 'The', 'difference', '7', 'years', 'makes']",[],22:18:53,33423
215,2014-06-29,Sun,311501,483371792023580672,10,gruber,"['Anyone', 'else', 'hungry', 'for', 'spanakopita']",[],22:09:50,33423
216,2014-06-29,Sun,311501,483343340188860416,6,gruber,"['Judging', 'from', 'my', 'Twitter', 'replies', 'that', 'PK', 'call', 'in', 'NED-MEX', 'is', 'fascinatingly', 'polarizing']",[],20:16:47,33423
217,2014-06-29,Sun,311501,483327060597673984,18,gruber,"['Replay', 'shows', 'the', 'penalty', 'wasn', 't', 'a', 'joke', 'there', 'was', 'some', 'contact', 'But', 'still', 'a', 'deeply', 'unsatisfying', 'end', 'to', 'a', 'terrific', 'match']",[],19:12:05,33423
218,2014-06-29,Sun,311501,483308547019505664,97,gruber,"['What', 'a', 'joke', 'of', 'a', 'penalty', 'Brutal', 'way', 'to', 'lose']",[],17:58:31,33423
219,2014-06-29,Sun,311501,483098246294667264,5,gruber,['Tanner'],[],04:02:52,33423
220,2014-06-29,Sun,311501,483086711501492226,6,gruber,"['Chico', 's', 'Bail', 'Bonds']",[],03:17:02,33423
221,2014-06-29,Sun,311501,483074014558953473,10,gruber,"['Anyone', 'who', 'says', 'Yankees-Red', 'Sox', 'rivalry', 'is', 'diminished', 'is', 'out', 'of', 'touch', 'That', 'hurt', 'Cap', 'tip', 'to', 'Napoli']",[],02:26:34,33423
222,2014-06-28,Sat,311501,483026981077127168,1,gruber,"['I', 'miss', 'Tim', 'McCarver']",[],23:19:41,33423
223,2014-06-28,Sat,311501,483006248606920705,17,gruber,"['COL', 'is', 'a', 'fun', 'team', 'to', 'watch']",[],21:57:18,33423
224,2014-06-28,Sat,311501,483002131080028160,17,gruber,"['Now', 'we', 'know', 'what', 'A-Rod', 's', 'been', 'up', 'to', 'refereeing', 'FIFA', 'matches']",[],21:40:56,33423
225,2014-06-28,Sat,311501,482681250507784193,1,gruber,"['Bombers', 'heating', 'up']",[],00:25:52,33423
226,2014-06-27,Fri,311501,482393879358869504,71,gruber,"['I', 'don', 't', 'usually', 'go', 'for', 'meta', 'comedy', 'but', 'I', 'really', 'enjoyed', 'The', 'Gunfighter', 'Via']",[],05:23:57,33423
227,2014-06-27,Fri,311501,482369069275156481,31,gruber,"['Q', 'How', 'come', 'no', 'supply', 'chain', 'leaks', 'of', 'Apple', 'wearables', 'My', 'guess', 'they', 'll', 'unveil', 'it', 'them', 'months', 'in', 'advance', 'of', 'shipping', 'like', 'with', 'iPhone']",[],03:45:22,33423
228,2014-06-27,Fri,311501,482362490370924545,223,gruber,"['Apple', 's', 'wearable', 'team', 'a', 'Nervous', 'their', 'idea', 's', 'been', 'beaten', 'to', 'market', 'b', 'Despair', 'their', 'idea', 's', 'been', 'outshone', 'c', 'Pissing', 'pants', 'with', 'laughter']",[],03:19:14,33423
229,2014-06-26,Thu,311501,482220103283798017,284,gruber,"['USA', 'wins', '0-1']",[],17:53:26,33423
230,2014-06-26,Thu,311501,482216551433924608,9,gruber,['Ronaldo'],[],17:39:19,33423
231,2014-06-26,Thu,311501,481997407949819905,2,gruber,"['OH', 'Way', 'to', 'make', 'Paul', 'boring']",[],03:08:31,33423
232,2014-06-26,Thu,311501,481994695397359616,6,gruber,"['Favorite', 'thread', 'of', 'the', 'day']",[],02:57:45,33423
233,2014-06-25,Wed,311501,481928381509140480,345,gruber,"['I', 'm', 'so', 'sick', 'of', 'iOS', 's', 'borderless', 'buttons', 'I', 'm', 'going', 'to', 'switch', 'to', 'Android', 'Wait', 'what']",[],22:34:14,33423
234,2014-06-25,Wed,311501,481918312541335552,12,gruber,"['Any', 'word', 'from', 'IO', 'whether', 'Chrome', 'will', 'support', 'Emoji']",[],21:54:13,33423
235,2014-06-25,Wed,311501,481871358167900160,203,gruber,"['Not', 'one', 'single', 'mention', 'or', 'even', 'on-stage', 'appearance', 'of', 'Google', 'Glass', 'Time', 'to', 'admit', 'Google', 'has', 'abandoned', 'it']",[],18:47:39,33423
236,2014-06-25,Wed,311501,481865529448075265,30,gruber,"['Starting', 'to', 'feel', 'really', 'bad', 'for', 'the', 'people', 'in', 'the', 'audience']",[],18:24:29,33423
237,2014-06-25,Wed,311501,481863460515360768,82,gruber,"['Two', 'hours', 'and', '15', 'minutes', 'into', 'a', 'keynote', 'and', 'you', 'go', 'to', 'a', 'long', 'slow', 'broken', 'demo', 'of', 'a', 'debugger']",[],18:16:16,33423
238,2014-06-25,Wed,311501,481861972439597056,43,gruber,"['Man', 'another', 'protester', 'Google', 'needs', 'some', 'ninjas']",[],18:10:21,33423
239,2014-06-25,Wed,311501,481861106773016577,82,gruber,"['Two', 'hours', 'should', 'be', 'the', 'legal', 'limit', 'for', 'any', 'keynote', 'Come', 'on']",[],18:06:55,33423
240,2014-06-25,Wed,311501,481857505493266432,52,gruber,"['Tighter', 'integration', 'between', 'Chrome', 'OS', 'and', 'Android', 'post-Andy', 'Rubin', 'is', 'to', 'Google', 'as', 'MaciOS', 'integration', 'post-Forstall', 'is', 'to', 'Apple']",[],17:52:36,33423
241,2014-06-25,Wed,311501,481855016320651264,57,gruber,"['So', 'if', 'you', 're', 'all', 'in', 'on', 'the', 'Google', 'experience', 'are', 'you', 'supposed', 'to', 'buy', 'an', 'Android', 'TV', 'device', 'or', 'a', 'Chromecast', 'device', 'or', 'both']",[],17:42:42,33423
242,2014-06-25,Wed,311501,481854479310921730,42,gruber,"['Google', 'Cast', 'usage', 'graph', 'used', 'an', 'Amazon-style', 'no-label', 'Y', 'axis']",[],17:40:34,33423
243,2014-06-25,Wed,311501,481853814749032448,23,gruber,"['All', 'Sony', 'and', 'Sharp', 'TVs', 'will', 'ship', 'with', 'Android', 'TV', 'built', 'in', 'Did', 'he', 'just', 'say', 'that']",[],17:37:56,33423
244,2014-06-25,Wed,311501,481850729536421888,21,gruber,"['Remember', 'when', 'Samsung', 'had', 'a', 'car', 'on', 'stage', 'Good', 'times']",[],17:25:40,33423
245,2014-06-25,Wed,311501,481849780058861569,35,gruber,"['So', 'Android', 'Car', 'and', 'iOS', 'CarPlay', 'are', 'going', 'head', 'to', 'head', 'No', 'car', 'is', 'going', 'to', 'support', 'both', 'right']",[],17:21:54,33423
246,2014-06-25,Wed,311501,481849462047141888,81,gruber,"['Eight', 'on-stage', 'speakers', 'so', 'far', 'by', 'my', 'count', 'Zero', 'of', 'them', 'wearing', 'Glass']",[],17:20:38,33423
247,2014-06-25,Wed,311501,481845523788627968,85,gruber,"['Take', 'a', 'note', 'practice', 'your', 'demos']",[],17:04:59,33423
248,2014-06-25,Wed,311501,481842749843701760,35,gruber,"['Wonder', 'how', 'much', 'work', 'Apple', 'does', 'to', 'avoid', 'similar', 'keynote', 'disruptions', 'Apple', 's', 'keynotes', 'are', 'higher', 'profile', 'media', 'events', 'than', 'Google', 's']",[],16:53:58,33423
249,2014-06-25,Wed,311501,481840276281884672,90,gruber,"['Most', 'telling', 'thing', 'so', 'far', 'in', 'IO', 'keynote', 'that', 'Google', 'thinks', 'it', 's', 'a', 'good', 'thing', 'for', 'browser', 'tabs', 'and', 'apps', 'to', 'look', 'indistinguishable']",[],16:44:08,33423
250,2014-06-25,Wed,311501,481838111090298880,52,gruber,"['Incoming', 'phone', 'call', 'as', 'a', 'normal', 'banner', 'notification', 'is', 'exactly', 'what', 'I', 'was', 'asking', 'for', 'on', 'iPhone', 'a', 'few', 'weeks', 'ago', 'Great', 'feature']",[],16:35:32,33423
251,2014-06-25,Wed,311501,481836676705427456,71,gruber,"['New', 'Google', 'design', 'guidelines', 'for', 'devices']",[],16:29:50,33423
252,2014-06-25,Wed,311501,481834861662318592,37,gruber,"['Android', 'share', 'of', 'YouTube', 'tablet', 'usage', '42', 'up', 'from', '28', 'YOY', 'Sign', 'that', 'Android', 'tablets', 'are', 'taking', 'hold', 'or', 'sign', 'that', 'many', 'are', 'just', 'small', 'TVs']",[],16:22:37,33423
253,2014-06-25,Wed,311501,481828095180431361,54,gruber,"['Sign', 'in', 'now', 'to', 'post', 'a', 'comment']",[],15:55:44,33423
254,2014-06-23,Mon,311501,481189340882927616,6,gruber,"['Verge', 'summary', 'of', 'The', 'Information', 'paywallled', 'piece', 'that', 'Tony', 'Fadell', 'calls', '100', 'percent', 'wrong']",[],21:37:33,33423
255,2014-06-23,Mon,311501,481188758700982273,6,gruber,"['100', 'percent', 'wrong']",[],21:35:14,33423
256,2014-06-23,Mon,311501,481169498372714496,10,gruber,"['NYT', 'Package', 'Manager', 'So', 'simple']",[],20:18:42,33423
257,2014-06-23,Mon,311501,481165543891030017,1,gruber,"['For', 'those', 'who', 'aren', 't', 'seeing', 'this', 'issue', 'start', 'here', 'Hit', 'then', 'try', 'using', 'to', 'get', 'back', 'to', 'the', 'Cook', 'profile']",[],20:02:59,33423
258,2014-06-23,Mon,311501,481155505269014528,35,gruber,"['Load', 'an', 'article', 'on', 'Press', 'key', 'New', 'article', 'loads', 'Press', 'key', 'You', 'don', 't', 'go', 'back', 'to', 'where', 'you', 'were', 'Madness']",[],19:23:06,33423
259,2014-06-22,Sun,311501,480861239347015682,55,gruber,"['Fucking', 'shit']",[],23:53:48,33423
260,2014-06-22,Sun,311501,480858076808216576,29,gruber,"['Maybe', 'if', 'Ronaldo', 'played', 'even', 'an', 'iota', 'of', 'defense', 'Portugal', 'wouldn', 't', 'be', 'on', 'their', 'way', 'out']",[],23:41:14,33423
261,2014-06-22,Sun,311501,480857671449731073,11,gruber,['Dempsey'],[],23:39:37,33423
262,2014-06-22,Sun,311501,480853236069703680,11,gruber,"['What', 'a', 'shot']",[],23:21:59,33423
263,2014-06-22,Sun,311501,480852904085946368,21,gruber,"['Nice', 'choke', 'Ronaldo']",[],23:20:40,33423
264,2014-06-22,Sun,311501,480845645600030720,99,gruber,['Jackasses'],[],22:51:50,33423
265,2014-06-22,Sun,311501,480826523638063105,9,gruber,"['This', 'sounds', 'snarky', 'but', 'I', 'm', 'serious', 'Yosemite', 'needs', 'an', 'updated', 'SPOD', 'cursor']",[],21:35:51,33423
266,2014-06-22,Sun,311501,480755275897397248,2,gruber,"['Paul', 'O', 'Neill']",[],16:52:44,33423
267,2014-06-19,Thu,311501,479728990996140033,4,gruber,"['A', 'little', 'birdie', 'tells', 'me', 'that', 'with', 'these', 'phones', 'in', 'hell', 'I', 've', 'been', 'writing', 'about', 'you', 'get', 'your', 'choice', 'between', 'AT', 'ampT', 'and', 'Verizon']",[],20:54:39,33423
268,2014-06-19,Thu,311501,479724400540123136,6,gruber,"['There', 'really', 'is', 'an', 'excellent', 'vesper', 'martini', 'recipe', 'in', 'the', 'Vesper', 'app', 'credits', 'screen']",[],20:36:24,33423
269,2014-06-19,Thu,311501,479720709183127553,6,gruber,"['The', 'TomTom', 'volumeprice', 'spike', 'could', 'just', 'be', 'this', 'MapQuest', 'news', 'MapQuest', 'still', 'exists']",[],20:21:44,33423
270,2014-06-19,Thu,311501,479718138310066176,11,gruber,"['Today', 'is', 'National', 'Martini', 'Day', 'I', 'recommend', 'starting', 'with', 'a', 'Perfect', 'Followed', 'by', 'a', 'Vesper']",[],20:11:31,33423
271,2014-06-19,Thu,311501,479702008682000384,32,gruber,"['TomTom', 'stock', 'price', 'jumped', 'today', 'and', 'trading', 'volume', 'is', 'over', '3', 'the', '3-month', 'average', 'Another', 'Apple', 'acquisition']",[],19:07:25,33423
272,2014-06-19,Thu,311501,479529591770734592,9,gruber,"['Vin', 'Scully', 'calls', 'Clayton', 'Kershaw', 's', 'no-hitter']",[],07:42:18,33423
273,2014-06-19,Thu,311501,479428250553167872,25,gruber,['Terrifying'],[],00:59:36,33423
274,2014-06-18,Wed,311501,479358481057992704,254,gruber,"['Has', 'Amazon', 'ever', 'labeled', 'the', 'Y-axis', 'on', 'a', 'chart']",[],20:22:22,33423
275,2014-06-18,Wed,311501,479058429978615808,32,gruber,"['Would', 'be', 'cool', 'to', 'see', 'Vesper', 'hit', 'the', 'top', '20', 'in', 'paid', 'apps', 'So', 'close', 'and', 'on', 'sale', 'for', 'just', '$299']",[],00:30:04,33423
276,2014-06-17,Tue,311501,479042270747172864,10,gruber,"['New', 'Settings', 'app', 'icon', 'in', 'Yosemite', 'beta', '2', 'FINALLY']",[],23:25:52,33423
277,2014-06-16,Mon,311501,478688178149539840,14,gruber,"['Sweet', 'match', 'USA']",[],23:58:49,33423
278,2014-06-16,Mon,311501,478398806929993729,6,gruber,"['I', 'think', 'this', 'place', 'is', 'place', 'is', 'restricted', 'Wang', 'so', 'don', 't', 'tell', 'them', 'you', 're', 'Jewish']",[],04:48:58,33423
279,2014-06-16,Mon,311501,478379590293803008,13,gruber,"['I', 'feel', 'like', 'a', 'hundred', 'dollars']",[],03:32:36,33423
280,2014-06-16,Mon,311501,478376187098857472,1,gruber,"['That', 'guy', 'was', 'Mitch', 'Cumstein', 'my', 'roommate']",[],03:19:05,33423
281,2014-06-16,Mon,311501,478372342029361152,6,gruber,"['Well', 'the', 'world', 'needs', 'ditch-diggers', 'too']",[],03:03:48,33423
282,2014-06-16,Mon,311501,478369210075074560,25,gruber,"['Explain', 'to', 'me', 'how', 'Ted', 'Knight', 'and', 'Bill', 'Murray', 'didn', 't', 'both', 'get', 'Oscar', 'nominations', 'for', 'Caddyshack']",[],02:51:22,33423
283,2014-06-15,Sun,311501,478234054979227648,12,gruber,"['Pubs', 'are', 'going', 'to', 'be', 'open', 'late', 'in', 'Bern']",[],17:54:18,33423
284,2014-06-15,Sun,311501,478233006017368064,23,gruber,"['Holy', 'shit', 'what', 'an', 'ending']",[],17:50:08,33423
285,2014-06-15,Sun,311501,478020455329439744,4,gruber,"['Oakland', 'should', 'be', 'forced', 'to', 'forfeit', 'this', 'game', 'They', 'don', 't', 'even', 'know', 'how', 'to', 'turn', 'the', 'lights', 'on']",[],03:45:32,33423
286,2014-06-13,Fri,311501,477584025797033984,156,gruber,['There'],[],22:51:19,33423
287,2014-06-13,Fri,311501,477536476503502849,33,gruber,"['Still', 'works']",[],19:42:22,33423
288,2014-06-13,Fri,311501,477322305777827842,24,gruber,"['Safe', 'to', 'have', '@moltz', 'back', 'on', 'The', 'Talk', 'Show', 'again']",[],05:31:20,33423
289,2014-06-13,Fri,311501,477321031120478212,32,gruber,"['Paging', 'James', 'Cameron']",[],05:26:16,33423
290,2014-06-12,Thu,311501,476878517565927424,7,gruber,"['To', 'me', 'the', 'default', 'dock', 'apps', 'are', 'as', 'much', 'about', 'marketing', 'as', 'usability', 'A', 'message', 'from', 'Apple', 'about', 'which', 'apps', 'best', 'define', 'the', 'device']",[],00:07:53,33423
291,2014-06-11,Wed,311501,476876501137498112,16,gruber,"['My', 'proposed', 'default', 'iPhone', 'dock', 'Messages', 'Mail', 'Safari', 'Camera', 'If', 'politicspride', 'precludes', 'bumping', 'Music', 'then', 'bump', 'Mail']",[],23:59:52,33423
292,2014-06-11,Wed,311501,476876011540602881,29,gruber,"['Default', 'iPhone', 'dock', 'represents', '2007', 'mobile', 'phone', 'internet', 'communicator', 'widescreen', 'iPod', 'Messaging', 'and', 'camera', 'way', 'more', 'important', 'now']",[],23:57:55,33423
293,2014-06-11,Wed,311501,476874713281482752,4,gruber,"['Come', 'to', 'think', 'of', 'it', 'Camera', 'should', 'probably', 'be', 'in', 'the', 'default', 'iPhone', 'dock', 'too', 'Camera', 'is', 'both', 'used', 'frequently', 'and', 'requires', 'quick', 'access']",[],23:52:46,33423
294,2014-06-11,Wed,311501,476873198957789185,2,gruber,"['My', 'iPhone', 'dock', 'apps', 'Messages', 'Vesper', 'Safari', 'Tweetbot']",[],23:46:45,33423
295,2014-06-11,Wed,311501,476872651211030528,100,gruber,"['Related', 'Why', 'can', 't', 'I', 'specify', 'that', 'incoming', 'phone', 'calls', 'be', 'no', 'more', 'disruptive', 'than', 'regular', 'notifications', 'Just', 'a', 'banner', 'and', 'ringtone', 'please']",[],23:44:34,33423
296,2014-06-11,Wed,311501,476869140385660928,72,gruber,"['If', 'Messages', 'is', 'the', 'most-used', 'app', 'on', 'iOS', 'why', 'isn', 't', 'it', 'in', 'the', 'Dock', 'by', 'default']",[],23:30:37,33423
