0,2014-09-20,Sat,8011,513314599450730496,0,gusbaratta,"['Fragility', 'MT', '@nntaleb', 'Mr', 'Whelan', 'I', 'suggest', 'preparing', 'for', 'the', 'next', 'round', 'as', 'now', '10x', 'the', 'twitter', 'followers', 'and', 'bullshitter-busting', 'friends']",[],13:11:52,27869848
1,2014-09-19,Fri,8011,513079584678772737,2,gusbaratta,"['Youve', 'shown', 'the', 'world', 'what', 'democracy', 'is', 'about', 'stay', 'classy', 'Glasgow']",[],21:38:00,27869848
2,2014-09-18,Thu,8011,512653969504477184,0,gusbaratta,"['24hr', 'glassing', 'FTW', 'RT', '@TheStalwart', 'Most', 'ominous', 'indyref', 'news', 'is', 'that', 'the', 'pubs', 'will', 'not', 'close', 'tonight']",[],17:26:45,27869848
3,2014-09-18,Thu,8011,512618383129718784,0,gusbaratta,"['Same', 'as', '2013', 'forecast', 'for', '2015', 'RT', '@lemasabachthani', 'IMF', 'SEES', '11', 'GROWTH', 'IN', 'ITALY', 'NEXT', 'YEAR']",[],15:05:21,27869848
4,2014-09-18,Thu,8011,512520984772247552,0,gusbaratta,"['New', '3yr', 'Spain', 'out', 'at', '0582', 'issued', '3571', 'bln', 'bidcover', 'at', '190']",[],08:38:19,27869848
5,2014-09-09,Tue,8011,509419205423554560,0,gusbaratta,"['GPS', 'pulse', 'and', 'water', 'resistant', 'maybe', 'even', 'waterproof', 'Id', 'be', 'sold', 'if', 'it', 'didnt', 'need', 'a', 'bloody', 'iPhone', 'to', 'work']",[],19:12:57,27869848
6,2014-09-09,Tue,8011,509294051150278656,0,gusbaratta,"['Catalonia', 'is', 'not', 'Scotland', 'but', 'it', 'makes', 'for', 'a', 'credible', 'scare', 'narrative', 'today', 'apparently']",[],10:55:38,27869848
7,2014-09-09,Tue,8011,509250621539880960,61,gusbaratta,"['It', 'will', 'be', 'hard', 'to', 'get', 'accustomed', 'to', 'THIS']",[],08:03:04,27869848
8,2014-09-08,Mon,8011,509007853391446016,0,gusbaratta,"['Italy', 'just', 'announced', 'the', 'taps', 'for', 'Thursdays', 'auctions', '3', '7', 'and', '15', 'year', 'BTPS', '25', '25', 'and', '2', 'bln', 'respectively']",[],15:58:23,27869848
9,2014-09-08,Mon,8011,508880576611647488,0,gusbaratta,"['Swan', 'tartare', 'event', 'RT', '@katiemartinFX', 'Tartan', 'Swan', 'Event']",[],07:32:38,27869848
10,2014-09-04,Thu,8011,507644895952404480,53,gusbaratta,"['ECB', 'to', 'banks', 'take', 'our', 'TLTRO', 'money', 'at', 'a', 'fixed', '015', 'lend', 'it', 'package', 'those', 'loans', 'into', 'ABS', 'and', 'well', 'buy', 'them', 'easypeasy']",[],21:42:29,27869848
11,2014-09-04,Thu,8011,507474277386702848,0,gusbaratta,"['Dovish', 'talk', 'no', 'walk', 'Draguesses']",[],10:24:30,27869848
12,2014-09-04,Thu,8011,507444952293711872,1,gusbaratta,"['Some', 'pressure', 'on', 'long', 'end', 'eurogovies', 'due', 'to', 'taps', 'Spain', '3bln', '10', '30yr', 'amp', 'France', '9bln', '10yr15yr', 'and', '30yr', 'in', 'the', 'next', '30']",[],08:27:59,27869848
13,2014-09-03,Wed,8011,507072614498844673,8,gusbaratta,"['PMI', 'Spain', 'higher', 'at', '581', 'Italy', 'lower', 'at', '498', 'decoupling']",[],07:48:26,27869848
14,2014-08-29,Fri,8011,505324572028440576,1,gusbaratta,"['Spain', 'to', 'tap', '102024', 'and', '102044', 'BONOS', 'next', 'Thursday']",[],12:02:21,27869848
15,2014-08-29,Fri,8011,505251927563976704,3,gusbaratta,"['The', 'bearded', 'angel', 'of', 'deflation', 'goes', 'political']",[],07:13:41,27869848
16,2014-08-27,Wed,8011,504633969779175424,1,gusbaratta,"['ECB', 'sources', 'drink']",[],14:18:08,27869848
17,2014-08-27,Wed,8011,504632303981973504,3,gusbaratta,"['5y', 'Germany', 'now', 'yields', 'less', 'than', 'Ghana', 'Huham', 'I', 'getting', 'this', 'useless', 'factoids', 'game', 'right']",[],14:11:31,27869848
18,2014-08-27,Wed,8011,504627487838855168,1,gusbaratta,"['Un', 'giorno', 'la', 'moda', 'cambier\xc3\xa0', 'ma', 'per', 'questa', 'stagione', 'il', 'Bund', 'si', 'porta', 'ancoralungo', '089']",[],13:52:23,27869848
19,2014-08-26,Tue,8011,504172484791640065,1,gusbaratta,"['New', '10yr', 'BTP', 'now', 'quoting', 'in', 'grey', 'market', 'mid', 'yield', '240', 'about', '05', 'bps', 'more', 'expensive', 'than', 'the', 'previous', 'off-the-run', 'SEP24']",[],07:44:22,27869848
20,2014-08-25,Mon,8011,503932418764849152,5,gusbaratta,"['New', '10yr', 'BTP', '1224', 'will', 'be', 'auctioned', 'this', 'Thursday', 'standard', '4', 'bln', 'size', 'for', 'new', 'issues', 'Also', 'tapped', '25', 'bln', '5yr', 'and', '15bln', 'CCT', '1119']",[],15:50:25,27869848
21,2014-08-24,Sun,8011,503462812124209153,0,gusbaratta,"['Id', 'rather', 'take', 'the', 'SmokedBrisketChallenge']",[],08:44:22,27869848
22,2014-08-22,Fri,8011,502835300931235840,0,gusbaratta,"['Didnt', 'work', 'much', 'for', 'Bunds', 'RT', '@TheStalwart', 'S', 'ampP', 'near', 'LODs', 'Traders', 'using', 'the', 'word', 'Ukraine']",[],15:10:52,27869848
23,2014-08-18,Mon,8011,501432730794852353,4,gusbaratta,"['Decivilization', 'RT', '@esoltas', 'The', 'death', 'of', 'the', 'American', 'vacation']",[],18:17:33,27869848
24,2014-08-07,Thu,8011,497302127656853504,2,gusbaratta,"['Spanish', 'auction', 'results', 'good', 'being', 'August', '5yr', 'bc', 'at', '32', 'and', '10yr', 'at', '21']",[],08:44:01,27869848
25,2014-08-06,Wed,8011,497027433477185538,4,gusbaratta,"['Market', 'is', 'volatile', 'but', 'still', 'liquid', 'BTPs', 'alone', 'traded', 'over', '3', 'bln', 'today', 'just', 'in', 'electronic', 'interdealer', 'markets', 'BTP', 'futures', 'over', '82k', 'lots']",[],14:32:29,27869848
26,2014-08-06,Wed,8011,496944164320579584,1,gusbaratta,"['Italiano', 'GDP', 'fuglier', 'than', 'expected']",[],09:01:36,27869848
27,2014-08-05,Tue,8011,496656389545398272,1,gusbaratta,"['5', 'yr', 'Greece', 'losing', '40', 'bps', 'now', 'back', 'at', 'end', 'May', 'level', '485', 'Eyebrow', 'slowly', 'starts', 'raising']",[],13:58:05,27869848
28,2014-08-05,Tue,8011,496576322098196480,3,gusbaratta,"['1', 'year', 'Spanish', 'T-bills', 'trades', 'at', '12bps', '012', 'The', 'fun', 'is', 'clearly', 'elsewhere']",[],08:39:55,27869848
29,2014-08-02,Sat,8011,495611203964915712,8,gusbaratta,"['ISIS', 'enlists', 'hipsters', 'too', 'apparently', 'HT', '@SegreClaudia']",[],16:44:53,27869848
30,2014-07-30,Wed,8011,494591494477844480,0,gusbaratta,"['Sums', 'it', 'up', 'RT', '@LorcanRK', 'Drink', 'Feck', 'ARS']",[],21:12:56,27869848
31,2014-07-30,Wed,8011,494473586728792067,0,gusbaratta,"['Becausewe', 'all', 'believe', 'lobby', 'sponsored', 'research', 'right', 'cc', '@nanexllc']",[],13:24:24,27869848
32,2014-07-29,Tue,8011,494122004321427457,1,gusbaratta,"['Beach', 'is', 'in', 'a', 'military', 'shooting', 'range', 'Upside', 'very', 'few', 'people', 'Downside', 'errunexploded', 'devices']",[],14:07:20,27869848
33,2014-07-24,Thu,8011,492217114787586048,0,gusbaratta,"['Auguri', '@ricpuglisi', 'Quanto', 'fa', 'in', 'piciernili']",[],07:57:59,27869848
34,2014-07-22,Tue,8011,491583472788852736,3,gusbaratta,"['Realpolitik', 'Venn']",[],14:00:07,27869848
35,2014-07-21,Mon,8011,491314787679473665,0,gusbaratta,"['So', 'Whats', 'the', 'problem', 'if', 'he', 'subtweeted', 'you', 'a', 'bit']",[],20:12:28,27869848
36,2014-07-19,Sat,8011,490343860229636096,0,gusbaratta,"['This', 'RT', '@voxdotcom', 'Watch', 'John', 'Oliver', 'completely', 'destroy', 'the', 'idea', 'that', 'hard', 'work', 'will', 'make', 'you', 'rich']",[],03:54:21,27869848
37,2014-07-17,Thu,8011,489837315372883968,4,gusbaratta,"['Whereof', 'one', 'cannot', 'speak', 'thereof', 'one', 'should', 'not', 'tweet']",[],18:21:31,27869848
38,2014-07-17,Thu,8011,489742256178724865,3,gusbaratta,"['Italians', 'mock', '@matteorenzis', 'English', '=', 'the', 'pot', 'calling', 'the', 'kettle', 'black', 'HT', '@BrunoBrussels']",[],12:03:47,27869848
39,2014-07-16,Wed,8011,489399143979573248,1,gusbaratta,"['How', 'high', 'frequency', 'trading', 'algos', 'can', 'damage', 'market', 'liquidity', 'a', 'recent', 'example', 'by', '@nanexllc']",[],13:20:23,27869848
40,2014-07-14,Mon,8011,488528327347798016,6,gusbaratta,"['From', 'the', 'know-alls', 'of', 'Eurocrisis', 'Rousseff', 'is', 'president', 'of', 'Argentina', 'HT', '@IvanTheK']",[],03:40:04,27869848
41,2014-07-12,Sat,8011,487825556382445569,8,gusbaratta,"['RT', '@FrancesCoppola', 'Banco', 'Espirito', 'Santo', 'a', 'Portuguese', 'disaster', 'not', 'a', 'European', 'crisis']",[],05:07:30,27869848
42,2014-07-11,Fri,8011,487527892914814976,1,gusbaratta,"['All', 'three', 'BTPs', 'came', 'at', 'market', 'level', 'after', 'being', 'well', 'bid', 'before', 'cutoff']",[],09:24:42,27869848
43,2014-07-11,Fri,8011,487523161337253888,2,gusbaratta,"['3-7-15', 'yr', 'BTP', 'taps', 'results', 'out', 'anytime', 'now', 'Market', 'decently', 'bid', 'into', 'the', 'cutoff']",[],09:05:54,27869848
44,2014-07-08,Tue,8011,486607141084860417,0,gusbaratta,"['And', 'one', 'more', 'RT', '@alanbeattie', 'Mein', 'Gott', 'I', 'mean', 'Mein', 'fucking', 'Gott', 'Seriously', '3-0']",[],20:25:57,27869848
45,2014-07-08,Tue,8011,486439478555578368,2,gusbaratta,"['Greece', 'issues', '125', 'bln', 'of', '6', 'month', 't-bills', 'at', '205', 'zzz']",[],09:19:43,27869848
46,2014-07-07,Mon,8011,486016441142218752,1,gusbaratta,"['Summer', 'boredom', 'RT', '@WSJheard', 'The', 'Bond', 'Market', 'Is', 'a', 'Drag', 'These', 'Days']",[],05:18:43,27869848
47,2014-07-03,Thu,8011,484756664651091968,1,gusbaratta,"['Kudos', 'to', '@vitt61', 'I', 'just', 'had', 'an', 'excellent', 'twitter', 'customer', 'service', 'interaction', 'with', '@VodafoneIT']",[],17:52:49,27869848
48,2014-07-03,Thu,8011,484618875792003073,1,gusbaratta,"['Weakish', 'results', 'out', 'of', 'Spain']",[],08:45:18,27869848
49,2014-07-03,Thu,8011,484596495879241728,1,gusbaratta,"['Before', 'ECB', 'amp', 'NFP', 'market', 'will', 'have', 'to', 'swallow', 'a', '45', 'bln', 'auction', 'of', 'the', 'new', '5yr', 'Spanish', 'Bonos', 'and', '30yr', 'tap', 'At', '1030', 'CET']",[],07:16:22,27869848
50,2014-07-02,Wed,8011,484373227503091712,1,gusbaratta,"['Great', 'audience', 'in', 'our', 'CampAlphaville', 'igloo']",[],16:29:11,27869848
51,2014-07-02,Wed,8011,484329073112797184,2,gusbaratta,"['Were', 'alive', 'and', 'kicking', 'at', 'CampAlphaville', 'heres', '@OwenCallan', 'giving', 'an', 'interview']",[],13:33:44,27869848
52,2014-07-02,Wed,8011,484270666016100352,0,gusbaratta,"['The', 'Camp', 'is', 'about', 'to', 'open', '@CampAlphaville']",[],09:41:38,27869848
53,2014-06-27,Fri,8011,482432407971561472,0,gusbaratta,"['BTP', 'auctions', 'in', '1hr', 'as', '@liuk', 'expected', 'some', 'concession', 'building', 'in', 'were', 'coming', 'from', 'a', 'very', 'strong', 'week', 'New', '5yr', 'grey', 'market', '141']",[],07:57:03,27869848
54,2014-06-26,Thu,8011,482141675767492608,0,gusbaratta,"['See', 'you', 'next', 'Wednesday', 'at', 'The', 'Camp', 'gt', '@CampAlphaville']",[],12:41:47,27869848
55,2014-06-24,Tue,8011,481491668131389440,1,gusbaratta,"['Yes', 'RT', '@charlesforelle', 'Did', 'Suarez', 'really', 'just', 'bite', 'that', 'guy']",[],17:38:54,27869848
56,2014-06-20,Fri,8011,479908138007937024,1,gusbaratta,"['Italy', 'just', 'finished', 'an', 'exchange', 'auction', 'tapping', '8yr', 'BTP', 'and', 'buying', 'back', 'shorter', 'dated', 'ones', 'Results', 'out', 'soon']",[],08:46:31,27869848
57,2014-06-19,Thu,8011,479709830727614465,0,gusbaratta,['Ouch'],[],19:38:30,27869848
58,2014-06-15,Sun,8011,478191871026814976,66,gusbaratta,"['The', 'vice-president', 'of', 'the', 'Italian', 'Senate', 'an', 'embarrassing', 'attention', 'whore', 'goes', 'way', 'too', 'far', 'after', 'ENG-ITA', 'game']",[],15:06:41,27869848
59,2014-06-14,Sat,8011,477867971424288768,3,gusbaratta,"['Idea', 'for', 'a', 'new', 'circle', 'in', 'hell', 'non-stop', 'kids', 'dance', 'school', 'recital', 'Only', 'for', 'serious', 'offenders', 'killmenowplease']",[],17:39:37,27869848
60,2014-06-13,Fri,8011,477432784227942400,7,gusbaratta,"['Almost', 'a', 'quarter', 'of', 'Italians', 'offline', 'today', 'as', 'a', 'whole', 'operator', 'is', 'down', 'Wind', 'both', 'mobile', 'and', 'landlines', 'OppositeOfProgress', 'windown']",[],12:50:20,27869848
61,2014-06-13,Fri,8011,477316359169523712,0,gusbaratta,"['NeedMoarVolatility', 'RT', '@FGoria', 'Hedge', 'Funds', 'Get', 'Stung', 'by', 'Slow', 'Markets']",[],05:07:42,27869848
62,2014-06-12,Thu,8011,477068564403597313,2,gusbaratta,"['Spain', '10yr', 'launched', 'deal', 'size', '9', 'bln', 'will', 'be', 'priced', 'at', 'swap', '118', 'bps', 'Hedge', 'bond', 'is', 'Bund', '524', 'yeahrright']",[],12:43:03,27869848
63,2014-06-12,Thu,8011,477018181765464064,1,gusbaratta,"['BTP', 'auction', 'results', '3yr', 'neutral', 'in', 'line', 'new', '7yr', 'well', 'bid', 'and', 'well', 'above', 'grey', 'market', '30yr', 'on', 'the', 'weak', 'side', 'even', 'if', 'just', '1bln', 'tap']",[],09:22:51,27869848
64,2014-06-12,Thu,8011,476999068808642561,0,gusbaratta,"['New', '7y', 'BTP', 'auction', 'today', '4bln', 'Coupled', 'with', '3y', 'and', '30y', 'BTP', 'taps', 'and', 'a', 'very', 'timely', '10yr', 'Spanish', 'syndicated', 'deal']",[],08:06:54,27869848
65,2014-06-11,Wed,8011,476706897996021760,0,gusbaratta,"['Any', 'stale', 'bearish', 'piece', 'of', 'news', 'like', 'last', 'months', 'cap', 'gain', 'tax', 'one', 'I', 'should', 'know', 'about', 'Greece', 'is', 'losing', 'some', '20bps']",[],12:45:55,27869848
66,2014-06-11,Wed,8011,476699997883609089,3,gusbaratta,"['So', 'Spain', 'will', 'be', 'issuing', 'its', 'new', '10yr', 'benchmark', 'on', 'the', 'same', 'day', 'Italy', 'scheduled', '3', '7', 'and', '30yr', 'auctionsnice', 'lack', 'of', 'coordination', 'there']",[],12:18:30,27869848
67,2014-06-11,Wed,8011,476697844293066752,0,gusbaratta,"['Spain', 'announced', 'a', 'new', '10yr', 'syndicated', 'issue']",[],12:09:57,27869848
68,2014-06-10,Tue,8011,476319621981962240,1,gusbaratta,"['La', 'comparazione', 'tra', 'rendimenti', 'in', 'valute', 'diverse', '\xc3\xa9', 'il', 'puglisitest', 'del', 'bond', 'market', 'Pochi', 'lo', 'superano', 'cc', '@ricpuglisi']",[],11:07:02,27869848
69,2014-06-05,Thu,8011,474637569993736194,3,gusbaratta,"['We', 'already', 'had', '3m', 'amp', '1yr', 'LTRO', 'but', 'market', 'took', 'a', 'while', 'to', 'understand', 'the', 'importance', 'of', '3yr', 'LTRO', 'Jury', 'on', '4y', 'TLTRO', 'still', 'way', 'way', 'out']",[],19:43:09,27869848
70,2014-06-05,Thu,8011,474536316202663936,2,gusbaratta,"['You', 'aint', 'seen', 'nothing', 'yet']",[],13:00:48,27869848
71,2014-06-05,Thu,8011,474500267405504512,4,gusbaratta,"['Buy', 'London', 'Houses', 'ECBguesses']",[],10:37:34,27869848
72,2014-05-30,Fri,8011,472347104086851584,0,gusbaratta,"['Spain', 'announced', 'the', 'bonds', 'for', 'next', 'Thursdays', 'auction', 'Bonos', 'Apr2017', 'and', 'Apr2019']",[],12:01:40,27869848
73,2014-05-28,Wed,8011,471636439093235712,1,gusbaratta,"['BTP', 'futures', 'erased', 'all', 'the', 'losses', 'from', 'the', 'big', 'sell-off', 'just', 'in', 'time', 'for', 'tomorrows', '5', 'amp', '10yr', 'taps', '575', 'bln', 'combined', 'amp', '175bln', 'CCTs']",[],12:57:44,27869848
74,2014-05-26,Mon,8011,470934987739787264,2,gusbaratta,"['Stuttering', 'EUREX', 'to', 're-re-reopen', 'at', '1635', 'CET']",[],14:30:25,27869848
75,2014-05-26,Mon,8011,470858298296909825,1,gusbaratta,"['Eurex', 'still', 'broken', 'Trading', 'resume', 'time', 'moved', 'to', '1145', 'CET', 'Short-covering', 'will', 'have', 'to', 'wait']",[],09:25:41,27869848
76,2014-05-26,Mon,8011,470852104085831680,3,gusbaratta,"['Eurex', 'says', 'earliest', 'start', 'for', 'among', 'others', 'BTP', 'futures', 'is', 'in', '15', '1115', 'CET']",[],09:01:04,27869848
77,2014-05-26,Mon,8011,470823019297140736,5,gusbaratta,"['BTP', 'futures', 'is', 'so', 'excited', 'it', 'isnt', 'even', 'opening']",[],07:05:29,27869848
78,2014-05-26,Mon,8011,470803631747645440,8,gusbaratta,"['Italy', 'is', 'a', 'step', 'ahead', 'in', 'Europe', 'were', 'well', 'beyond', 'peak', 'populism', 'UK', 'and', 'France', 'lagging', 'behind']",[],05:48:27,27869848
79,2014-05-23,Fri,8011,469806862104530944,0,gusbaratta,"['Only', 'voting', 'for', 'me', 'youll', 'have', 'a', 'German', 'EU', 'president', 'Eeek', 'HT', '@Porfirogenita']",[],11:47:39,27869848
80,2014-05-23,Fri,8011,469711450463010816,5,gusbaratta,"['New', 'rules', 'to', 'account', 'for', 'heavy', 'drugs', 'and', 'illegal', 'prostitution', 'in', 'GDP', 'Italian', 'newspaper', 'not', 'just', 'gross', 'but', 'Lurid', 'Domestic', 'Product']",[],05:28:31,27869848
81,2014-05-22,Thu,8011,469520132256301056,6,gusbaratta,"['Beppe', 'Grillos', 'rally', 'in', 'Milan', 'ok', 'it', 'rains', 'a', 'bit', 'butmeh']",[],16:48:17,27869848
82,2014-05-22,Thu,8011,469398168707538944,1,gusbaratta,"['Spanish', '5', 'amp', '10', 'yr', 'Bonos', 'auction', 'results', 'good', 'Around', '35', 'bln', 'issued']",[],08:43:39,27869848
83,2014-05-21,Wed,8011,469096891058507776,2,gusbaratta,"['Another', 'day', 'another', 'wild', 'ride', 'in', 'BTP', 'futures', 'already', 'traded', 'over', '100k', 'lots', 'and', 'changed', 'three', 'handles', 'A', 'global', 'risk', 'proxy', 'favorite']",[],12:46:28,27869848
84,2014-05-20,Tue,8011,468672991451426816,2,gusbaratta,"['Spanish', 'bills', 'auction', 'results', 'out', 'now', '3', 'months', 'at', 'average', 'yield', 'of', '0295', 'and', '9', 'months', 'at', '0552']",[],08:42:03,27869848
85,2014-05-15,Thu,8011,466781589377388544,0,gusbaratta,"['Excellent', 'analogy', 'on', 'net', 'neutrality', 'RT', '@voxdotcom', 'The', 'FCC', 'is', 'about', 'to', 'turn', 'the', 'internet', 'into', 'airport', 'security']",[],03:26:17,27869848
86,2014-05-13,Tue,8011,466214333568282624,0,gusbaratta,"['Italy', 'announces', 'new', '15yr', 'BTP', 'syndicate']",[],13:52:13,27869848
87,2014-05-13,Tue,8011,466116103824240640,1,gusbaratta,"['On', 'the', 'menu', 'today', 'in', 'Italy', '4blnnew', '3yr', 'BTP', '225bln', '7yr', 'and', '1bln', 'combined', '834', 'amp', '237', 'taps', 'Spread', 'stuck', 'at', '150']",[],07:21:53,27869848
88,2014-05-09,Fri,8011,464693777312256001,1,gusbaratta,"['Hayek', 'Money', 'The', 'Cryptocurrency', 'Price', 'Stability', 'Solution', 'a', 'visionary', 'paper', 'by', '@Ferdinando1970', 'FF']",[],09:10:04,27869848
89,2014-05-08,Thu,8011,464387043528015873,6,gusbaratta,"['Putin', 'agrees', 'apparently', 'RT', '@lemasabachthani', 'DRAGHI', 'SAYS', 'DECISIVE', 'ACTION', 'NEEDED', 'IN', 'SOME', 'COUNTRIES']",[],12:51:13,27869848
90,2014-05-06,Tue,8011,463600593320546304,11,gusbaratta,"['Yields', 'in', 'short-end', 'Greece', 'keep', 'dropping', 'like', 'a', 'stone', '6', 'month', 'T-Bills', 'to', 'be', 'auctioned', 'today', 'yield', '205', 'in', 'grey', 'mkt', 'Was', '301', 'last', 'month']",[],08:46:09,27869848
91,2014-05-02,Fri,8011,462219598314885120,1,gusbaratta,"['Read', 'this', 'then', 'see', 'how', 'you', 'score', 'here', 'BINGO']",[],13:18:34,27869848
92,2014-04-30,Wed,8011,461469695707971584,0,gusbaratta,"['Still', 'MIA', 'in', 'Greece', 'a', 'decent', 'repo', 'market', 'shorts', 'covered', 'at', '5', 'Cmon']",[],11:38:43,27869848
93,2014-04-30,Wed,8011,461455433111449600,1,gusbaratta,"['Quasi', 'schumpeteriano', '@AndreaBoda', 'su', 'disuguaglianza', 'ed', 'accumulazione', 'di', 'capitali']",[],10:42:03,27869848
94,2014-04-23,Wed,8011,458934949572538368,1,gusbaratta,"['Italy', 'has', 'experienced', 'relatively', 'little', 'convergence', 'of', 'unit', 'labor', 'costs', 'with', 'productivity', 'HT', '@gianlucac1']",[],11:46:33,27869848
95,2014-04-22,Tue,8011,458619545188827137,0,gusbaratta,"['Triste', 'che', 'a', 'Linate', 'si', 'usi', 'ancora', 'il', 'trucco', 'del', 'trolley', 'finto', 'per', 'fermare', 'timer', 'consegna', 'bagagli', 'Atterrato', 'da', 'gt50', 'vergogna', '@MiAirports']",[],14:53:14,27869848
96,2014-04-22,Tue,8011,458478498588655616,1,gusbaratta,"['Italian', 'banks', 'look', 'to', 'private', 'equity', 'firm', 'for', 'bad', 'loans', 'vehicle']",[],05:32:46,27869848
97,2014-04-19,Sat,8011,457409161710809088,3,gusbaratta,"['Wages', 'productivity', 'and', 'employment', 'in', 'Italy', 'Tales', 'from', 'a', 'distorted', 'labour', 'market']",[],06:43:37,27869848
98,2014-04-14,Mon,8011,455677714302005248,0,gusbaratta,"['First', 'hours', 'of', 'the', 'retail', 'part', 'of', 'the', 'placement', 'RT', '@cigolo', 'Orders', 'for', 'new', 'BtpItalia', 'retail', 'linker', 'at', '5', 'bln', 'euros']",[],12:03:27,27869848
99,2014-04-11,Fri,8011,454571546573819905,8,gusbaratta,"['Greece', '10y', 'now', 'around', '28bps', 'wider', 'to', 'Bunds', 'Fast', 'money', 'is', 'indeedfast']",[],10:47:56,27869848
100,2014-04-11,Fri,8011,454553135567360000,13,gusbaratta,"['5yr', 'Greece', 'priced', 'yesterday', 'night', 'trading', 'already', 'below', 'reoffer', 'price', 'hangover']",[],09:34:47,27869848
101,2014-04-06,Sun,8011,452749820705636353,0,gusbaratta,"['Italys', '2014', 'marathon', 'champion', '41', 'years', 'old', 'from', 'my', 'team']",[],10:09:03,27869848
102,2014-04-05,Sat,8011,452354764085678080,7,gusbaratta,"['Dear', '@ecb', 'Time', 'to', 'update', 'your', 'conomia', 'game', 'to', 'include', 'QE', 'in', 'multiple', 'asset', 'classes', 'would', 'be', 'terrific', 'ktxbye']",[],07:59:14,27869848
103,2014-04-02,Wed,8011,451378676647882752,2,gusbaratta,"['Excellent', 'news', 'RT', '@eFinancialNews', 'Head', 'of', 'emerging', 'market', 'strategy', 'at', 'BNP', 'Paribas', 'to', 'join', 'hedge', 'fund']",[],15:20:37,27869848
104,2014-04-02,Wed,8011,451328989697953792,0,gusbaratta,"['North', 'Koreas', 'marathon', '1st', 'prize', 'one', 'week', 'in', 'Pyongyang', '2nd', 'prize', 'two', 'weeks', '3rd', 'one', 'month', 'HT', '@Pawelmorski']",[],12:03:11,27869848
105,2014-03-28,Fri,8011,449472743080480768,1,gusbaratta,"['Up', 'to', '10', 'bln', 'Italian', 'auctions', 'in', '60', 'bonds', 'performing', 'well', 'as', 'participants', 'after', 'last', 'months', 'overbidding', 'are', 'buying', 'on', 'secondary', 'market']",[],09:07:07,27869848
106,2014-03-27,Thu,8011,449150968350121984,0,gusbaratta,"['German', 'foreign', 'minister', 'RT', '@SteinmeierFW', 'Welcome', 'This', 'is', 'my', 'official', 'English', 'Twitter', 'page', 'FWSteinmeier']",[],11:48:30,27869848
107,2014-03-27,Thu,8011,449102446816919552,4,gusbaratta,"['5yr', 'BTP', 'breaks', '2', 'currently', '194', '5y', 'spd', 'to', 'Germany', 'at', '135bps']",[],08:35:41,27869848
108,2014-03-25,Tue,8011,448508464248414208,0,gusbaratta,"['Italy', 'announced', 'Fridays', 'auctions', '3bn', '5yr', 'BTP', '375bn', '10yr', 'and', '325bn', 'of', 'a', 'new', 'Nov2019', 'CCTeu']",[],17:15:25,27869848
109,2014-03-21,Fri,8011,446868951105277953,1,gusbaratta,"['RT', '@anneapplebaum', 'For', '20', 'years', 'we', 'have', 'expected', 'Russia', 'to', 'become', 'Western', 'Time', 'to', 'devise', 'a', 'new', 'strategy']",[],04:40:35,27869848
110,2014-03-20,Thu,8011,446629300243283968,0,gusbaratta,"['Paging', 'mrs', '@NigellaFarage', 'for', 'Bingo', 'recipes']",[],12:48:17,27869848
111,2014-03-18,Tue,8011,445939583675801600,7,gusbaratta,"['Yield', 'on', '6', 'months', 'Greek', 't-bills', 'at', 'auction', 'the', 'carry', 'trade', 'is', 'fading']",[],15:07:36,27869848
112,2014-03-18,Tue,8011,445881035038142464,0,gusbaratta,"['Nice', '20bps', 'rally', 'in', 'GGBs', 'post', 'Troika', 'deal', 'Piraeus', 'bond', 'and', 'upcoming', 'supply', 'plans']",[],11:14:57,27869848
113,2014-03-14,Fri,8011,444584528993337344,0,gusbaratta,"['1', 'RT', '@wirebrackets', 'And', 'that', 'is', 'it', 'The', 'BEST', 'TWITTER', 'according', 'to', 'America', 'is', '@thestalwart']",[],21:23:06,27869848
114,2014-03-13,Thu,8011,444159848885022721,0,gusbaratta,"['This', 'is', 'smarter', 'than', 'rules', 'on', 'veggies', 'RT', '@Alea', 'Europe', 'pushes', 'ahead', 'with', 'plans', 'to', 'make', 'all', 'phone', 'chargers', 'the', 'same']",[],17:15:34,27869848
115,2014-03-13,Thu,8011,444052896888684545,0,gusbaratta,"['BTP', '3', '7', '15', '20yr', 'taps', 'results', 'out', 'anytime', 'soon', '775bln', 'max', 'total', 'Mkt', 'bullish', 'but', 'unlikely', 'to', 'get', 'the', 'massive', 'overbidding', 'we', 'saw', 'last']",[],10:10:35,27869848
116,2014-03-12,Wed,8011,443779798083842048,3,gusbaratta,"['What', 'could', 'possibly', 'go', 'wrong', 'RT', '@Alea', 'Bitcoin', 'exchange', 'for', 'high-frequency', 'traders', 'is', 'launched']",[],16:05:23,27869848
117,2014-03-12,Wed,8011,443769819637485568,1,gusbaratta,"['BTPei', '924', 'linker', 'launched', '45bln', 'from', '114bln', 'orders', 'Will', 'price', 'at', '16', 'bps', 'over', '923']",[],15:25:44,27869848
118,2014-03-12,Wed,8011,443702373194956801,4,gusbaratta,"['Lies', 'damn', 'lies', 'and', 'europhobic', 'reading', 'of', 'statistics']",[],10:57:44,27869848
119,2014-03-11,Tue,8011,443367988700676096,5,gusbaratta,"['Its', 'a', 'holiday', 'in', 'Crimea', 'where', 'people', 'dress', 'in', 'black', 'MT', '@EuromaidanPR', 'Crimea', 'welcomes', 'holidaymakers']",[],12:49:00,27869848
120,2014-03-11,Tue,8011,443342703393529856,3,gusbaratta,"['Italy', 'just', 'announced', 'a', 'new', 'syndicated', '10yr', 'BTPei', 'inflation', 'linked', 'bond', 'Leads', 'IMI', 'BARC', 'CITI', 'GS', 'SG']",[],11:08:32,27869848
121,2014-03-10,Mon,8011,443060566429822976,0,gusbaratta,"['New', '20yr', 'BGB', 'syndicated', 'deal', 'RT', '@CapitalCityIFR', 'UPDATE', 'Belgium', 'set', 'to', 'return', 'after', 'ratings', 'boost']",[],16:27:25,27869848
122,2014-03-06,Thu,8011,441570060021547008,0,gusbaratta,"['MTS', 'to', 'acquire']",[],13:44:40,27869848
123,2014-03-05,Wed,8011,441223717704966144,0,gusbaratta,"['Congrats', 'RT', '@riccardotrezzi', 'I', 'proudly', 'accepted', 'an', 'offer', 'from', '@federalreserve', 'Board', 'DC', 'Really', 'looking', 'forward', 'to', 'starting']",[],14:48:26,27869848
124,2014-03-03,Mon,8011,440526215620096000,0,gusbaratta,"['Bad', 'Ive', 'chosen', 'the', 'wrong', 'week', 'to', 'go', 'skiing', 'Good', 'am', 'not', 'in', 'Sochi']",[],16:36:49,27869848
125,2014-03-02,Sun,8011,440230814140616704,3,gusbaratta,"['Main', 'reason', 'you', 'wont', 'get', 'more', 'than', 'a', 'very', 'mild', 'reaction', 'from', 'Italy', 'its', 'state', 'oil', 'amp', 'gas', 'company', 'has', 'strong', 'ties', 'with', 'Russia', 'Ukraine']",[],21:02:59,27869848
126,2014-03-02,Sun,8011,440177217205985280,1,gusbaratta,"['1995', 'Italian', 'tv', 'ad', 'for', 'a', 'geopolitical', 'atlas', 'but', 'Ukraine', 'is', 'Russia']",[],17:30:01,27869848
127,2014-02-28,Fri,8011,439380176565465088,0,gusbaratta,"['Re', 'last', 'retweet', 'it', 'was', 'already', 'very', 'clear', 'to', 'all', 'market', 'practitioners', 'that', '@ecb', 'SMP', 'was', 'very', 'effective', 'in', 'stabilising', 'bond', 'prices']",[],12:42:52,27869848
128,2014-02-27,Thu,8011,438966981161922561,4,gusbaratta,"['Market', 'in', 'bull', 'mode', 'best', 'performing', 'point', 'of', 'the', 'BTP', 'curve', 'is', 'the', 'new', '10y', '355', '4', 'bps', 'in', 'grey', 'mkt', 'about', 'to', 'be', 'issued', 'in', '4bln']",[],09:20:58,27869848
129,2014-02-26,Wed,8011,438705008893497344,0,gusbaratta,"['Looking', 'at', 'the', 'strong', 'price', 'action', 'one', 'would', 'not', 'guess', 'theres', '4bn', 'new', '10y', 'BTP', 'auction', '3bn', '5y', 'BTP', 'tap', 'and', '2bn', 'CCTs', 'taps', 'in', 'Italy', 'tomorrow']",[],15:59:59,27869848
130,2014-02-23,Sun,8011,437553959826620416,0,gusbaratta,"['Weekdays', 'tempo', 'runs', 'with', 'Korn', 'amp', 'Rammstein', 'but', 'todays', '26km', 'with', 'Charles', 'Trenet', 'amp', 'Edith', 'Piaf', 'OldGit']",[],11:46:08,27869848
131,2014-02-21,Fri,8011,436747153177055233,0,gusbaratta,"['The', 'sum', 'of', 'all', 'tightenings', 'via', '@barnejek']",[],06:20:10,27869848
132,2014-02-19,Wed,8011,436090066981900288,2,gusbaratta,"['Pro-tip', 'if', 'you', 'squeeze', 'the', 'market', 'just', 'before', 'the', 'auction', 'maybe', 'some', 'dealers', 'arent', 'happy', 'to', 'pay', 'the', 'top']",[],10:49:08,27869848
133,2014-02-19,Wed,8011,436086424832851968,2,gusbaratta,"['Only', '4331', 'mio', 'total', 'bids', 'for', 'a', '5', 'bln', '10y', 'Bund', 'auction', 'No', 'interest', 'up', 'there']",[],10:34:40,27869848
134,2014-02-19,Wed,8011,436086170708344832,3,gusbaratta,"['Bund', '10yr', 'auction', 'bidcover', 'just', '11', 'Was', 'priced', 'at', 'top', 'of', 'last', '10days', 'market']",[],10:33:39,27869848
135,2014-02-18,Tue,8011,435710030529433600,2,gusbaratta,"['The', 'hunt', 'for', 'yield', 'is', 'on', '10yr', 'BTP', 'now', 'yields', '360', '30yr', 'at', '450']",[],09:39:01,27869848
136,2014-02-17,Mon,8011,435469425157095424,7,gusbaratta,"['Truly', 'honored', 'and', 'a', 'bit', 'confused', 'and', 'shocked', 'of', 'being', 'the', 'first', 'normal', 'citizen', 'followed', 'by', 'the', '@ecb', 'teameuro']",[],17:42:56,27869848
137,2014-02-17,Mon,8011,435337843867914240,2,gusbaratta,"['Italy', 'will', 'be', 'conducting', 'an', 'exchange', 'auction', 'in', 'the', 'next', 'hour', 'issuing', 'BTp', '618', 'vs', 'buying', 'back', '2015', 'BTps', 'and', 'a', 'couple', 'of', 'CCTs']",[],09:00:04,27869848
138,2014-02-14,Fri,8011,434338054544035840,1,gusbaratta,"['ff', '@fwred', '@barnejek', '@NevilleHill', 'Great', 'Tweeps']",[],14:47:16,27869848
139,2014-02-14,Fri,8011,434254313465344000,1,gusbaratta,"['Renzi', 'ready', 'to', 'ride', 'the', 'minuscule', 'but', 'still', 'bounce', 'RT', '@fastFT', 'Italian', 'economy', 'returns', 'to', 'growth']",[],09:14:31,27869848
140,2014-02-13,Thu,8011,434066635436347392,1,gusbaratta,"['La', 'staffetta', 'anche', 'a', 'masterchef', 'Gi\xc3\xa0', 'sapevano']",[],20:48:45,27869848
141,2014-02-13,Thu,8011,433956776745381888,22,gusbaratta,"['Contrary', 'to', 'common', 'belief', 'universes', 'most', 'powerful', 'force', 'isnt', 'gravity', 'but', 'the', 'one', 'keeping', 'most', 'Italian', 'MPs', 'attached', 'to', 'their', 'seats', 'rant']",[],13:32:12,27869848
142,2014-02-13,Thu,8011,433897870107082752,4,gusbaratta,"['Italy', '75bln', 'BTP', '3-7-30', 'year', 'auctions', 'at', '11', 'CET', 'Market', 'is', 'about', '10bps', 'off', 'yesterdays', 'highs', 'and', 'the', 'political', 'mess', 'isnt', 'helping']",[],09:38:08,27869848
143,2014-02-12,Wed,8011,433689165688213505,3,gusbaratta,"['HFT', 'algos', 'parasitical', 'at', 'best', 'highly', 'disruptive', 'at', 'worst']",[],19:48:49,27869848
144,2014-02-12,Wed,8011,433586939330306048,0,gusbaratta,"['Quindi', 'cancellata', 'la', 'Giovanardi-Fini', 'si', 'applica', 'il', 'Mattarellum', 'alle', 'droghe', 'leggere', 'no', 'finigiovanardi']",[],13:02:36,27869848
145,2014-02-12,Wed,8011,433515963037024256,5,gusbaratta,"['10y', 'BTp-Bund', 'spread', 'back', 'below', '200', 'bps', 'despite', 'growing', 'political', 'buffoonery', 'from', 'Rome', 'Market', 'doesnt', 'care']",[],08:20:34,27869848
146,2014-02-11,Tue,8011,433253906031054848,2,gusbaratta,"['If', 'the', 'Swiss', 'want', 'isolation', 'let', 'them', 'have', 'it', 'Properly']",[],14:59:15,27869848
147,2014-02-11,Tue,8011,433191811293933568,5,gusbaratta,"['Greek', 'Treasury', 'bills', 'slooowly', 'grinding', 'tighter', 'todays', '3', 'month', 'bills', 'auction', 'came', 'at', '360', 'previous', 'auction', 'was', 'at', '375']",[],10:52:30,27869848
148,2014-02-10,Mon,8011,432912886240116736,14,gusbaratta,"['Montis', 'secret', 'negotiations', 'were', 'in', 'fact', 'so', 'secret', 'they', 'regularly', 'featured', 'on', 'Italian', 'papers', 'HT', '@ricpuglisi']",[],16:24:09,27869848
149,2014-02-07,Fri,8011,431718180059615232,0,gusbaratta,"['Crushing', 'blow', 'my']",[],09:16:49,27869848
150,2014-02-06,Thu,8011,431476902537474048,2,gusbaratta,"['Of', 'what', 'His', 'ego', 'RT', '@Alea', 'Dutch', 'eurosceptic', 'Wilders', 'says', 'quitting', 'EU', 'would', 'push', 'up', 'growth']",[],17:18:04,27869848
151,2014-02-06,Thu,8011,431324119079333888,0,gusbaratta,"['Just', 'finished', 'MRI', 'scan', 'knee', 'now', 'I', 'know', 'where', 'the', 'Einsturzende', 'Neubauten', 'got', 'most', 'of', 'their', 'music', 'from']",[],07:10:58,27869848
152,2014-01-30,Thu,8011,428950852028870657,1,gusbaratta,"['Brainstorming', 'at', 'Straf', 'bar', 'with', '@SMerler', 'and', '@FGoria']",[],18:00:27,27869848
153,2014-01-29,Wed,8011,428438837376061440,6,gusbaratta,"['10Y', 'spreads', 'to', 'Germany', 'appear', '10bps', 'tighter', 'because', 'of', 'a', 'benchmark', 'change', 'DBR', '224', 'is', 'the', 'new', '10y', 'issued', 'today', 'Yields', '178', 'on', 'grey', 'mkt']",[],08:05:53,27869848
154,2014-01-28,Tue,8011,428072351801294848,1,gusbaratta,"['BTPs', 'opening', 'strong', '45bps', 'tighter', 'to', 'GER', 'regardless', 'of', 'the', '19', 'bln', 'supply', 'in', 'the', 'next', 'three', 'days', 'plus', 'up', 'to', '345bln', 'noncomp']",[],07:49:36,27869848
155,2014-01-27,Mon,8011,427779014959169537,1,gusbaratta,"['Greece', 'had', 'the', 'wildest', 'swing', 'today', 'in', 'Govies', 'with', 'the', '10y', 'losing', '15', 'bps', 'after', 'dropping', 'up', 'to', '30bps', 'yielding', 'more', 'than', '850']",[],12:23:59,27869848
156,2014-01-24,Fri,8011,426842619621421056,4,gusbaratta,"['Rumors', 'were', 'wrong', 'buying', 'can', 'resume', 'RT', '@FGoria', 'Moodys', 'affirms', 'Frances', 'Aa1', 'government', 'bond', 'rating', 'maintains', 'negative', 'outlook']",[],22:23:05,27869848
157,2014-01-24,Fri,8011,426675569473114112,4,gusbaratta,"['Lower', 'repo', 'haircuts', 'RT', '@skalliagras', 'RTRS', 'Margin', 'Call', 'On', 'Spanish', 'amp', 'Italian', 'Debt', 'Has', 'Been', 'Cut', 'By', 'LCHClearnet', 'SA']",[],11:19:17,27869848
158,2014-01-23,Thu,8011,426468230497333248,3,gusbaratta,"['Anyone', 'congratulated', 'already', 'Spain', 'on', 'beating', 'the', 'Greek', 'record', 'for', 'a', 'syndicated', 'govies', 'deal', 'book', 'size', 'an', 'obviously', 'envious', 'Italian']",[],21:35:24,27869848
159,2014-01-22,Wed,8011,425914897453826048,3,gusbaratta,"['Book', 'building', 'replaced', 'by', 'book', 'pumping', 'RT', '@DShahTR', 'Spain', 'new', '10y', 'looks', 'like', 'a', 'biggiebooks', 'said', 'to', 'be', 'over', 'EUR22bn', 'according', 'to', 'IFR']",[],08:56:39,27869848
160,2014-01-16,Thu,8011,423754185234870272,3,gusbaratta,"['Spanish', 'auction', 'results', 'not', 'as', 'mad', 'as', 'last', 'Thursday', '59', 'bln', 'issued', 'minimum', 'prices', '4', 'to', '15', 'ticks', 'above', 'market', 'Average', 'Bid', 'to', 'Cover', '191']",[],09:50:45,27869848
161,2014-01-16,Thu,8011,423750925971628032,2,gusbaratta,"['Spanish', 'taps', 'out', 'anytime', 'now', '2017', '2026', 'and', 'again', '2028', 'Bonos', 'Run', 'up', 'to', 'cutoff', 'not', 'as', 'bullish', 'as', 'last', 'Thursday']",[],09:37:48,27869848
162,2014-01-15,Wed,8011,423385620967587840,0,gusbaratta,"['RT', '@NewsfromAFME', 'MiFID', 'agreement', 'is', 'major', 'breakthrough', 'but', 'significant', 'challenges', 'remain']",[],09:26:12,27869848
163,2014-01-09,Thu,8011,421229391025541120,3,gusbaratta,"['cc', '@ricpuglisi', 'RT', '@fwred', 'Economic', 'Sentiment', 'Indices', 'rose', 'sharply', 'in', 'December', 'in', 'the', 'periphery']",[],10:38:07,27869848
164,2014-01-09,Thu,8011,421215619145814016,1,gusbaratta,"['Strong', 'RT', '@DoumDoom', 'SPAIN', 'SELLS', 'EU176B', 'OF', '515', '14-YEAR', 'BONDS', 'AT', 'AUCTION', 'SPAIN', 'SELLS', 'EU353B', 'OF', '275', '5-YEAR', 'BONDS', 'AT', 'AUCTION']",[],09:43:24,27869848
165,2014-01-09,Thu,8011,421214289740169216,0,gusbaratta,"['Spanish', 'auction', 'results', 'out', 'anytime', 'new', '419', 'and', '1028', 'tap', 'Strong', 'market', 'on', 'cutoff']",[],09:38:07,27869848
166,2014-01-07,Tue,8011,420644651842813952,0,gusbaratta,"['It', 's', 'this', 'easy', 'to', 'get', 'Stalwartbucks', 'gt', 'RT', '@TheStalwart', '@gusbaratta', 'BOOM', 'Sent']",[],19:54:34,27869848
167,2014-01-06,Mon,8011,420262328031260672,1,gusbaratta,"['If', 'you', 'guessed', 'beyond', 'reason', 'youre', 'right', 'RT', '@annairrera', 'What', 'do', 'Wall', 'Street', 'banks', 'really', 'pay', 'top', 'European', 'staff']",[],18:35:21,27869848
168,2014-01-06,Mon,8011,420201150336360450,4,gusbaratta,"['Turn-of-the-year', 'Portuguese', 'style', 'a', 'whopping', '50bps', 'performance', 'in', '10yr', 'space', 'portugal', 'AQR']",[],14:32:15,27869848
169,2014-01-04,Sat,8011,419427798546407424,0,gusbaratta,"['Except', 'its', 'stuck', 'on', 'rinse', 'and', 'you', 'dont', 'get', 'out', 'any', 'claner', 'RT', '@Pawelmorski', 'The', 'UK', 'like', 'living', 'in', 'a', 'carwash']",[],11:19:14,27869848
170,2014-01-02,Thu,8011,418675611012706304,2,gusbaratta,"['10y', 'BTP', 'is', 'around', '10bps', 'tighter', 'to', 'bunds', 'but', 'its', 'snowing', 'like', 'hell', 'on', 'the', 'pistes', 'CantHaveItAll', 'ReliefRally']",[],09:30:18,27869848
171,2013-12-31,Tue,8011,418057583564718080,0,gusbaratta,"['Party', 'but', 'not', 'too', 'hard', 'moderation', '2014']",[],16:34:29,27869848
172,2013-12-30,Mon,8011,417703401871650816,1,gusbaratta,"['2013', 'vizified', 'Done']",[],17:07:06,27869848
173,2013-12-30,Mon,8011,417663457723682816,0,gusbaratta,"['10y', 'BTP', 'defiant', 'of', 'supply', 'up', 'gt9', 'bps', 'on', 'the', 'day', '8', 'vs', 'Bund', '25bln', 'tap', 'this', 'AM', 'and', 'another', '375mln', 'noncomp', 'in', 'two', 'minutes']",[],14:28:22,27869848
174,2013-12-27,Fri,8011,416505013633302528,2,gusbaratta,"['For', 'those', 'not', 'trading', 'TRY', 'theres', '8bn', '6', 'month', 'bills', 'and', '3bn', '2year', 'zeroes', 'auctions', 'in', 'Italy', 'in', '15', 'minutes', 'Market', 'thin', 'and', 'mushy']",[],09:45:08,27869848
175,2013-12-23,Mon,8011,415045843465416704,6,gusbaratta,"['T-Bond', 'futures', 'go', 'home', 'youre', 'drunk']",[],09:06:54,27869848
176,2013-12-19,Thu,8011,413604841563619328,0,gusbaratta,"['Good', 'Spanish', 'auction', '5', 'amp10yr']",[],09:40:53,27869848
177,2013-12-18,Wed,8011,413388090141843457,0,gusbaratta,"['This', 'airport', 'could', 'do', 'with', 'some', 'tapering', 'theres', 'more', 'gates', 'than', 'flights', 'departing', 'in', 'a', 'whole', 'day']",[],19:19:35,27869848
178,2013-12-18,Wed,8011,413308095142821889,0,gusbaratta,"['Italys', 'pitchfork', 'protesters', 'gathered', 'in', 'Rome', 'All', 'three', 'of', 'them', 'HT', '@eligraziani']",[],14:01:43,27869848
179,2013-12-16,Mon,8011,412574995529736192,0,gusbaratta,"['Debtage', 'dynamics', 'in', 'zone', 'in', 'this', 'S', 'ampP', 'interactive', 'thingy', 'look', 'weird', 'especially', 'IT-DE']",[],13:28:38,27869848
180,2013-12-13,Fri,8011,411522661110784000,0,gusbaratta,"['FF', 'ad', '@AndreaBoda', 'una', 'bella', 'persona', 'oltre', 'che', 'inarrivabile', 'artista', 'dei', 'followfriday']",[],15:47:02,27869848
181,2013-12-13,Fri,8011,411507738561507328,0,gusbaratta,"['@tracyalloway', 'Schr\xc3\xb6dingers', 'cat', 'walks', 'into', 'a', 'bar', 'Or', 'it', 'doesnt', 'cc', '@SMerler']",[],14:47:44,27869848
182,2013-12-12,Thu,8011,411177488245882880,2,gusbaratta,['tweepmas'],[],16:55:27,27869848
183,2013-12-11,Wed,8011,410708250628476928,3,gusbaratta,"['Reason', 'prevailing', 'RT', '@CapitalCityIFR', 'Volcker', 'rules', 'carve', 'out', 'sovereign', 'debt', 'trading', 'exemption']",[],09:50:52,27869848
184,2013-12-10,Tue,8011,410449977211895808,2,gusbaratta,"['In', 'tanti', 'stufi', 'RT', '@AndreaBoda', 'Stufo', 'di', 'sentire', 'certe', 'cose', 'da', 'Paolo', 'Barnard']",[],16:44:35,27869848
185,2013-12-10,Tue,8011,410364291653828608,4,gusbaratta,"['In', 'the', 'meanwhile', 'Italy', 'bought', 'back', '399', 'bln', 'of', 'BTPs', 'floaters', 'and', 'linkers', '2014-2017', 'paper']",[],11:04:05,27869848
186,2013-12-10,Tue,8011,410355287582076928,0,gusbaratta,"['Italys', 'buyback', 'results', 'out', 'soon']",[],10:28:19,27869848
187,2013-12-10,Tue,8011,410338859978096640,8,gusbaratta,"['Some', 'tension', 'on', 'the', 'Italian', 'repo', 'market', '1', 'month', 'has', 'risen', 'to', '50-55', 'bps', 'includes', 'turn-of-the-year', 'premium', 'Was', '15bps', 'on', 'the', 'lows']",[],09:23:02,27869848
188,2013-12-06,Fri,8011,408929164763594752,5,gusbaratta,"['Italys', 'Northern', 'League', 'in', 'bid', 'to', 'avoid', 'political', 'irrelevance', 'calls', 'for', 'return', 'to', 'Lira', 'Also', 'calls', 'Mandela', 'blood-thirsty', 'terrorist', 'fail']",[],12:01:25,27869848
189,2013-12-05,Thu,8011,408529617344270336,0,gusbaratta,"['Spanish', 'auction', 'results', '417', 'amp', '1018', 'out', 'soon']",[],09:33:45,27869848
190,2013-11-29,Fri,8011,406412978473672705,0,gusbaratta,"['Last', 'BTP', 'supply', 'for', 'the', 'year', 'is', 'the', '375mio', 'noncomp', '10y', 'auction', 'today', '@', '330pm', 'Dec', '30th', '5', 'amp10y', 'auctions', 'count', 'as', '2014', 'supply']",[],13:22:59,27869848
191,2013-11-28,Thu,8011,406000947706753024,1,gusbaratta,"['BTP', '10Y', 'tap', 'results', 'out', 'anytime', 'Market', 'pre-auction', 'was', 'well', 'bid', 'theres', 'no', '5Y', 'and', 'only', '25bln', 'of', 'the', 'MAR24']",[],10:05:43,27869848
192,2013-11-27,Wed,8011,405711063976796161,4,gusbaratta,"['Bitcoin', 'hits', '1424670', 'Italian', 'Lire', 'uglycrosses']",[],14:53:50,27869848
193,2013-11-26,Tue,8011,405231020922122240,0,gusbaratta,"['ICYMI', 'yesterday', 'night', 'the', 'Italian', 'Treasury', 'announced', 'this', 'Thursdays', 'BTP', 'taps', 'only', '25', 'bln', 'of', '10y', 'and', 'as', 'expected', 'no', '5yr']",[],07:06:18,27869848
194,2013-11-23,Sat,8011,404244442540179456,1,gusbaratta,"['C\xc5\x93ur\xc3\xa9', 'making', 'my', 'point', 'on', 'the', 'dangers', 'of', 'crisis-driven', 'nationalism', 'but', 'with', 'much', 'more', 'professional', 'civility', 'than', 'me']",[],13:46:00,27869848
195,2013-11-21,Thu,8011,403627262639370240,0,gusbaratta,"['When', 'economists', 'smoke', 'funny', 'things', 'RT', '@tobyn', 'Japans', 'Philips', 'Curve', 'looks', 'like', 'Japan', 'via', '@GuerillaEcon']",[],20:53:33,27869848
196,2013-11-20,Wed,8011,403285443720278016,1,gusbaratta,"['I', 'want', 'to', 'buy', 'a', 'Karlcoin', 'RT', '@stephenkinsella', 'More', 'thoughts', 'on', 'bitcoin', 'from', '@WhelanKarl']",[],22:15:17,27869848
197,2013-11-20,Wed,8011,403224741454299137,0,gusbaratta,"['That', 'awkward', 'moment', 'when', 'your', 'Google', 'map', 'turns', 'upside', 'down', 'and', 'you', 'panic', 'thinking', 'youve', 'boarded', 'the', 'train', 'for', 'Orly', 'instead', 'of', 'CDG']",[],18:14:04,27869848
198,2013-11-18,Mon,8011,402384273556398081,0,gusbaratta,"['Preparatevi', 'per', 'le', 'prossime', 'elezioni', 'europee', 'i', 'tombini', 'italiani', 'sono', 'destinati', 'a', 'scoppiare', 'HT', '@Phastidio']",[],10:34:21,27869848
199,2013-11-16,Sat,8011,401614455379066880,0,gusbaratta,"['Re', 'last', 'retweet', 'just', 'appalled', 'there', 'can', 'be', 'so', 'much', 'hubris', 'and', 'head-up-buttery', 'in', 'an', 'MEP']",[],07:35:22,27869848
200,2013-11-14,Thu,8011,401116962581135360,3,gusbaratta,"['This', 'RT', '@esoltas', 'If', 'it', 'were', 'not', 'part', 'of', 'Italy', 'Calabria', 'would', 'be', 'a', 'failed', 'state', 'Here', 'are', 'Italys', 'demons']",[],22:38:30,27869848
201,2013-11-12,Tue,8011,400171581231480832,2,gusbaratta,"['Banca', 'Imi', 'lincognita', 'del', 'deficit', 'pesa', 'sulle', 'emissioni', 'di', 'fine', 'anno', 'ITALIA', 'BOND', 'REVIEW', 'Il', 'Sole', '24', 'Ore']",[],08:01:54,27869848
202,2013-11-10,Sun,8011,399493557574451200,0,gusbaratta,"['Took', 'me', 'two', 'years', 'to', 'find', 'out', 'iMacs', 'got', 'a', 'toslink', 'audio', 'out', 'Amps', 'happy', 'now']",[],11:07:41,27869848
203,2013-11-08,Fri,8011,398717232341348352,0,gusbaratta,"['Grey', 'sky', 'traffic', 'jams', 'Good', 'morning', 'Brussels']",[],07:42:50,27869848
204,2013-11-07,Thu,8011,398383758594048000,1,gusbaratta,"['Spanish', 'auction', 'out', 'anytime', 'before', 'the', 'cutoff', '10yr', 'SPGB', 'lost', 'another', '4bps', 'to', 'BTPS', 'Spread', 'now', 'at', '1bp']",[],09:37:44,27869848
205,2013-11-06,Wed,8011,398096165461184512,0,gusbaratta,"['Weve', 'come', 'a', 'long', 'way', 'baby', 'Europe']",[],14:34:57,27869848
206,2013-11-06,Wed,8011,398024626712104960,9,gusbaratta,"['BTP', 'Italia', 'still', 'grinding', 'orders', 'on', 'MOT', 'market', 'now', 'at', '195', 'bln', 'at', 'current', 'pace', 'could', 'end', 'gt', '22', 'bln', 'at', '1400', 'CET', 'Already', 'biggest', 'gov', 'issue']",[],09:50:40,27869848
207,2013-11-06,Wed,8011,398021801692782593,19,gusbaratta,"['Spain-Italy', 'auction', 'cycle', 'often', 'explains', 'BTP-BONOS', 'spread', 'moves']",[],09:39:27,27869848
208,2013-11-05,Tue,8011,397674986896621568,3,gusbaratta,"['Generously', 'priced', 'new', 'BTP', 'Italia', 'already', 'reached', '875', 'bln', 'orders', 'in', 'less', 'than', 'three', 'hours', 'from', 'opening']",[],10:41:19,27869848
209,2013-11-04,Mon,8011,397376004156829697,3,gusbaratta,"['Spain', 'takes', 'lead', 'as', 'worst', 'performing', '10y', 'bond', '4bps', 'just', 'above', '4', 'as', 'size', 'for', 'Thursdays', 'taps', 'announced', '3-4', 'bln', 'BTP', 'at', '410', '3', 'bps']",[],14:53:16,27869848
210,2013-11-03,Sun,8011,397001663862829057,0,gusbaratta,"['New', 'York', 'marathon', 'about', 'to', 'start', 'Good', 'luck', 'everybody']",[],14:05:47,27869848
211,2013-11-01,Fri,8011,396316739262492672,0,gusbaratta,"['Good', 'for', 'next', 'Thursdays', 'auctions', 'RT', '@FGoria', 'Fitch', 'revises', 'Spains', 'outlook', 'to', 'stable', 'affirms', 'at', 'bbb']",[],16:44:08,27869848
212,2013-11-01,Fri,8011,396261698694578176,0,gusbaratta,"['FF', 'a', '@ricpuglisi', 'che', 'caparbiamente', 'risponde', 'a', 'tutti', 'Ai', 'troll', 'ai', 'provocatori', 'ed', 'a', 'quelli', 'che', 'proprio', 'non', 'ci', 'arrivano']",[],13:05:25,27869848
213,2013-10-31,Thu,8011,395921095083458560,1,gusbaratta,"['BTP', 'bouncing', 'off', 'the', 'dip', 'right', 'after', 'noncomp', 'auctions', 'close', 'another', '450', '450', 'mio', '5', 'amp', '10yr', 'BTP', 'were', 'on', 'offer', 'today']",[],14:31:59,27869848
214,2013-10-31,Thu,8011,395900339502989312,5,gusbaratta,"['If', 'only', 'we', 'could', 'absorb', 'a', 'bit', 'of', 'pragmatism', 'from', 'the', 'US', 'as', 'quickly', 'as', 'we', 'imported', 'weird', 'festive', 'traditions', 'Halloween']",[],13:09:31,27869848
215,2013-10-31,Thu,8011,395898445552435200,0,gusbaratta,"['Spain', 'announced', 'bonds', 'for', 'next', 'Thursdays', 'tap', 'Oct18', 'Oct23', 'and', 'Oct26', '10y', 'BTP-Bonos', 'still', '11bps', 'but', 'off', 'from', 'days', 'highs', 'of', '135']",[],13:01:59,27869848
216,2013-10-31,Thu,8011,395855036166995968,2,gusbaratta,"['BuBa', 'RT', '@UlasAkincilar', 'no', 'reason', 'not', 'to', 'cut', 'rates', 'now', 'EUR', 'ECB']",[],10:09:29,27869848
217,2013-10-31,Thu,8011,395828630955491328,4,gusbaratta,"['A', 'huge', 'meteorite', 'could', 'trigger', 'crisis', 'in', 'Italy', 'Aldo', 'Godzilla', 'and', 'aliens', 'on', 'the', 'list', 'AEP', 'who', 'else']",[],08:24:34,27869848
218,2013-10-29,Tue,8011,395155026819436544,2,gusbaratta,"['BTPs', 'best', 'performers', 'on', 'the', 'day', '65', 'bps', 'on', '10y', '3', 'bps', 'tighter', 'to', 'Spain', 'regardless', 'of', 'the', '6', 'bln', '5', 'amp', '10', 'yr', 'on', 'tap', 'tomorrow']",[],11:47:54,27869848
219,2013-10-28,Mon,8011,394685480241217536,5,gusbaratta,"['US', 'medical', 'bubble', 'pretty', 'much', 'like', 'financial', 'bubble', 'docs', 'performing', 'unnecessary', 'surgery', 'just', 'to', 'make', 'HT', '@esoltas']",[],04:42:06,27869848
220,2013-10-24,Thu,8011,393496560950337537,0,gusbaratta,"['Congratulations', 'to', '@pisaniferry', 'RT', '@BruegelPisani', 'Thats', 'what', 'I', 'do', 'now']",[],21:57:45,27869848
221,2013-10-24,Thu,8011,393315974482771968,0,gusbaratta,"['and', 'yes', 'I', 'am', 'a', 'bank', 'balance', 'sheet', 'tourist', 'but', 'thats', 'not', 'the', 'point']",[],10:00:10,27869848
222,2013-10-24,Thu,8011,393315794706513920,1,gusbaratta,"['In', 'which', 'I', 'naively', 'propose', 'to', 'use', 'the', 'AQRstress', 'test', 'to', 'steer', 'funding', 'towards', 'SMEs', 'in', 'Italian']",[],09:59:27,27869848
223,2013-10-22,Tue,8011,392632684620828673,1,gusbaratta,"['old', '10yr', 'BTP', 'now', 'below', '4', '0523', 'at', '398', 'mid', 'New', '324', 'at', '413', 'mid', 'Sprad', 'vs', 'bund', 'at', '232']",[],12:45:01,27869848
224,2013-10-21,Mon,8011,392291518557749248,3,gusbaratta,"['Facebook', 'down', '=', 'global', 'productivity', 'for', 'October', 'to', 'be', 'revised', 'up']",[],14:09:21,27869848
225,2013-10-21,Mon,8011,392251451327918080,2,gusbaratta,"['Shoutout', 'to', '@EuroBriefing', 'for', 'keeping', 'the', 'flame', 'of', 'the', 'Eurocrisis', 'alive']",[],11:30:08,27869848
226,2013-10-21,Mon,8011,392214771485118464,0,gusbaratta,"['CRD4', 'Solvency', 'II', 'Basel', 'III', 'MiFID', '2', 'EMIR', 'AIFM', 'footnote', '88', 'regulation', 'a', 'death', 'by', '1000', 'cuts']",[],09:04:23,27869848
227,2013-10-18,Fri,8011,391196607582339072,1,gusbaratta,"['So', 'ECB', 'contravenes', 'rule', '1', '2', 'and', '3', 'of', 'ELA', 'you', 'dont', 'talk', 'about', 'ELA']",[],13:38:33,27869848
228,2013-10-18,Fri,8011,391104259200401408,0,gusbaratta,"['In', 'Brussels', 'all', 'day']",[],07:31:36,27869848
229,2013-10-16,Wed,8011,390460017499201536,3,gusbaratta,"['in', 'other', 'news', 'the', 'US', 't-bill', 'maturing', 'in', 'one', 'week', 'has', 'just', 'crashed', 'in', 'price', 'from', '99996', 'to', '99989', 'on', 'default', 'fears']",[],12:51:37,27869848
230,2013-10-10,Thu,8011,388141981748441088,1,gusbaratta,"['Sunday', 'morning', 'will', 'be', 'sunny', '10', 'C', 'with', 'very', 'light', 'wind', 'perfect', 'weather', 'for', 'the', 'Chicago', 'marathon', 'On', 'my', 'way']",[],03:20:34,27869848
231,2013-10-09,Wed,8011,387877238383058944,1,gusbaratta,"['@Pawelmorski', 'at', 'it', 'again', 'Europe', 'Saved', 'By', 'The', 'Genius', 'Of', 'Spanish', 'Bankers']",[],09:48:34,27869848
232,2013-10-09,Wed,8011,387858130983714817,3,gusbaratta,"['Euro', 'primary', 'markets', 'unscathed', 'by', 'US', 'tangle', 'Italy', 'issuessyndicates', 'around', '20', 'bln', 'paper', 'in', 'next', 'three', 'days', 'Spain', '23', 'bln', '30y', 'syndicate']",[],08:32:39,27869848
233,2013-10-08,Tue,8011,387665592171659265,1,gusbaratta,"['Gus', 'fashion', 'tips', 'next', 'season', 'we', 'will', 'mostly', 'worry', 'about', 'ltinsert', 'random', 'problem', 'gt']",[],19:47:34,27869848
234,2013-10-08,Tue,8011,387615447593779200,2,gusbaratta,"['Italy', 'just', 'announced', 'bonds', 'for', 'this', 'Fridays', 'auction', '335bn', '3yr', 'BTP', '075125bn', 'CCT', 'nov18', '075125bn', '15yr', 'BTP', 'sep28']",[],16:28:18,27869848
235,2013-10-08,Tue,8011,387603101613850624,1,gusbaratta,"['Seller', 'of', 'fear', 'sellers', 'of', 'cheap', 'hedges', 'Welcome', 'to', 'the', 'nonsense', 'market']",[],15:39:15,27869848
236,2013-10-08,Tue,8011,387534386876649472,1,gusbaratta,"['Spain', 'announces', '30yr', 'syndicated', 'deal']",[],11:06:12,27869848
237,2013-10-08,Tue,8011,387532203145854976,0,gusbaratta,"['7yr', 'BTP', 'maturities', '2021', 'losing', 'about', '4', 'bps', 'vs', '5yr', 'and', '10yr', 'after', 'the', 'syndicate', 'announcement', '7', 'year', 'still', 'expensive', 'here']",[],10:57:31,27869848
238,2013-10-08,Tue,8011,387509900169211904,5,gusbaratta,"['Credit', 'Agricole', 'Credit', 'Suisse', 'HSBC', 'and', 'Unicredit', 'nominated', 'lead', 'managers', 'for', 'the', 'new', '7y', 'BTP']",[],09:28:54,27869848
239,2013-10-08,Tue,8011,387508370376523776,1,gusbaratta,"['New', '7yr', 'BTP', 'syndicated', 'deal', 'announced']",[],09:22:49,27869848
240,2013-10-07,Mon,8011,387113773401915392,6,gusbaratta,"['The', 'US', 'default', 'scare', 'is', 'second', 'in', 'silliness', 'only', 'to', 'the', 'millennium', 'bug']",[],07:14:50,27869848
241,2013-10-04,Fri,8011,386138927033503744,14,gusbaratta,"['A', 'small', 'step', 'for', 'justice', 'a', 'giant', 'leap', 'towards', 'normality', 'berlusconi']",[],14:41:08,27869848
242,2013-10-01,Tue,8011,385066110804324352,3,gusbaratta,"['Comical', 'Ali', 'move', 'over', 'RT', '@liuk', 'BERLUSCONI', 'SAYS', 'NAPOLITANO', 'AND', 'LETTA', 'NOT', 'RELIABLE', 'SKYTG24']",[],15:38:09,27869848
243,2013-10-01,Tue,8011,384991511991300096,2,gusbaratta,"['Berluscontenti', 'of', 'the', 'world', 'unite', 'and', 'take', 'over']",[],10:41:43,27869848
244,2013-10-01,Tue,8011,384949357147357184,4,gusbaratta,"['Dear', 'journos', '@Corriereit', 'Bloomberg', 'changed', 'the', 'benchmark', '10y', 'BTP', 'to', '324', 'BTP', 'BUND', 'spread', 'now', 'reads', '278', 'but', 'HASNT', 'WIDENED', 'fail']",[],07:54:13,27869848
245,2013-09-30,Mon,8011,384749251332673536,1,gusbaratta,"['Re', 'previous', 'RT', '@albertoinfelise', 'is', 'an', 'Italian', 'journo', 'who', 'famously', 'tweets', 'fake', 'headlines', 'in', 'all-caps', 'just', 'for', 'a', 'laugh']",[],18:39:04,27869848
246,2013-09-30,Mon,8011,384664689843900416,5,gusbaratta,"['10yr', 'BTP', 'bouncing', '5', 'bps', 'on', 'rumors', 'there', 'may', 'be', '20', 'defectors', 'in', 'Berlusconis', 'party', 'Clear', 'sign', 'of', 'what', 'market', 'thinks', 'the', 'real', 'drag', 'is']",[],13:03:03,27869848
247,2013-09-30,Mon,8011,384581077597454336,2,gusbaratta,"['BTPs', 'bouncing', 'back', 'quite', 'hard', 'now', '10yr', 'yield', 'only', '8bps', 'higher', 'than', 'Fridays', 'close']",[],07:30:48,27869848
248,2013-09-30,Mon,8011,384560515277942784,10,gusbaratta,"['Italy', 'opening', '2022', 'bps', 'wider', 'to', 'bunds', '89', 'bps', 'wider', 'to', 'Spain', 'Market', 'very', 'thin']",[],06:09:06,27869848
249,2013-09-28,Sat,8011,383816004222341120,7,gusbaratta,"['La', 'tassa', 'migliore', 'Quella', 'su', 'terreni', 'ed', 'immobili', 'ma', 'deve', 'essere', 'anche', 'lunica', 'tassa', 'FT']",[],04:50:41,27869848
250,2013-09-27,Fri,8011,383562821692555264,1,gusbaratta,"['Spain', 'announced', 'the', 'bonds', 'for', 'next', 'Thursdays', 'auctions', '118', '1018', 'and', '1023']",[],12:04:37,27869848
251,2013-09-27,Fri,8011,383522691359449088,30,gusbaratta,"['Very', 'weak', 'Italian', 'auctions', '10yr', 'came', 'on', 'the', 'bid', 'side', 'after', 'a', 'heavy', 'concession', 'Political', 'instability', 'scaring', 'investors', 'off', 'market']",[],09:25:09,27869848
252,2013-09-26,Thu,8011,383183883887706112,3,gusbaratta,"['5', 'amp10y', 'BTP', 'auctions', 'tomorrow', '6', 'bln', 'political', 'chaos', 'wPDL', 'threatening', 'to', 'leave', 'parliament', 'and', 'yet', '10yr', 'yield', 'still', '1bp', 'below', 'Spain', 'Huh']",[],10:58:51,27869848
253,2013-09-24,Tue,8011,382518554555596800,1,gusbaratta,"['Shoutout', 'to', '@MacroPolisgr', 'for', 'all', 'things', 'Greece']",[],14:55:04,27869848
254,2013-09-23,Mon,8011,382118198730313730,1,gusbaratta,"['Muted', 'reaction', 'to', 'German', 'elections', 'in', 'peripheral', 'govies', 'space', 'Spreads', 'little', 'changed', '30yr', 'BTP', 'slightly', 'heavy', '5', 'amp10', 'yr', 'BTPs', 'taps', 'this', 'Fri']",[],12:24:12,27869848
255,2013-09-20,Fri,8011,381029287257993216,1,gusbaratta,"['Small', 'taper', 'minuscule', 'selloff']",[],12:17:15,27869848
256,2013-09-19,Thu,8011,380599901304135680,4,gusbaratta,"['10yr', 'ITA-SPA', 'back', 'at', '25', 'bps', 'helped', 'by', 'supply', 'theres', '3', 'bln', '3', 'and', '15', 'yr', 'Bonos', 'on', 'tap', 'at', '1030', 'CET', 'today', 'BTP', '5', '10yr', 'next', 'Friday']",[],07:51:02,27869848
257,2013-09-17,Tue,8011,379949354284752896,2,gusbaratta,"['Berlusconis', 'video', 'address', 'programmed', 'for', 'this', 'morning', 'will', 'be', 'aired', 'tomorrow', 'instead', 'Too', 'many', 'wrecks', 'in', 'one', 'day', 'CostaConcordia']",[],12:45:59,27869848
258,2013-09-13,Fri,8011,378545568676859904,0,gusbaratta,"['Fat', 'finger', 'friday', 'in', 'BTP', 'futures', 'Sell', 'order', 'of', '1500', 'lots', 'causes', '70', 'tick', 'drop', 'mkt', 'bounces', 'back', 'quickly', 'Bad', 'Friday', 'night', 'for', 'someone']",[],15:47:51,27869848
259,2013-09-12,Thu,8011,378079123736104960,0,gusbaratta,"['FWIW', 'my', 'tapering', 'starts', 'at', 'the', 'end', 'of', 'September', 'ChicagoMarathon', 'training']",[],08:54:22,27869848
260,2013-09-12,Thu,8011,378069117125005312,1,gusbaratta,"['Italian', 'auctions', 'at', '1100', 'CET', '4bln', 'new', '3yr', 'BTP', '1116', 'current', 'grey', 'mkt', '280', '15yr', 'tap', '928', 'in', '15bln', 'and', 'up', 'to', '2', 'bln', 'CCT', '418', 'and', '1118']",[],08:14:36,27869848
261,2013-09-11,Wed,8011,377726641038168064,1,gusbaratta,"['New', 'bund', 'out', 'at', '206', 'bidcover', '13', '1', 'cent', 'tail', 'Buba', 'retained', '923', 'mio', 'Meh']",[],09:33:43,27869848
262,2013-09-11,Wed,8011,377702404474798080,1,gusbaratta,"['Grey', 'market', 'new', '10yr', 'Bund', '207', 'Italian', '3mth', 'bills', '054', '1', 'yr', 'bills', '135', 'new', '3yr', 'BTP', '282', 'IT', 'bills', 'at', '11', 'bund', 'at', '1130', 'btp', 'tomorrow']",[],07:57:25,27869848
263,2013-09-11,Wed,8011,377689738180063232,4,gusbaratta,"['Italian', 'politics', 'amp', 'Italian', 'economy', 'postpone', 'the', 'problem', 'is', 'the', 'new', 'solve', 'the', 'problem']",[],07:07:05,27869848
264,2013-09-11,Wed,8011,377688877697626112,2,gusbaratta,"['All', 'those', 'Bond', 'desks', 'will', 'be', 'lost', 'in', 'time', 'like', 'tears', 'in', 'rain', 'Timeto', 'die', 'HT', '@TonyTassell']",[],07:03:40,27869848
265,2013-09-09,Mon,8011,377152718772895744,0,gusbaratta,"['They', 'had', 'some', 'fun', 'in', 'EM', 'apparently', 'RT', '@DavidSchawel', 'Terribly', 'boring', 'day', 'in', 'the', 'bond', 'markets']",[],19:33:09,27869848
266,2013-09-06,Fri,8011,375911980906708992,2,gusbaratta,"['FF', '@TBTFLive', 'live-tweeting', 'the', 'September', '2008', 'crisis']",[],09:22:55,27869848
267,2013-09-05,Thu,8011,375577502468427776,2,gusbaratta,"['Italy', 'issued', '500mio', '40', 'year', 'paper', 'Sep2053', 'yesterday', 'via', 'a', 'private', 'placement']",[],11:13:49,27869848
268,2013-09-05,Thu,8011,375539795633897472,1,gusbaratta,"['Uneventful', 'Spanish', 'auction', 'yawn']",[],08:43:59,27869848
269,2013-09-04,Wed,8011,375167404583968768,6,gusbaratta,"['Berlusconi', 'threatens', 'to', 'withdraw', 'support', 'to', 'government', 'if', 'his', 'case', 'isnt', 'sorted', '=', '=', 'gt', 'BTPs', 'worst', 'performers', 'despite', 'Spanish', 'auction', 'tomorrow']",[],08:04:14,27869848
270,2013-09-02,Mon,8011,374471804695633920,3,gusbaratta,"['Spain', 'leading', 'the', 'way', 'up', '10yr', 'Bonos', 'performing', '5bps', 'vs', 'BTP', 'and', '15ps', 'vs', 'Bund', 'Spanish', 'auctions', 'this', 'Thursday', 'not', 'weighing', 'on', 'market', 'Yet']",[],10:00:10,27869848
271,2013-08-29,Thu,8011,373050555108950016,6,gusbaratta,"['Raw', 'real', 'and', 'cynic', 'On', 'the', 'Onion', 'ffs', 'RT', '@yichuanw', 'Damn', 'The', 'Onions', 'piece', 'on', 'Syria', 'is', 'amazing', 'gt']",[],11:52:37,27869848
272,2013-08-29,Thu,8011,372977589130133504,2,gusbaratta,"['Stunning', 'RT', '@lemasabachthani', 'Tailor', 'made', 'name', 'for', 'a', 'new', 'tax', 'TASER', 'Thats', 'Italy']",[],07:02:41,27869848
273,2013-08-27,Tue,8011,372350766939639808,0,gusbaratta,"['Here', 'we', 'go', 'Again', 'RT', '@EKourtali', 'November', '1', 'US', 'will', 'run', 'out', 'of', 'cash', 'default', 'date', 'Stone', 'amp', 'McCarthy', 'estimates']",[],13:31:55,27869848
274,2013-08-27,Tue,8011,372347038253744129,3,gusbaratta,"['5yr', 'BTP', '14', 'bps', 'wider', 'to', 'Germany', 'and', '7', 'bps', 'wider', 'to', 'Spain', 'Auctions', 'speak', 'louder', 'than', 'words', 'badpun']",[],13:17:06,27869848
275,2013-08-26,Mon,8011,372024254294130688,1,gusbaratta,"['New', '5yr', 'BTP', 'Dec2018', 'in', 'up', 'to', '35bln', '10yr', 'BTP', 'tap', 'up', 'to', '25bln', 'this', 'Thursday', 'Will', 'be', 'a', 'large', 'auction', '6bln', '12', 'bln', 'noncomp', 'Friday']",[],15:54:28,27869848
276,2013-08-26,Mon,8011,371968016063668224,8,gusbaratta,"['Italy-Spain', '10yr', 'spread', 'down', 'to', 'only', '6bps', 'and', 'on', 'its', 'way', 'to', 'cross', 'on', 'Italian', 'supply', 'and', 'Italian', 'politicians', 'ineptitude', 'Mar24', 'BTP', 'at', '455']",[],12:11:00,27869848
277,2013-08-26,Mon,8011,371865732831014912,1,gusbaratta,"['US', 'healthcare', 'so', 'advanced', 'yet', 'so', 'wrong', 'RT', '@munilass', 'How', 'to', 'charge', '$546', 'for', 'six', 'liters', 'of', 'saltwater']",[],05:24:34,27869848
278,2013-08-23,Fri,8011,370883421520031745,0,gusbaratta,"['@LorcanRK', 'Bund', 'a', 'gnats', 'whisker', 'from', '2', 'lt', 'lt', 'technical', 'analysis', 'lingo']",[],12:21:13,27869848
279,2013-08-23,Fri,8011,370882081376976896,0,gusbaratta,"['Market', 'starting', 'to', 'notice', 'next', 'weeks', 'auctions', '10y', 'BTP', '8', 'basis', 'points', 'off', 'the', 'highs', 'now', 'at', '451']",[],12:15:53,27869848
280,2013-08-23,Fri,8011,370880930132819968,0,gusbaratta,"['RT', '@FPanunzi', 'Ma', 'quando', 'sar\xc3\xa0', 'agli', 'arresti', 'domiciliari', 'anche', 'Berlusconi', 'annuncer\xc3\xa0', 'che', 'vuole', 'essere', 'chiamato', 'Chelsea']",[],12:11:19,27869848
281,2013-08-23,Fri,8011,370879086425808896,0,gusbaratta,"['BOOM', 'RT', '@simonhinrichsen', 'ICELAND', 'SELLS', 'ISK32', 'BLN', '65', '2031', 'BONDS', 'YLD', '663']",[],12:03:59,27869848
282,2013-08-23,Fri,8011,370823568722243584,1,gusbaratta,"['UK', 'bank', 'holiday', 'on', 'Monday', 'and', 'Italian', 'auctions', 'Tue-Wed-Thu', 'BTPs', 'remarkably', 'resilient', '10y', 'at', '444', '2bps', 'tighter', 'to', 'Bund']",[],08:23:23,27869848
283,2013-08-20,Tue,8011,369834369151930368,3,gusbaratta,"['Peripheral', 'Europe', 'under', 'pressure', 'from', '6', 'bps', 'POR', 'to', '30bps', 'GRE', 'wider', 'to', 'Bunds', 'in', '10yr', 'space']",[],14:52:39,27869848
284,2013-08-15,Thu,8011,367991295366946816,3,gusbaratta,"['RT', '@IvanTheK', 'This', 'market', 'cant', 'even', 'handle', 'backward', 'guidance']",[],12:48:56,27869848
285,2013-08-15,Thu,8011,367910086699937792,5,gusbaratta,"['Its', 'bank', 'holiday', 'today', 'in', 'Italy', 'bond', 'market', 'is', 'open', 'but', 'liquidity', 'will', 'hit', 'seasons', 'low']",[],07:26:14,27869848
286,2013-08-13,Tue,8011,367188808233930752,2,gusbaratta,"['Euro', 'periphery', 'about', '4bps', 'tighter', 'to', 'Bunds', 'mostly', 'on', 'Bund', 'weakness', 'only', 'auction', 'of', 'the', 'week', 'is', 'tomorrows', '4', 'bln', 'Bund', 'May23', 'Very', 'quiet']",[],07:40:08,27869848
287,2013-08-12,Mon,8011,367033764607565824,0,gusbaratta,"['Surely', 'a', 'better', 'idea', 'than', 'building', 'the', 'Death', 'Star', 'and', 'cheaper']",[],21:24:03,27869848
288,2013-08-11,Sun,8011,366607621475667968,2,gusbaratta,"['Almost', 'got', 'rid', 'of', 'a', 'super', 'aggressive', 'form', 'of', 'pink', 'eye', 'very', 'quickly', 'thanks', 'to', '@profluigimarino']",[],17:10:42,27869848
289,2013-08-09,Fri,8011,365769609724436480,5,gusbaratta,"['First', 'dozy', 'August', 'in', 'years', 'in', 'Eurogovies', 'trendless', 'sideways', 'market', 'with', 'most', 'people', 'sitting', 'on', 'their', 'hands', 'En', 'attendant', 'German', 'elections']",[],09:40:45,27869848
290,2013-08-06,Tue,8011,364678035359805441,4,gusbaratta,"['When', 'I', 'said', 'buy', 'the', 'Post', 'I', 'meant', 'just', 'a', 'copy', 'dammit']",[],09:23:13,27869848
291,2013-08-06,Tue,8011,364675187876171776,3,gusbaratta,"['Second', 'derivative', 'optimism', 'in', 'Italian', 'GDP']",[],09:11:54,27869848
292,2013-08-01,Thu,8011,362930853199884288,0,gusbaratta,"['Goldbug', 'trolling', 'in', 'Reykjavik']",[],13:40:33,27869848
293,2013-07-27,Sat,8011,361239579417788417,0,gusbaratta,"['Muppet', 'cupcakes', 'wedding', 'cake', 'at', '@LorcanRK', 's', 'Nice', 'reference']",[],21:40:02,27869848
294,2013-07-27,Sat,8011,361220297812213760,0,gusbaratta,"['Twedding', 'dinner']",[],20:23:24,27869848
295,2013-07-27,Sat,8011,361135956272746496,0,gusbaratta,['Yes'],[],14:48:16,27869848
296,2013-07-26,Fri,8011,360908229468901376,3,gusbaratta,"['Twedding', 'present', 'for', '@LorcanRK']",[],23:43:22,27869848
297,2013-07-26,Fri,8011,360890934155677697,0,gusbaratta,"['Live', 'tweeting', 'the', 'shark']",[],22:34:38,27869848
298,2013-07-26,Fri,8011,360887344116678656,0,gusbaratta,"['Joes', 'ready', 'for', 'the', 'shark', 'Im', 'not', 'Yet', 'RT', '@TheStalwart', 'Gearing', 'up', 'for', 'the', 'shark']",[],22:20:22,27869848
299,2013-07-25,Thu,8011,360380474717253633,0,gusbaratta,"['CAG-MUC-KEF', 'Long', 'day', 'today']",[],12:46:15,27869848
300,2013-07-22,Mon,8011,359397347047911424,1,gusbaratta,"['Precautionary', 'measures', 'RT', '@pdacosta', 'US', 'SEC', 'urges', 'money', 'funds', 'to', 'be', 'prepared', 'for', 'tri-party', 'repo', 'defaults']",[],19:39:39,27869848
301,2013-07-21,Sun,8011,358865616033157120,2,gusbaratta,"['1', 'RT', '@timmyconspiracy', 'yep', '@azizonomics', 'Dubai', 'is', 'an', 'autocracy', 'built', 'on', 'slave', 'labour']",[],08:26:44,27869848
302,2013-07-20,Sat,8011,358485005183369216,1,gusbaratta,"['32km', 'under', 'south', 'Sardinian', 'sun', 'with', 'just', '12', 'lt', 'of', 'water', 'In', 'mid', 'July', 'Check', 'justplainstupid']",[],07:14:20,27869848
303,2013-07-20,Sat,8011,358425801101811715,6,gusbaratta,"['Banks', 'never', 'manipulate', 'markets', 'Not', 'MT', '@StockJockey', 'Fed', 'considers', 'banning', 'Banks', 'from', 'trading', 'physical', 'commodities']",[],03:19:04,27869848
304,2013-07-16,Tue,8011,357080592459907073,2,gusbaratta,"['Intertemporal', 'choice', 'in', 'search', 'of', 'happiness', 'RT', '@auaurelija', 'Source', 'of', 'bad', 'equilibrium', 'Search', 'for', 'happiness']",[],10:13:42,27869848
305,2013-07-11,Thu,8011,355241378999050241,2,gusbaratta,"['BTP', 'auctions', 'at', '11', 'CET', '35', 'bln', '3y', '15bln', '30y', 'and', '15bln', 'floater', '1118', 'BTPs', 'giving', 'back', 'most', 'of', 'the', 'post', 'Bernanke', 'euphoria', '10y', 'at', '441']",[],08:25:19,27869848
306,2013-07-11,Thu,8011,355236627460784130,0,gusbaratta,"['Not', 'markets', 'main', 'worry', 'but', 'good', 'to', 'know', 'RT', '@katiemartinFX', 'Weidmann', 'Council', 'Can', 'Still', 'Raise', 'Rates', 'in', 'Timely', 'Fashion', 'if', 'Needed', '[', 'dj', ']', 'gt', 'gt', 'FTW']",[],08:06:26,27869848
307,2013-07-10,Wed,8011,354983938772574209,0,gusbaratta,"['Ah', 'all', 'that', 'with', 'domestic', 'politicians', 'doing', 'their', 'best', 'to', 'screw', 'everything', 'up', 'once', 'again', 'Italy']",[],15:22:20,27869848
308,2013-07-10,Wed,8011,354983589756157952,3,gusbaratta,"['S', 'ampP', 'downgrade', '65', 'bln', 'taps', 'tomorrow', '330y', 'and', 'floaters', 'and', 'still', 'Italy', 'doing', 'better', 'than', 'SPA', 'GRE', 'POR', 'IRE', 'on', 'the', 'day', 'Oddly', 'resilient']",[],15:20:57,27869848
309,2013-07-10,Wed,8011,354944530321117185,8,gusbaratta,"['Grillo', 'told', 'president', 'Napolitano', 'that', 'Italy', 'should', 'default', 'ASAP', 'ht', '@Phastidio', 'Thank', 'god', 'the', 'nutter', 'already', 'lost', 'his', 'political', 'capital']",[],12:45:45,27869848
310,2013-07-10,Wed,8011,354862542738292736,6,gusbaratta,"['Downgrade', 'mostly', 'priced', 'in', '10yr', 'BTP', '444', 'now', 'just', '5bps', 'from', 'yesterday', 'close', 'with', 'auctions', 'today', 'and', 'tomorrow']",[],07:19:57,27869848
311,2013-07-08,Mon,8011,354251011713536000,1,gusbaratta,"['Tonight', 'Italy', 'will', 'announce', 'the', 'bonds', 'for', 'Thursdays', 'auction', '3y', 'BTP', '1530y', 'BTP', 'and', 'possibly', 'CCTs', 'on', 'the', 'menu', 'Secondary', 'market', 'thin']",[],14:49:57,27869848
312,2013-07-08,Mon,8011,354249734820610050,1,gusbaratta,"['Spain', 'announced', 'a', 'new', '15yr', 'syndicated', 'deal', 'Oct', '2028', '10yr', 'BTP', 'loses', '4', 'bps', 'to', '438', 'but', 'still', '7', 'bps', 'tighter', 'to', 'Spain', 'on', 'the', 'day']",[],14:44:53,27869848
313,2013-07-05,Fri,8011,353108635926269952,1,gusbaratta,"['European', 'markets', 'boringly', 'quiet', 'ahead', 'of', 'NFP', 'peripherals', '3', 'to', '5', 'bps', 'tighter', 'to', 'Germany', 'some', 'position', 'squaring', 'in', 'the', 'street', 'zzz']",[],11:10:33,27869848
314,2013-07-03,Wed,8011,352383941853982720,2,gusbaratta,"['WILL', 'BE', '260', 'YIELD', 'IN', 'A', 'MONTH', 'RT', '@LorcanRK', 'A', '700', 'INCREASE', 'ON', 'YESTERDAYS', 'INCREASE', 'RT', '@MarkTOByrne', 'PORTUGAL', '808', 'YIELD', 'SURGES', '203']",[],11:10:53,27869848
315,2013-07-03,Wed,8011,352338870748192768,6,gusbaratta,"['Hey', 'Twitter', 'EU', 'managed', 'to', 'kill', 'sovreign', 'CDS', 'market', 'with', 'the', 'short', 'selling', 'regulation', 'The', 'quotes', 'youre', 'quoting', 'now', 'are', 'almost', 'meaningless']",[],08:11:47,27869848
316,2013-07-03,Wed,8011,352330395112570880,2,gusbaratta,"['Portuguese', 'bonds', 'move', 'in', 'context', 'with', 'ECB', 'and', 'US', 'holiday', 'tomorrow', 'positions', 'are', 'ultra', 'thin', 'and', 'liquidity', 'is', 'ugly', '=', 'gt', 'moar', 'volatility']",[],07:38:06,27869848
317,2013-07-03,Wed,8011,352324395680800770,7,gusbaratta,"['Greece', 'and', 'Portugal', 'clearly', 'didnt', 'get', 'the', 'memo', 'on', 'the', 'German', 'electoral', 'truce']",[],07:14:16,27869848
318,2013-06-28,Fri,8011,350510678240538624,5,gusbaratta,"['10y', 'BTP', 'bouncing', 'another', '13', 'basis', 'points', 'on', 'the', 'open', 'Now', 'at', '443', 'over', '50bps', 'in', 'two', 'days', 'with', 'an', 'auction', 'in', 'between', 'notbad']",[],07:07:12,27869848
319,2013-06-27,Thu,8011,350182084352024577,2,gusbaratta,"['10yr', 'BTP', 'end', 'May', 'auction', '414', 'yesterday', 'morning', '5', 'todays', 'auction', '455']",[],09:21:29,27869848
320,2013-06-27,Thu,8011,350180095987695616,2,gusbaratta,"['BTP', 'auctions', 'went', 'well', 'as', 'expected', 'official', 'details', 'coming', 'soon']",[],09:13:35,27869848
321,2013-06-27,Thu,8011,350157347529818114,2,gusbaratta,"['Market', 'is', 'now', 'bullish', 'but', 'the', 'comparison', 'with', 'last', '10y', 'btp', 'auction', 'will', 'look', 'bad', 'it', 'came', 'at', '414', 'at', 'the', 'end', 'of', 'May', 'is', 'around', '460', 'now']",[],07:43:11,27869848
322,2013-06-27,Thu,8011,350155657342763008,6,gusbaratta,"['10yr', 'BTP', 'currently', 'at', '460', 'after', 'reaching', '5', 'yesterday', 'morning', 'Strong', 'buying', 'also', 'on', '5y', 'at', '353', '5', 'bln', 'taps', 'in', '90', 'not', 'an', 'issue']",[],07:36:28,27869848
323,2013-06-26,Wed,8011,349893092020731905,5,gusbaratta,"['10yr', 'BTP', 'bouncing', '14bps', 'from', 'yesterday', 'close', 'Theres', '25bn', '5y', 'and', '25bn', '10y', 'taps', 'tomorrow', 'street', 'probably', 'convinced', 'auctions', 'will', 'go', 'well']",[],14:13:08,27869848
324,2013-06-26,Wed,8011,349799506117804032,4,gusbaratta,"['Quarter', 'end', 'effect', 'on', 'Italian', 'repo', 'rates', 'banks', 'lightening', 'their', 'balance', 'sheet', 'gt', 'repo', 'rate', 'rises']",[],08:01:15,27869848
325,2013-06-25,Tue,8011,349539855908343808,2,gusbaratta,"['In', 'a', 'bid', 'to', 'fight', 'own', 'decline', 'into', 'irrelevance', 'Italys', 'Beppe', 'Grillo', 'decides', 'not', 'to', 'stay', 'classy', 'and', 'attacks', 'journos']",[],14:49:30,27869848
326,2013-06-25,Tue,8011,349446172378804224,3,gusbaratta,"['10yr', 'BTP', 'bouncing', 'some', '12', 'bps', 'at', '468', 'from', 'yesterday', 'close', 'Spain', '14bp', 'Two', 'year', 'ZC', 'auction', 'in', '20', '35bln', 'hogs']",[],08:37:14,27869848
327,2013-06-24,Mon,8011,349199271926579201,2,gusbaratta,"['AUCTION', '35', 'bln', 'of', 'a', 'new', 'Italian', '2', 'year', 'zero', 'coupon', 'June', '2015', 'tomorrow', 'at', '1100', 'CET', 'Liquidity', 'is', 'low', 'grey', 'market', 'at', '253', 'Hang', 'tight']",[],16:16:08,27869848
328,2013-06-24,Mon,8011,349191999779393536,4,gusbaratta,"['Italy', 'announces', 'only', '4', 'to', '5bln', 'of', '5', 'amp', '10yr', 'BTP', 'taps', 'for', 'Thursday', 'About', '1bln', 'less', 'than', 'expected']",[],15:47:15,27869848
329,2013-06-24,Mon,8011,349187521491636224,7,gusbaratta,"['Italy', 'condemned', 'to', 'wait', 'for', 'the', 'appeal']",[],15:29:27,27869848
330,2013-06-24,Mon,8011,349170437260976128,6,gusbaratta,"['An', 'orgy', 'of', 'stops', 'curves', 'displaced', 'appalling', 'liquidity', 'but', 'everyone', 'is', 'very', 'calm', 'Welcome', 'to', 'the', 'new', 'new', 'normal']",[],14:21:34,27869848
331,2013-06-22,Sat,8011,348510459881746432,0,gusbaratta,"['Go', 'team']",[],18:39:03,27869848
332,2013-06-22,Sat,8011,348468748920963074,0,gusbaratta,"['Three', 'hours', 'to', 'go', 'Time', 'to', 'get', 'all', 'charged', 'up', 'Showtime']",[],15:53:18,27869848
333,2013-06-21,Fri,8011,348049771006660608,1,gusbaratta,"['Oh', 'e', 'ff', 'anche', 'a', '@Scacciavillani', 'anche', 'lui', 'di', 'una', 'pazienza', 'beyond', 'reason']",[],12:08:26,27869848
334,2013-06-20,Thu,8011,347636059192057856,5,gusbaratta,"['Weak', 'Spanish', 'auctions']",[],08:44:29,27869848
335,2013-06-20,Thu,8011,347632544746971138,2,gusbaratta,"['Spanish', 'auction', 'cutoff', 'now', 'This', 'added', 'to', 'the', 'selling', 'pressure', 'in', 'SPA', 'and', 'ITA', 'in', 'this', 'morning', 'illiquid', 'market', 'Results', 'out', 'on', 'BBG', 'page', 'BOS16']",[],08:30:32,27869848
336,2013-06-20,Thu,8011,347582626812551168,1,gusbaratta,"['T-shirt', 'for', 'Saturdays', 'race', 'check', 'cc', '@MonzaMMT']",[],05:12:10,27869848
337,2013-06-19,Wed,8011,347445492466208768,0,gusbaratta,"['Your', 'daily', 'dose', 'of', 'bile', 'on', 'Germany', 'and', 'the', 'EU', 'from', 'Ambrose']",[],20:07:15,27869848
338,2013-06-19,Wed,8011,347285935764955136,2,gusbaratta,"['Auction', '10yr', 'Bund', 'issued', 'in', '5bln', 'at', '9955', '155', 'bid', 'to', 'cover', 'at', '15', 'Boring']",[],09:33:14,27869848
339,2013-06-19,Wed,8011,347278521703481344,0,gusbaratta,"['First', 'tap', 'of', 'the', '15', 'May', '2023', 'Bund', 'today', 'at', '1130', 'CET', '5', 'bln', 'auction', 'most', 'likely', 'to', 'be', 'a', 'nonevent', 'bond', 'currently', 'at', '155']",[],09:03:46,27869848
340,2013-06-17,Mon,8011,346604764978630656,1,gusbaratta,"['Almost', 'directionless', 'quiet', 'day', 'in', 'govies', 'Italy', 'faring', 'slightly', 'better', '3-4', 'bps', 'after', 'last', 'weeks', 'supply', 'Flows', 'light']",[],12:26:30,27869848
341,2013-06-14,Fri,8011,345511861569073152,0,gusbaratta,"['Back', 'on', 'the', 'desk', 'btw']",[],12:03:41,27869848
342,2013-06-14,Fri,8011,345511691930464257,2,gusbaratta,"['Spain', 'just', 'announced', 'bonds', 'for', 'next', 'Thursdays', 'auction', 'Jul17', 'Oct23', 'and', 'Apr21']",[],12:03:01,27869848
343,2013-06-13,Thu,8011,344976018848763904,0,gusbaratta,"['Market', 'needs', 'to', 'be', 'sedated', 'RT', '@FGoria', 'RT', '@djfxtrader', 'Nikkei', 'Stock', 'Average', 'Falls', 'More', 'Than', '30']",[],00:34:26,27869848
344,2013-06-12,Wed,8011,344930460431949825,0,gusbaratta,"['Exercise', 'for', 'next', 'few', 'months', 'gauge', 'central', 'bank', 'disengagementreengagement']",[],21:33:24,27869848
345,2013-06-11,Tue,8011,344454910936498177,1,gusbaratta,"['Cinismo', 'redefined', 'RT', '@Scacciavillani', 'Lastensionismo', 'e', 'aumentato', 'perch\xc3\xa9', 'sono', 'diminuiti', 'i', 'soldi', 'per', 'comprare', 'i', 'voti']",[],14:03:45,27869848
346,2013-06-10,Mon,8011,344099983450062849,1,gusbaratta,"['10y', 'BTP', 'widening', 'around', '5', 'bps', 'to', 'Spain', 'today', 'mostly', 'bc', 'of', 'auction', 'cycle']",[],14:33:23,27869848
347,2013-06-09,Sun,8011,343868852934959104,0,gusbaratta,"['Playing', 'with', '@LorcanRK', 'in', 'NY', 'cc', '@Pawelmorski']",[],23:14:58,27869848
348,2013-06-07,Fri,8011,342934253962686464,0,gusbaratta,"['Wheels', 'up', 'Looking', 'forward', 'to', 'meet', '@TheStalwart', 'and', 'a', 'few', 'other', 'tweeps', 'in', 'NY', 'Yall', 'have', 'fun', 'with', 'NFP', 'today']",[],09:21:12,27869848
349,2013-06-06,Thu,8011,342683354933628930,0,gusbaratta,"['Huge', 'moves', 'like', 'the', 'one', 'today', 'in', 'Euro', 'peripheral', 'govies', 'leave', 'a', 'VaR', 'scar', 'that', 'heals', 'in', 'months']",[],16:44:13,27869848
350,2013-06-06,Thu,8011,342564160900591616,2,gusbaratta,"['Overall', 'good', 'Spanish', 'auctions', 'average', 'prices', 'above', 'secondary', 'market', 'at', 'cutoff', 'decent', 'bidcover', 'etc', '10yr', 'particularly', 'well', 'received']",[],08:50:35,27869848
351,2013-06-06,Thu,8011,342544012978319360,2,gusbaratta,"['Euro', 'peripheral', 'weakness', 'yesterday', 'pm', 'and', 'this', 'am', 'partly', 'due', 'to', 'Spanish', 'auctions', 'theres', '3-4bln', 'of', '315', '716', 'and', '1023', 'tapped', 'at', '1030', 'CET']",[],07:30:31,27869848
352,2013-06-04,Tue,8011,341963061437022209,0,gusbaratta,"['cc', '@tobyn', 'Italy', 'will', 'probably', 'give', 'banks', 'full', 'warranty', 'on', 'claims', 'vs', 'public', 'sector', 'gtrepaydiscount', '100bln', 'to', '2014']",[],17:02:01,27869848
353,2013-06-03,Mon,8011,341443496374329344,0,gusbaratta,"['Good', 'morning', 'Brussels']",[],06:37:27,27869848
354,2013-06-01,Sat,8011,340709094191140864,1,gusbaratta,"['Belated', 'thanks', 'and', 'ffback', '@spztrader', '@LorcanRK', '@fwred', '@pelias01', '@Masaraht', '@RoelD']",[],05:59:12,27869848
355,2013-05-30,Thu,8011,340209031132098560,0,gusbaratta,"['1', 'RT', '@umairh', 'Im', 'pretty', 'sure', 'Morrissey', 'was', 'right', 'about', 'everything']",[],20:52:08,27869848
356,2013-05-30,Thu,8011,340033610453250048,3,gusbaratta,"['Overall', 'neutral', 'BTP', 'auctions', 'after', 'a', 'sizeable', 'two-day', 'drop', 'came', 'near', 'offer', 'side', 'with', 'decent', 'bidcover', 'ratios', 'Full', 'size', 'issued']",[],09:15:04,27869848
357,2013-05-30,Thu,8011,340031312838660096,2,gusbaratta,"['BTP', 'auction', 'results', 'out', 'soon']",[],09:05:57,27869848
358,2013-05-29,Wed,8011,339736005005430784,3,gusbaratta,"['Im', 'late', 'to', 'this', 'but', 'FYI', 'Italy', 'issued', '500mio', 'of', 'a', '50', 'year', 'bond', 'May', '2063', 'with', 'value', 'date', 'yesterday']",[],13:32:30,27869848
359,2013-05-29,Wed,8011,339645202660737024,2,gusbaratta,"['8', 'bln', '6', 'month', 'Italian', 'bills', 'auction', 'at', '11', 'CET', 'today', 'Grey', 'market', 'opened', 'at', '051', 'and', 'is', 'now', '055', 'last', 'month', 'auction', 'came', 'at', '0503']",[],07:31:41,27869848
360,2013-05-29,Wed,8011,339643969292079104,2,gusbaratta,"['Some', 'tension', 'again', 'in', 'BTP', 'repo', 'rates', 'ON', 'traded', 'at', '037', 'SN', 'at', '029', 'week', 'at', '022-028']",[],07:26:47,27869848
361,2013-05-28,Tue,8011,339305955021959168,3,gusbaratta,"['Italian', 'auction', 'results', 'out', 'shortly', '1bln', 'linker', 'BTPei', '2018', 'and', '25', 'bln', 'of', 'CTZ', 'zero', 'cpn', 'Dec14', 'Market', 'bullish', 'into', 'the', 'auction']",[],09:03:38,27869848
362,2013-05-27,Mon,8011,339018085400989696,14,gusbaratta,"['Grillos', 'party', 'more', 'than', 'halved', 'votes', 'in', 'local', 'election', 'city', 'of', 'Rome', 'Downgraded', 'to', '5', 'asteroid', 'movement']",[],13:59:44,27869848
363,2013-05-27,Mon,8011,339008380570042368,1,gusbaratta,"['Euro', 'govies', 'market', 'as', 'dead', 'as', 'it', 'gets', 'bund', 'futures', 'traded', 'just', 'over', '110k', 'lots', 'all', 'day', 'vs', 'average', '900k']",[],13:21:11,27869848
364,2013-05-27,Mon,8011,338911984458272768,0,gusbaratta,"['UK', 'bank', 'holiday', 'and', 'US', 'Memorial', 'Day', 'today', 'we', 'may', 'be', 'in', 'for', 'a', 'quiet', 'Monday', 'in', 'Europe', 'wishfulthinking']",[],06:58:08,27869848
365,2013-05-24,Fri,8011,337881199244632065,4,gusbaratta,"['Pressure', 'on', 'periphery', 'this', 'morning', '10y', 'SPA', 'and', 'ITA', 'losing', '10bps', '10y', 'BTP', 'at', '413', 'spread', 'at', '267', '9']",[],10:42:10,27869848
366,2013-05-23,Thu,8011,337491310120411136,5,gusbaratta,"['Spanish', 'auctions', 'not', 'helping', 'much', 'with', 'market', 'sentiment', 'prices', 'in', 'line', 'with', 'secondary', 'mkt', 'and', 'full', '4bln', 'issued', 'Neutral']",[],08:52:53,27869848
367,2013-05-23,Thu,8011,337483767868448768,2,gusbaratta,"['10yr', 'BTP', '523', 'drops', '8bps', 'and', 'is', 'right', 'on', 'the', '4', 'level', 'now']",[],08:22:55,27869848
368,2013-05-23,Thu,8011,337479417066561536,1,gusbaratta,"['First', 'test', 'of', 'market', 'sentiment', 'at', '1030', 'CET', 'Spain', 'taps', '3', 'to', '4', 'bln', 'of', '716', '118', 'and', '726', 'Bonos', 'Spain', 'not', 'underperforming', 'Italy', 'so', 'far']",[],08:05:37,27869848
369,2013-05-22,Wed,8011,337138901133189120,3,gusbaratta,"['AUCTION', 'new', '10yr', 'Bund', '523', 'issued', 'in', '4123', 'bln', 'bidcover', '16', 'good']",[],09:32:32,27869848
370,2013-05-22,Wed,8011,337123410612191232,1,gusbaratta,"['New', '10yr', 'Bund', '15', 'May', '2023', 'theres', '5bln', 'on', 'auction', 'today', 'at', '1130', 'CET', 'Grey', 'market', '1425', '37bps', 'above', 'off', 'the', 'run', 'Feb23']",[],08:30:59,27869848
371,2013-05-21,Tue,8011,336803612120461312,1,gusbaratta,"['Italy', 'widening', '2-4', 'bps', 'to', 'Germany', 'across', 'the', 'curve', 'Spain', 'unchanged', 'in', 'a', 'relatively', 'quiet', 'market', 'Next', 'week', 'Thursday', '5', '10yr', 'BTP', 'auctions']",[],11:20:13,27869848
372,2013-05-18,Sat,8011,335874280116084736,2,gusbaratta,"['How', 'many', 'votes', 'did', 'Dijsselbloem', 'get']",[],21:47:23,27869848
373,2013-05-17,Fri,8011,335339593849249794,0,gusbaratta,"['For', 'a', 'daily', 'update', 'on', 'overnight', 'repo', 'rates', 'average', 'rate', 'traded', 'and', 'volumes', 'on', 'DE', 'FR', 'and', 'IT', 'must', 'follow', '@MTSRepo', 'FF']",[],10:22:44,27869848
374,2013-05-16,Thu,8011,334999169511084032,6,gusbaratta,"['new', '30yr', 'BTP', 'is', 'rallying', 'some', '17bps', 'from', 'launch', 'is', 'now', 'at', '480', 'spread', 'to', 'old', '30', 'from', '13bp', 'down', 'to', '5bp', 'Rest', 'of', 'btp', 'curve', 'is', 'following']",[],11:50:00,27869848
375,2013-05-15,Wed,8011,334659026736521216,4,gusbaratta,"['New', 'BTP', '30y', 'ended', 'up', 'with', '127', 'bln', 'orders', 'will', 'print', 'in', '6bln', 'Large']",[],13:18:24,27869848
376,2013-05-15,Wed,8011,334616049376968704,1,gusbaratta,"['Hearing', 'new', '30y', 'BTP', 'orders', 'reaching', '9', 'bln', 'Issue', 'was', 'widely', 'expected', 'timing', 'less', 'so', '10-30', 'BTP', 'steepened', 'only', '6bps', 'in', 'the', 'last', 'two', 'days']",[],10:27:37,27869848
377,2013-05-13,Mon,8011,334013055946088448,0,gusbaratta,"['1', 'straight', 'to', 'the', 'point', 'RT', '@fwred', 'Market', 'views', 'by', '@markdow', 'always', 'worth', 'a', 'read']",[],18:31:32,27869848
378,2013-05-13,Mon,8011,333857038117527552,6,gusbaratta,"['Italian', 'auctions', 'weighing', 'a', 'bit', 'on', 'periphery', '8bln', '3y', '5y', 'BTP', 'and', 'new', 'CCT', 'floaters', 'at', '11', 'CET', '10y', 'ITA', 'amp', 'SPA', 'about', '7', 'bps', 'wider', 'to', 'GER']",[],08:11:35,27869848
379,2013-05-11,Sat,8011,333231326192885762,0,gusbaratta,"['Nice', 'RT', '@EpicureanDeal', 'The', 'Widowmaker', 'Trade', 'by', '@delong']",[],14:45:13,27869848
380,2013-05-11,Sat,8011,333166119244402688,0,gusbaratta,"['Saturday', 'mornings', 'are', 'for', 'chilling', 'out', 'Sort', 'of']",[],10:26:07,27869848
381,2013-05-11,Sat,8011,333145745760874496,1,gusbaratta,"['Big', 'trolls', 'arent', 'only', 'on', 'twitter']",[],09:05:10,27869848
382,2013-05-10,Fri,8011,332783874591571969,0,gusbaratta,"['Weakish', 'bidcover', 'in', '1yr', 'Italian', 'tbills', 'auction']",[],09:07:13,27869848
383,2013-05-10,Fri,8011,332770991426121729,1,gusbaratta,"['Italian', 'tbills', 'auctions', 'in', '15', '3bln', '3', 'mth', 'grey', 'market', 'at', '042', 'and', '7bln', 'of', '1', 'year', 'grey', 'at', '0675', 'Yawn']",[],08:16:01,27869848
384,2013-05-09,Thu,8011,332413414720823296,1,gusbaratta,"['Spanish', 'auction', 'out', 'anytime', 'now', '716', '118', 'and', '726', 'bonos', 'on', 'tap', 'in', '35', 'to', '45', 'bln']",[],08:35:08,27869848
385,2013-05-08,Wed,8011,332203111672344578,1,gusbaratta,"['The', 'top', 'financial', 'tweeters', 'to', 'follow', 'Part', 'I', 'thanks', '@efinancialnews']",[],18:39:28,27869848
386,2013-05-08,Wed,8011,332088667373981696,0,gusbaratta,"['Anyone', 'tried', 'to', 'put', 'a', 'value', 'on', 'onshore', 'vs', 'offshore', 'for', 'Cyprus', 'cc', '@Pawelmorski']",[],11:04:42,27869848
387,2013-05-07,Tue,8011,331840924852305921,0,gusbaratta,"['1', 'and', 'it', 'was', 'monsoon', 'weather', 'in', 'Milan', 'again', 'apparently', 'RT', '@AlbertoNardelli', 'Not', 'bad', 'London', 'not', 'bad']",[],18:40:16,27869848
388,2013-05-07,Tue,8011,331834468723740672,0,gusbaratta,"['RT', '@barnejek', 'Quick', 'facts', 'on', 'the', 'miracle', 'in', 'Germany']",[],18:14:37,27869848
389,2013-05-03,Fri,8011,330345437871624192,1,gusbaratta,"['Yield', 'grab', 'on', 'ultra', 'long', 'BTP', 'curve', '30y', 'about', '15', 'bps', 'tighter', 'to', 'bunds', 'with', '10y', 'almost', 'unchanged']",[],15:37:44,27869848
390,2013-05-03,Fri,8011,330340691920171009,0,gusbaratta,"['88888', 'FinanceDerbyHorseNames', 'MotherOfErrorAccounts']",[],15:18:53,27869848
391,2013-05-02,Thu,8011,329949530986512385,7,gusbaratta,"['Never', 'trust', 'a', 'journalist', 'that', 'doesnt', 'ask', 'the', 'Cyprus', 'question', 'unless', 'its', 'your', 'mother']",[],13:24:33,27869848
392,2013-04-30,Tue,8011,329299222346227712,11,gusbaratta,"['So', 'Russian', 'money', 'in', 'Cyprus', 'was', 'evil', 'tax', 'evasion', 'while', 'Apple', 'distributing', 'its', 'untaxed', 'revenues', 'is', 'a', 'wonderfully', 'clean', 'deal', 'Meh']",[],18:20:27,27869848
393,2013-04-29,Mon,8011,328916731223482369,4,gusbaratta,"['Italy', 'will', 'save', 'big', 'in', 'interest', 'on', 'debt', 'vs', 'what', 'was', 'budgeted', 'RT', '@chrisadamsmkts', 'Italy', 'sells', '5', 'year', 'debt', 'at', 'lowest', 'yield', 'since', 'October', '2010']",[],17:00:34,27869848
