0,2014-09-28,Sun,5535,516029221236654080,1,kevindepew,"['What', 'would', 'be', 'better', 'than', 'a', 'flu', 'shot', 'is', 'a', 'good', 'licking', 'your', 'phone', 'screen', 'vaccine']",[],00:58:48,17234141
1,2014-09-27,Sat,5535,515990693870075907,0,kevindepew,"['Call', 'me', 'old', 'fashioned', 'but', 'unless', 'your', 'name', 'is', 'Woody', 'Guthrie', 'a', 'man', 'with', 'a', 'guitar', 'has', 'no', 'business', 'singing', 'on', 'a', 'boxcar', 'to', 'us', 'modern', 'hoboes']",[],22:25:42,17234141
2,2014-09-27,Sat,5535,515983278659338240,0,kevindepew,"['Wow', 'look', 'at', 'hows', 'my', 'people', 'came', 'in', 'here', 'with', 'their', 'spousesignificant', 'others', 'today']",[],21:56:14,17234141
3,2014-09-27,Sat,5535,515952024761139201,0,kevindepew,"['Ill', 'admit', 'until', 'this', 'George', 'Clooney', 'marriage', 'news', 'Id', 'never', 'really', 'considered', 'how', 'much', 'Id', 'like', 'to', 'marry', 'George', 'Clooney', 'Huh']",[],19:52:03,17234141
4,2014-09-27,Sat,5535,515914044960952320,0,kevindepew,"['Americans', 'know', 'so', 'little', 'history', 'Always', 'amazed', 'by', 'how', 'few', 'people', 'in', 'a', 'random', 'bar', 'can', 'say', 'when', 'Jack', 'Daniels', 'was', 'president']",[],17:21:08,17234141
5,2014-09-27,Sat,5535,515905297664446464,0,kevindepew,"['Most', 'baseball', 'games', 'this', 'year', 'should', 'be', 'sudden', 'death']",[],16:46:22,17234141
6,2014-09-27,Sat,5535,515899123661561856,2,kevindepew,"['The', 'fact', 'that', '999', 'yard', 'TD', 'drive', 'did', 'not', 'end', 'with', 'a', 'fumble', 'in', 'the', 'end', 'zone', 'confirms', 'the', 'Kentucky', 'football', 'curse', 'is', 'finally', 'over', 'BBN']",[],16:21:50,17234141
7,2014-09-26,Fri,5535,515632757046001664,0,kevindepew,"['One', 'thing', 'Pirates', 'Booty', 'could', 'do', 'is', 'make', 'a', 'documentary', 'to', 'show', 'how', 'much', 'Pirates', 'Booty', 'a', 'guy', 'can', 'consume', 'because', 'it', 'is', 'infinite']",[],22:43:23,17234141
8,2014-09-26,Fri,5535,515572084899340288,0,kevindepew,"['Man', 'already', 'time', 'for', 'my', 'annual', 'Flu', 'organ', 'removal', 'shot', 'This', 'is', 'the', 'part', 'I', 'hate', 'most', 'about', 'having', 'a', 'primary', 'care', 'physician', 'in', 'Moldova']",[],18:42:18,17234141
9,2014-09-26,Fri,5535,515543102057349120,1,kevindepew,"['Looking', 'forward', 'to', 'the', '2015', 'Times', 'Square', 'opening', 'of', 'Derek', 'Jeter2', '2port2', 'Bar']",[],16:47:08,17234141
10,2014-09-26,Fri,5535,515496237823717376,0,kevindepew,"['Im', 'officially', 'removing', 'my', 'name', 'from', 'the', 'hat', 'as', 'Pimco', 'CIO', 'I', 'dont', 'need', 'the', 'kind', 'of', 'stress', 'that', 'comes', 'with', 'not', 'knowing', 'what', 'a', 'Pimco', 'CIO', 'is']",[],13:40:55,17234141
11,2014-09-26,Fri,5535,515306042268590081,0,kevindepew,"['Was', 'unorthodox', 'sure', 'But', 'football', 'is', 'a', 'game', 'of', 'inches', 'And', 'no', 'one', 'ever', 'lost', 'an', 'inch', 'on', 'a', 'fair', 'catch', 'Genius', 'The', 'game', 'misses', 'guys', 'like', 'him']",[],01:05:09,17234141
12,2014-09-26,Fri,5535,515305637254037504,0,kevindepew,"['Against', 'the', 'Eagles', 'once', 'Fair', 'Catch', 'Donaldson', 'called', 'for', 'a', 'fair', 'catch', 'and', 'the', 'Eagles', 'had', 'only', '3', 'men', 'on', 'the', 'field']",[],01:03:32,17234141
13,2014-09-26,Fri,5535,515305038538084352,0,kevindepew,"['With', 'Fair', 'Catch', 'Donaldson', 'you', 'always', 'knew', 'want', 'you', 'were', 'gonna', 'get', 'In', 'a', 'game', 'like', 'football', 'filled', 'with', 'randomness', 'thats', 'important']",[],01:01:09,17234141
14,2014-09-26,Fri,5535,515304864470294528,0,kevindepew,"['Fair', 'Catch', 'Donaldson', 'wasnt', 'flashy', 'He', 'always', 'called', 'for', 'a', 'fair', 'catch', 'But', 'he', 'was', 'reliable', 'consistent']",[],01:00:28,17234141
15,2014-09-26,Fri,5535,515304447279632385,0,kevindepew,"['One', 'NFL', 'player', 'from', 'the', '1980s', 'you', 'never', 'hear', 'much', 'about', 'is', 'Freddy', 'Fair', 'Catch', 'Donaldson']",[],00:58:48,17234141
16,2014-09-25,Thu,5535,515269946025463809,2,kevindepew,"['This', 'piece', 'about', 'Phil', 'Hartman', 'by', '@johnlingan', 'is', 'so', 'good', 'So', 'Normal', 'It', 'Hurts', 'The', 'Triumph', 'And', 'Tragedy', 'Of', 'Phil', 'Hartman']",[],22:41:43,17234141
17,2014-09-25,Thu,5535,515229353115136000,1,kevindepew,"['On', 'the', 'next', 'episode', 'of', 'Cooking', 'Sad', 'Kevin', 'will', 'use', 'a', 'package', 'of', 'microwave', 'popcorn', 'oatmeal', 'and', 'tomato', 'paste', 'to', 'make', 'an', 'eggless', 'frittata']",[],20:00:24,17234141
18,2014-09-25,Thu,5535,515221970557095936,0,kevindepew,"['People', 'from', 'Quebec', 'arent', 'eligible', 'to', 'win', 'the', 'New', 'Yorker', 'caption', 'contest', 'Do', 'you', 'guys', 'understand', 'what', 'a', 'huge', 'edge', 'this', 'is', 'for', 'us']",[],19:31:04,17234141
19,2014-09-25,Thu,5535,515212727384813568,1,kevindepew,"['I', 'feel', 'bad', 'for', 'when', 'VP', 'Biden', 'comes', 'to', 'NYC', 'and', 'nobody', 'stops', 'like', 'for', 'the', 'president', 'and', 'they', 'just', 'give', 'him', 'the', 'little', 'paper', '2', 'hour', 'metro', 'card']",[],18:54:21,17234141
20,2014-09-25,Thu,5535,515208189529559041,0,kevindepew,"['Are', 'there', 'any', 'good', 'websites', 'devoted', 'solely', 'to', 'making', 'microwaveable', 'foods', 'without', 'a', 'microwave']",[],18:36:19,17234141
21,2014-09-25,Thu,5535,515181607767248897,1,kevindepew,"['Its', 'just', 'so', 'hard', 'to', 'predict', 'which', 'collectible', 'soiled', 'clothing', 'will', 'be', 'popular', '20', 'years', 'from', 'now']",[],16:50:41,17234141
22,2014-09-25,Thu,5535,515181323871592448,1,kevindepew,"['The', 'Yankees', 'selling', 'soiled', 'Derek', 'Jeter', 'socks', 'for', '$400', 'each', 'makes', 'me', 'wish', 'Id', 'kept', 'my', 'massive', 'collection', 'of', 'soiled', 'sports', 'clothing']",[],16:49:33,17234141
23,2014-09-25,Thu,5535,515136488091443200,0,kevindepew,"['So', 'I', 'decided', 'to', 'launch', 'a', 'shirting', 'company', 'marketed', 'exclusively', 'for', 'men', 'who', 'wear', 'their', 'shirts', 'untucked', 'Haha', 'Hahaha', 'Hahahahaha']",[],13:51:24,17234141
24,2014-09-24,Wed,5535,514916260178440193,1,kevindepew,"['What', 'to', 'Do', 'If', 'You', 'See', 'Me', 'Crying', 'on', 'the', 'Subway']",[],23:16:17,17234141
25,2014-09-24,Wed,5535,514593850468618240,0,kevindepew,"['Whatever', 'you', 'do', 'dont', 'talk', 'to', 'that', 'guy', 'with', 'the', 'giant', 'orange', 'head', 'friend']",[],01:55:09,17234141
26,2014-09-24,Wed,5535,514593635850256385,0,kevindepew,"['Nope', 'That', 'didnt', 'work', 'either']",[],01:54:18,17234141
27,2014-09-24,Wed,5535,514593518413946880,0,kevindepew,"['Probably', 'need', 'to', 'go', 'in', 'with', 'Can', 'You', 'Believe', 'These', '3', 'Things', 'About', 'My', 'Friend', 'With', 'A', 'Giant', 'Orange', 'Head']",[],01:53:50,17234141
28,2014-09-24,Wed,5535,514593182341169153,0,kevindepew,"['Look', 'thats', 'fair', 'People', 'have', 'a', 'low', 'tolerance', 'for', 'long', 'stories', 'Might', 'be', 'a', 'headline', 'issue']",[],01:52:30,17234141
29,2014-09-24,Wed,5535,514592885216649216,1,kevindepew,"['Starting', 'to', 'realize', 'when', 'you', 'ask', 'someone', 'Hey', 'you', 'heard', 'about', 'my', 'friend', 'with', 'a', 'giant', 'orange', 'head', 'the', 'knee', 'jerk', 'reaction', 'is', 'hell', 'no']",[],01:51:19,17234141
30,2014-09-24,Wed,5535,514589981311262721,0,kevindepew,"['My', '6yo', 'thinks', 'the', 'Giant', 'Orange', 'Head', 'joke', 'is', 'hilarious', 'She', 'gets', 'it', 'Shes', 'like', 'daddy', 'tell', 'the', 'story', 'about', 'the', 'guy', 'with', 'the', 'big', 'orange', 'head']",[],01:39:46,17234141
31,2014-09-24,Wed,5535,514589173228273665,0,kevindepew,"['The', 'New', 'Yorkers', 'never', 'wanna', 'hear', 'the', 'Giant', 'Orange', 'Head', 'joke', 'cause', 'they', 'got', 'no', 'patience', 'Its', 'like', 'a', '5-7', 'minute', 'joke']",[],01:36:34,17234141
32,2014-09-24,Wed,5535,514586694646243328,0,kevindepew,"['Three', 'people', 'thought', 'it', 'was', 'a', 'funny', 'joke', 'Those', 'were', 'the', 'two', 'good', 'bars']",[],01:26:43,17234141
33,2014-09-24,Wed,5535,514586016372760577,0,kevindepew,"['Ive', 'told', 'the', '@OldStrings', 'Giant', 'Orange', 'Head', 'joke', 'in', '7', 'different', 'bars', 'today']",[],01:24:01,17234141
34,2014-09-23,Tue,5535,514235657502613504,0,kevindepew,"['These', 'people', 'and', 'their', 'bagpipes']",[],02:11:49,17234141
35,2014-09-23,Tue,5535,514235033633452032,0,kevindepew,"['Im', 'skeptical', 'that', 'bagpipers', 'will', 'scare', 'a', 'terrorist', 'organization']",[],02:09:20,17234141
36,2014-09-23,Tue,5535,514234825507872768,1,kevindepew,"['This', 'guy', 'swears', 'these', 'bagpipe', 'people', 'will', 'scare', 'the', 'hell', 'out', 'of', 'ISIS', 'I', 'dont', 'know']",[],02:08:31,17234141
37,2014-09-23,Tue,5535,514230105154285568,2,kevindepew,['JETS'],[],01:49:45,17234141
38,2014-09-22,Mon,5535,514154373350703104,1,kevindepew,"['Spent', 'all', 'day', 'eating', 'in', 'Fidi', 'because', 'of', 'FoodWallStreet', 'Feel', 'like', 'such', 'a', 'fool']",[],20:48:49,17234141
39,2014-09-22,Mon,5535,513899525342502912,1,kevindepew,"['People', 'are', 'like', 'holy', 'shit', 'he', 'speled', 'Ben', 'Roethlisberger', 'correctly', 'but', 'not', 'spelled', 'WTF']",[],03:56:09,17234141
40,2014-09-22,Mon,5535,513898335078723585,0,kevindepew,"['Hey', 'I', 'was', 'just', 'drinking', 'with', 'that', 'guy', 'every', 'person', 'who', 'just', 'saw', 'Ben', 'Roethlisberger', 'on', 'TV', 'just', 'now']",[],03:51:25,17234141
41,2014-09-22,Mon,5535,513896618513686528,0,kevindepew,"['FF', 'my', 'hairy', 'brother', '@KerryDepew']",[],03:44:36,17234141
42,2014-09-22,Mon,5535,513889561701675009,0,kevindepew,"['You', 'could', 'put', 'on', 'my', 'tombstone', 'This', 'guy', 'hated', 'the', 'dead', 'but', 'now', 'he', 'is', 'Go', 'figure']",[],03:16:33,17234141
43,2014-09-22,Mon,5535,513888805724905473,0,kevindepew,"['I', 'dont', 'like', 'how', 'that', 'dude', 'loves', 'the', 'greatful', 'dead', 'so', 'much', 'I', 'hate', 'the', 'dead']",[],03:13:33,17234141
44,2014-09-22,Mon,5535,513888070236913664,0,kevindepew,"['This', 'is', 'remarkable', 'People', 'would', 'say', 'Hell', 'Kevin', 'thats', 'remarkable']",[],03:10:38,17234141
45,2014-09-22,Mon,5535,513856209812979712,2,kevindepew,"['When', 'a', 'person', 'commits', 'Twittercide', 'the', 'grief', 'is', 'as', 'real', 'as', 'when', 'someone', 'dies', 'IRL']",[],01:04:02,17234141
46,2014-09-22,Mon,5535,513854358493360128,0,kevindepew,"['Yall', 'make', 'good', 'Instagrams', 'I', 'like', 'your', 'photos']",[],00:56:40,17234141
47,2014-09-21,Sun,5535,513818994609225728,0,kevindepew,"['You', 'know', 'you', 'know', 'spits', 'a', 'couple', 'teeth', 'JERRY', 'ITS', 'JERRY', 'RICE', 'DUMBASS', 'couple', 'more', 'punches', 'for', 'fun', 'Ok', 'My', 'bad']",[],22:36:09,17234141
48,2014-09-21,Sun,5535,513817175535403008,0,kevindepew,"['Good', 'job', 'Jerry', 'Rice', 'Not', 'being', 'Ray', 'Rice', 'learning']",[],22:28:55,17234141
49,2014-09-21,Sun,5535,513813635677040640,15,kevindepew,"['Look', 'at', 'this', 'guy', 'with', 'a', 'Ray', 'Rice', 'jersey', 'Tackled', 'him', 'and', 'smashed', 'his', 'hat', 'Also', 'learned', 'who', 'Jerry', 'Rice', 'is']",[],22:14:51,17234141
50,2014-09-21,Sun,5535,513794286350249984,0,kevindepew,"['Writers', 'block', 'for', 'me', 'lasts', 'for', 'months', 'Its', 'debilitating', 'Im', 'not', 'sure', 'twitter', 'helps', 'this', 'It', 'seems', 'to', 'compound', 'it']",[],20:57:58,17234141
51,2014-09-21,Sun,5535,513792015835074560,0,kevindepew,"['This', 'is', 'only', 'an', 'average', 'day', 'Id', 'call', 'this', 'day', 'average', 'at', 'best', 'Its', 'grayish', 'Terrible', 'peoples', 'climate', 'march']",[],20:48:57,17234141
52,2014-09-21,Sun,5535,513790140620476416,0,kevindepew,"['If', 'youre', 'like', 'me', 'and', 'think', 'writing', 'something', 'a', 'story', 'a', 'song', 'is', 'hard', 'then', 'thats', 'pretty', 'damn', 'impressive', 'He', 'was', 'effortless', 'about', 'it']",[],20:41:29,17234141
53,2014-09-21,Sun,5535,513789630446317568,0,kevindepew,"['Saw', 'a', 'Ryan', 'Adams', 'thing', 'a', 'few', 'years', 'ago', 'on', 'TV', 'Wasnt', 'about', 'him', 'he', 'was', 'just', 'on', 'it', 'Some', 'PBS', 'thing', 'He', 'wrote', 'a', 'song', 'on', 'spot', 'in', 'like', '30', 'seconds']",[],20:39:28,17234141
54,2014-09-21,Sun,5535,513788848502231041,0,kevindepew,"['Now', 'this', 'is', 'a', 'song', 'Am', 'I', 'Safe', 'Ryan', 'Adams', 'NowPlaying']",[],20:36:21,17234141
55,2014-09-21,Sun,5535,513778393461325824,0,kevindepew,"['If', 'you', 'go', 'to', 'Drew', 'University', 'and', 'major', 'in', 'art', 'youve', 'grammatically', 'already', 'graduated']",[],19:54:49,17234141
56,2014-09-21,Sun,5535,513775365454831617,0,kevindepew,"['I', 'dont', 'think', 'we', 'could', 'get', 'so', 'many', 'people', 'to', 'march', 'for', 'UFOs', 'though']",[],19:42:47,17234141
57,2014-09-21,Sun,5535,513775265311629314,1,kevindepew,"['Its', 'hard', 'to', 'say', 'whether', 'were', 'talking', 'about', 'climate', 'or', 'UFOs', 'now', 'To', 'me', 'they', 'are', 'the', 'same']",[],19:42:23,17234141
58,2014-09-21,Sun,5535,513773386523492352,1,kevindepew,"['Its', 'true', 'I', 'didnt', 'believe', 'in', 'UFOs', 'either', 'but', 'after', 'you', 'ride', 'on', 'one', 'well', 'whos', 'to', 'say', 'whats', 'real', 'anymore', 'Except', 'climate']",[],19:34:55,17234141
59,2014-09-21,Sun,5535,513772786473795585,1,kevindepew,"['It', 'really', 'makes', 'you', 'wonder', 'about', 'the', 'anti-climate', 'people', 'Are', 'they', 'like', 'astronauts', 'or', 'something', 'Who', 'doesnt', 'want', 'climate']",[],19:32:32,17234141
60,2014-09-21,Sun,5535,513771223206342656,4,kevindepew,"['For', 'a', 'long', 'time', 'I', 'didnt', 'believe', 'in', 'climate', 'But', 'when', 'you', 'see', 'so', 'many', 'people', 'marching', 'for', 'it', 'And', 'then', 'go', 'out', 'into', 'the', 'climate', 'Its', 'real']",[],19:26:19,17234141
61,2014-09-21,Sun,5535,513770099208388610,1,kevindepew,"['Just', 'went', 'outside', 'The', 'peoples', 'climate', 'march', 'is', 'working']",[],19:21:51,17234141
62,2014-09-21,Sun,5535,513769461766438912,0,kevindepew,"['Today', 'was', 'going', 'to', 'be', 'the', 'day', 'I', 'didnt', 'take', 'no', 'guff', 'Damnit']",[],19:19:19,17234141
63,2014-09-21,Sun,5535,513539517589241856,0,kevindepew,"['Gonna', 'ask', 'these', 'guys', 'if', 'they', 'take', 'any', 'guff']",[],04:05:36,17234141
64,2014-09-21,Sun,5535,513538785670615040,1,kevindepew,"['They', 'are', 'the', 'best', '@AllMyChandler', 'and', '@silvermanjacob', 'good', 'guys']",[],04:02:42,17234141
65,2014-09-21,Sun,5535,513537068711288833,0,kevindepew,"['These', 'guys', 'are', 'like', 'stop', 'taking', 'photos', 'Seriously', '@AllMyChandler', '@silvermanjacob']",[],03:55:52,17234141
66,2014-09-21,Sun,5535,513505532062470144,0,kevindepew,"['My', 'Klout', 'score', 'for', 'guff', 'is', 'ridiculous']",[],01:50:33,17234141
67,2014-09-21,Sun,5535,513505001583702016,0,kevindepew,"['Thats', 'a', 'thing', 'my', 'friend', 'Never', 'taking', 'no', 'guff', 'from', 'anybody', 'Thats', 'a', 'thing']",[],01:48:27,17234141
68,2014-09-21,Sun,5535,513504689590394881,0,kevindepew,"['But', 'this', 'one', 'guy', 'he', 'never', 'took', 'any', 'guff', 'Think', 'about', 'that', 'Think', 'about', 'never', 'taking', 'any', 'guff', 'from', 'anybody']",[],01:47:13,17234141
69,2014-09-21,Sun,5535,513504093512691712,0,kevindepew,"['Whats', 'it', 'to', 'you', 'if', 'a', 'man', 'take', 'a', 'little', 'guff', 'here', 'and', 'there', 'just', 'to', 'keep', 'the', 'peace', 'What', 'do', 'you', 'care', 'Its', 'just', 'guff']",[],01:44:51,17234141
70,2014-09-21,Sun,5535,513503859176898560,0,kevindepew,"['Anyway', 'I', 'forgot', 'what', 'I', 'was', 'gonna', 'say', 'but', 'something', 'about', 'guff', 'and', 'not', 'taking', 'it', 'but', 'well', 'all', 'take', 'it', 'Hell', 'were', 'just', 'human']",[],01:43:55,17234141
71,2014-09-21,Sun,5535,513503597737574400,0,kevindepew,"['But', 'this', 'guy', 'and', 'this', 'guff', 'of', 'which', 'he', 'did', 'not', 'once', 'ever', 'take', 'mind', 'you', 'this', 'guy', 'hes', 'gone']",[],01:42:52,17234141
72,2014-09-21,Sun,5535,513503134795444224,0,kevindepew,"['He', 'was', 'a', 'guy', 'who', 'took', 'no', 'guff', 'Even', 'from', 'people', 'on', 'the', 'internet', 'who', 'give', 'guff', 'And', 'lets', 'face', 'it', 'theres', 'a', 'lot', 'of', 'guff', 'out', 'there']",[],01:41:02,17234141
73,2014-09-21,Sun,5535,513502840476545024,0,kevindepew,"['But', 'this', 'guy', 'if', 'he', 'was', 'a', 'guy', 'even', 'he', 'took', 'no', 'guff', 'Not', 'from', 'internet', 'folks', 'like', 'you', 'and', 'me', 'anyway', 'This', 'guy', 'he', 'took', 'no', 'guff']",[],01:39:52,17234141
74,2014-09-21,Sun,5535,513502375827738624,0,kevindepew,"['A', 'guy', 'Just', 'a', 'regular', 'guy', 'Like', 'me', 'and', 'you', 'Probably', 'Theres', 'no', 'way', 'to', 'say', 'for', 'sure']",[],01:38:01,17234141
75,2014-09-21,Sun,5535,513502171372199936,0,kevindepew,"['But', 'not', 'tonight', 'No', 'sir', 'Ive', 'lost', 'a', 'friend', 'Not', 'a', 'friend', 'per', 'se', 'Hell', 'I', 'never', 'met', 'the', 'guy', 'once', 'But', 'a', 'Twiend', 'perhaps', 'A', 'dude']",[],01:37:12,17234141
76,2014-09-21,Sun,5535,513501787475968000,0,kevindepew,"['Ill', 'be', 'honest', 'with', 'you', 'guys', 'A', 'night', 'like', 'this', 'well', 'a', 'man', 'like', 'me', 'would', 'be', 'tempted', 'Hed', 'be', 'tempted', 'to', 'go', 'out', 'and', 'take', 'some', 'guff']",[],01:35:41,17234141
77,2014-09-20,Sat,5535,513444963900989440,0,kevindepew,"['I', 'like', 'the', 'vagueness', 'of', 'units', 'in', 'gambling', 'A', 'good', 'idea', 'is', 'an', 'ATM', 'that', 'only', 'dispenses', 'units']",[],21:49:53,17234141
78,2014-09-20,Sat,5535,513442082560942082,0,kevindepew,"['Look', 'I', 'couldnt', 'come', 'up', 'with', '@OldStrings', 'That', 'wasnt', 'me', 'I', 'met', 'him', 'through', '@NormsBookClub', 'and', 'appreciated', 'his', 'no', 'guff', 'approach']",[],21:38:26,17234141
79,2014-09-20,Sat,5535,513440101570195456,0,kevindepew,"['But', '@OldStrings', 'took', 'no', 'guff', 'And', 'for', 'that', 'sir', 'wherever', 'you', 'are', 'probably', 'bored', 'at', 'some', 'Texas', 'bar', 'I', 'salute', 'you']",[],21:30:34,17234141
80,2014-09-20,Sat,5535,513439803380338689,0,kevindepew,"['But', 'yall', 'know', 'that', 'We', 'know', 'that', 'Well', 'take', 'a', 'little', 'guff', 'All', 'of', 'us', 'Enough', 'to', 'keep', 'the', 'crown', 'anyway', 'The', 'entitled', 'crown', 'of', 'guff', 'servants']",[],21:29:23,17234141
81,2014-09-20,Sat,5535,513438675691397120,0,kevindepew,"['Guff', 'takes', 'no', 'prisoners', 'Guff', 'washes', 'over', 'you', 'beats', 'you', 'down', 'and', 'compels', 'you', 'to', 'act', 'in', 'a', 'guff-stricken', 'manner', 'against', 'right', 'principles']",[],21:24:54,17234141
82,2014-09-20,Sat,5535,513437725199200256,0,kevindepew,"['Not', 'for', 'guff', 'anyway', 'A', 'man', 'looks', 'into', 'the', 'abyss', 'He', 'finds', 'guff', 'staring', 'back', 'at', 'him', 'and', 'kinda', 'freaks', 'out', 'a', 'bit', 'What', 'is', 'this', 'guff']",[],21:21:07,17234141
83,2014-09-20,Sat,5535,513437280330326016,0,kevindepew,"['You', 'could', 'say', 'this', 'fellers', 'guff', 'tolerance', 'was', 'low', 'but', 'that', 'would', 'be', 'to', 'mistake', 'it', 'for', 'any', 'kind', 'of', 'tolerance', 'of', 'which', 'he', 'had', 'none']",[],21:19:21,17234141
84,2014-09-20,Sat,5535,513436051894206464,0,kevindepew,"['The', 'way', 'he', 'eschewed', 'guff', 'was', 'remarkable', 'Some', 'of', 'us', 'we', 'cant', 'get', 'enough', 'guff', 'But', 'this', 'guy', 'he', 'took', 'no', 'guff', 'Not', 'once', 'did', 'I', 'see', 'him', 'take', 'guff']",[],21:14:28,17234141
85,2014-09-20,Sat,5535,513435565610766336,0,kevindepew,"['What', 'is', 'guff', 'anyway', 'Whatever', 'The', 'fella', 'didnt', 'take', 'none', 'And', 'he', 'was', 'an', 'inspiration', 'to', 'all', 'of', 'us', 'guff', 'addicts']",[],21:12:32,17234141
86,2014-09-20,Sat,5535,513433973100646400,0,kevindepew,"['Depressed', 'my', 'friend', '@OldStrings', 'committed', 'Twittercide', 'Miss', 'the', 'old', 'crotchety', 'guy', 'cc', '@normmacdonald']",[],21:06:12,17234141
87,2014-09-20,Sat,5535,513427718063808512,1,kevindepew,"['What', 'about', 'under', 'this', 'rock', 'Is', 'it', 'a', 'stock', 'tip', 'Nothin', 'Damnit']",[],20:41:21,17234141
88,2014-09-20,Sat,5535,513427373803720706,5,kevindepew,"['This', 'NYSE', 'sculpture', 'is', 'basically', 'just', 'naked', 'men', 'with', 'their', 'penises', 'hanging', 'out', 'looking', 'for', 'stock', 'tips']",[],20:39:59,17234141
89,2014-09-20,Sat,5535,513394677861466112,2,kevindepew,"['World', 'famous', 'gambling', 'hall']",[],18:30:04,17234141
90,2014-09-20,Sat,5535,513343940368826368,0,kevindepew,"['Looks', 'like', 'my', 'Home', 'Depot', 'card', 'was', 'compromised', 'in', 'the', 'data', 'breach', 'A', 'buncha', 'guys', 'are', 'in', 'my', 'apartment', 'trying', 'to', 'build', 'an', 'outdoor', 'deck']",[],15:08:27,17234141
91,2014-09-20,Sat,5535,513133791511326720,0,kevindepew,['Canadials'],[],01:13:24,17234141
92,2014-09-20,Sat,5535,513131137607417857,0,kevindepew,"['Guys', 'Im', 'just', 'trying', 'to', 'drink', 'a', 'beer', 'I', 'dont', 'need', 'Ok', 'stop', 'Harry', 'stop', 'Donnn', 'Stop', 'Wait', 'Harry', 'Donnn', 'JUST', 'STOP', 'JESUS']",[],01:02:51,17234141
93,2014-09-20,Sat,5535,513130806232248320,0,kevindepew,"['Here', 'let', 'me', 'help', 'you', 'with', 'that', 'Kevin', 'Harry', 'wait', 'lets', 'both', 'help', 'Kevin', 'Good', 'idea', 'Kevin', 'let', 'me', 'and', 'Donnn', 'help', 'you', 'with', 'that']",[],01:01:32,17234141
94,2014-09-20,Sat,5535,513128925246287873,1,kevindepew,"['Hanging', 'out', 'with', 'my', 'Canadial', 'friends', 'Harry', 'and', 'Donnn', 'sp', 'tonight']",[],00:54:03,17234141
95,2014-09-20,Sat,5535,513123178596810752,1,kevindepew,"['The', 'purest', 'form', 'of', 'a', 'human', 'right', 'now', 'is', 'probably', 'a', 'Canadian', 'Millennial', 'A', 'humble', 'friendly', 'person', 'who', 'likes', 'beer', 'and', 'the', 'climate', 'A', 'Canadial']",[],00:31:13,17234141
96,2014-09-19,Fri,5535,513114828664483840,1,kevindepew,"['I', 'like', 'that', 'new', 'Ryan', 'Adams', 'release', 'except', 'that', 'one', 'song', 'where', 'he', 'turns', 'into', 'Bruce', 'Springsteen']",[],23:58:03,17234141
97,2014-09-19,Fri,5535,513060072596201474,0,kevindepew,"['That', 'football', 'chief', 'guy', 'looks', 'like', 'if', 'you', 'saw', 'him', 'on', 'the', 'street', 'youd', 'think', 'hey', 'that', 'guy', 'looks', 'like', 'he', 'should', 'be', 'in', 'charge', 'of', 'football']",[],20:20:28,17234141
98,2014-09-19,Fri,5535,512803650532421632,0,kevindepew,"['Come', 'on', 'son', 'this', 'the', 'Inn', 'Eff', 'Ale']",[],03:21:32,17234141
99,2014-09-19,Fri,5535,512801836177162240,1,kevindepew,"['It', 'might', 'seem', 'promising', 'Tampa', 'Bay', 'but', 'I', 'assure', 'you', 'this', 'will', 'only', 'serve', 'to', 'anger', 'the', 'Lovie', 'Smith', 'Football', 'Gods']",[],03:14:19,17234141
100,2014-09-19,Fri,5535,512801077196890113,1,kevindepew,"['On', 'the', 'one', 'hand', 'you', 'have', 'to', 'respect', 'how', 'Lovie', 'Smith', 'handles', 'the', 'situation', 'by', 'simply', 'refusing', 'to', 'talk', 'to', 'anyone']",[],03:11:18,17234141
101,2014-09-19,Fri,5535,512799615892979712,0,kevindepew,"['EVEN', 'A', 'BRAT', 'YES', 'EVEN', 'A', 'BRAT', 'PURCHASE', 'IS', 'ELIGIBLE', 'TO', 'SCORE', 'A', 'TOUCHDOWN', 'OR', 'POSSIBLY', 'A', 'FIELD', 'GOAL', 'AGAINST', 'THE', 'NFL', 'TAMPA', 'BAY', 'BUCCANEERS']",[],03:05:30,17234141
102,2014-09-19,Fri,5535,512799270945038336,6,kevindepew,"['FANS', 'ANYONE', 'IN', 'ATTENDANCE', 'WHO', 'PURCHASES', 'A', 'HOT', 'DOG', 'IN', 'THE', '4TH', 'QUARTER', 'IS', 'ELIGIBLE', 'TO', 'SCORE', 'A', 'TOUCHDOWN', 'AGAINST', 'THE', 'NFL', 'TAMPA', 'BAY', 'BUCCANEERS']",[],03:04:08,17234141
103,2014-09-19,Fri,5535,512793967847436288,0,kevindepew,"['The', 'Falcons', 'may', 'score', '70', 'points', 'tonight']",[],02:43:03,17234141
104,2014-09-19,Fri,5535,512788980757041153,0,kevindepew,"['The', 'way', 'the', 'Atlanta', 'Falcons', 'are', 'playing', 'theres', 'no', 'way', 'Florida', 'A', 'ampM', 'can', 'come', 'back', 'from', 'this', 'deficit']",[],02:23:14,17234141
105,2014-09-19,Fri,5535,512785481365352448,1,kevindepew,"['No', 'matter', 'the', 'outcome', 'remember', 'the', 'best', 'votes', 'were', 'cast', '24', 'years', 'ago', 'In', 'these', 'oak', 'casks', 'Free', 'Whiskey', 'Ad', 'Copy']",[],02:09:20,17234141
106,2014-09-19,Fri,5535,512781829724590081,0,kevindepew,"['The', 'Cochranes', 'in', 'my', 'family', 'are', 'celebrating', 'Those', 'crazy', 'Cochranes', 'They', 'didnt', 'even', 'know', 'there', 'was', 'a', 'vote', 'Its', 'Thursday', 'is', 'all']",[],01:54:49,17234141
107,2014-09-19,Fri,5535,512768347956457473,1,kevindepew,"['Just', 'told', 'the', 'sommelier', 'at', 'this', 'restaurant', 'My', 'name', 'is', 'Kevin', 'Depardieu', 'if', 'ya', 'know', 'what', 'I', 'mean', 'Heh', 'He', 'nodded']",[],01:01:15,17234141
108,2014-09-18,Thu,5535,512698937598160898,0,kevindepew,"['I', 'will', 'not', 'apologize']",[],20:25:26,17234141
109,2014-09-18,Thu,5535,512698858908835840,3,kevindepew,"['The', 'CEO', 'of', 'Clorox', 'should', 'never', 'step', 'down', 'only', 'fade', 'away']",[],20:25:08,17234141
110,2014-09-18,Thu,5535,512587570619121665,0,kevindepew,"['Bob', 'is', 'there', 'anything', 'specific', 'related', 'to', 'climate', 'theyre', 'marching', 'for', 'Not', 'really', 'Liz', 'Just', 'climate', 'Ok', 'then']",[],13:02:54,17234141
111,2014-09-18,Thu,5535,512587344785211392,0,kevindepew,"['What', 'are', 'they', 'marching', 'for', 'Bob', 'Climate', 'Liz', 'Theyre', 'marching', 'for', 'climate']",[],13:02:01,17234141
112,2014-09-18,Thu,5535,512587232298139648,0,kevindepew,"['Lets', 'go', 'to', '71st', 'and', 'Central', 'Park', 'West', 'Bob', 'whats', 'happening', 'As', 'you', 'can', 'see', 'behind', 'me', 'Liz', 'people', 'are', 'marching']",[],13:01:34,17234141
113,2014-09-18,Thu,5535,512570409632665601,0,kevindepew,"['Overheard', 'some', 'folks', 'on', 'the', 'subway', 'talking', 'about', 'a', 'big', 'Peoples', 'Clamato', 'Brunch', 'this', 'Sunday']",[],11:54:43,17234141
114,2014-09-17,Wed,5535,512072720058957824,0,kevindepew,"['He', 'took', 'to', 'drink', 'a', 'pale', 'riposte', 'to', 'his', 'bitter', 'melancholy', 'felt', 'upon', 'his', 'fathers', 'yacht']",[],02:57:04,17234141
115,2014-09-17,Wed,5535,512072397022052352,3,kevindepew,"['I', 'dont', 'know', 'about', 'you', 'guys', 'but', 'this', 'Life', 'Aquatic', 'Darjeeling', 'Royal', 'Roosevelts', 'documentary', 'by', 'Wes', 'Burns', 'Anderson', 'is', 'riveting']",[],02:55:47,17234141
116,2014-09-16,Tue,5535,511970359525277696,2,kevindepew,"['Just', 'heard', 'an', 'ad', 'on', 'the', 'radio', 'for', 'hearing', 'aids', 'Someone', 'actually', 'had', 'to', 'pitch', 'that', 'Thinking', 'out', 'of', 'the', 'box', 'here', 'but', 'what', 'a', 'radio', 'spot']",[],20:10:20,17234141
117,2014-09-16,Tue,5535,511944081162121216,1,kevindepew,"['Everything', 'seems', 'ok', 'to', 'me']",[],18:25:55,17234141
118,2014-09-15,Mon,5535,511312217095286784,1,kevindepew,"['Could', 'there', 'be', 'a', 'link', 'between', 'tightly', 'wound', 'control', 'freak', 'coaches', 'who', 'take', 'little', 'or', 'no', 'pleasure', 'from', 'success', 'and', 'players', 'who', 'Nah']",[],00:35:06,17234141
119,2014-09-15,Mon,5535,511307757015015424,1,kevindepew,"['I', 'have', 'an', 'idea']",[],00:17:23,17234141
120,2014-09-15,Mon,5535,511307725129936896,0,kevindepew,"['Can', 'one', 'of', 'you', 'put', 'Steve', 'Krofts', 'Whitey', 'Bulger', 'intro', 'catching', 'a', 'career', 'criminal', 'with', 'a', 'boob', 'job', 'and', 'an', 'alley', 'cat', 'on', 'an', 'audio', 'loop', 'for', 'me']",[],00:17:15,17234141
121,2014-09-15,Mon,5535,511305105342480385,1,kevindepew,"['Do', 'not', 'open', 'until', 'Sept', '14', '2067', 'Hi', 'its', 'possible', 'youre', 'about', 'to', 'watch', 'a', 'documentary', 'by', 'filmmaker', 'Ken', 'Burns', 'IV', 'called', 'The', 'Bushs']",[],00:06:51,17234141
122,2014-09-14,Sun,5535,511294651132047360,0,kevindepew,"['After', 'earlier', '12', 'men', 'on', 'field', 'penalty', 'Ryan', 'and', 'Jets', 'go', 'with', 'just', '10', 'to', 'play', 'it', 'safe']",[],23:25:18,17234141
123,2014-09-14,Sun,5535,511286939103035393,0,kevindepew,"['Blame', 'Smith', 'for', 'the', 'INT', 'but', 'that', 'just', 'put', 'the', 'Packers', 'on', 'their', 'own', '2', 'This', 'is', 'a', 'classic', 'Ryan', 'meltdown']",[],22:54:40,17234141
124,2014-09-14,Sun,5535,511284970275766272,0,kevindepew,"['Another', 'classic', 'Rex', 'Ryan-coached', 'meltdown']",[],22:46:50,17234141
125,2014-09-14,Sun,5535,511262209595691008,0,kevindepew,"['Is', 'Greg', 'Gumbel', 'doing', 'Jets-Packers', 'play-by-play', 'from', 'the', 'parking', 'lot', 'Every', 'play', 'is', 'wrong']",[],21:16:24,17234141
126,2014-09-14,Sun,5535,511229336901672960,65,kevindepew,"['Just', 'got', 'a', 'push', 'ad', 'Stop', 'living', 'with', 'hair', 'loss', 'Im', 'no', 'psychiatrist', 'but', 'seems', 'wrong', 'to', 'tell', 'bald', 'guys', 'to', 'kill', 'themselves']",[],19:05:46,17234141
127,2014-09-14,Sun,5535,511219459634528256,0,kevindepew,"['Bortles', 'looking', 'for', 'Shorts', 'Touchdown', 'Just', 'practicing']",[],18:26:31,17234141
128,2014-09-14,Sun,5535,510990126869405696,0,kevindepew,"['Kentucky', 'defeats', 'Florida', '375', 'to', '20', 'but', 'they', 'will', 'keep', 'playing', 'extra', 'for', 'some', 'SEC', 'rule', 'Great', 'road', 'victory', 'for', 'the', 'Wildcats']",[],03:15:14,17234141
129,2014-09-14,Sun,5535,510987558940323840,0,kevindepew,"['Kentucky', 'should', 'take', 'a', 'knee', 'here', 'to', 'protect', 'the', 'under']",[],03:05:02,17234141
130,2014-09-14,Sun,5535,510987077140615169,0,kevindepew,"['Surprised', 'Kentucky', 'sent', 'all', 'out', 'blitz', 'on', 'that', '4th', 'down', 'with', 'the', 'game', 'wrapped', 'up', 'last', 'this']",[],03:03:07,17234141
131,2014-09-14,Sun,5535,510985886272872448,0,kevindepew,"['Kentucky', 'nails', 'an', 'improbable', '50', 'yard', 'FG', 'to', 'extend', 'lead', 'over', 'Florida', 'to', 'an', 'insurmountable', '375', 'to', '20', 'with', 'a', 'little', 'more', 'than', '3', 'minutes', 'left']",[],02:58:23,17234141
132,2014-09-14,Sun,5535,510981132561940480,1,kevindepew,"['Florida', 'misses', 'a', 'FG', 'Unable', 'to', 'capitalize', 'on', 'Kentucky', 'turnover', 'Kentucky', 'lead', 'stands', 'at', '345', 'to', '20']",[],02:39:30,17234141
133,2014-09-14,Sun,5535,510977043035877376,0,kevindepew,"['Florida', 'with', 'a', 'big', 'return', 'gets', 'good', 'field', 'position', 'and', 'cuts', 'Kentuckys', 'lead', 'to', '345', 'to', '20']",[],02:23:15,17234141
134,2014-09-14,Sun,5535,510974746323087360,0,kevindepew,"['Just', 'like', 'that', 'Kentucky', 'extends', 'lead', 'over', 'Florida', 'to', '345', 'to', '13', 'Good', 'response', 'when', 'pressed', 'by', 'Gators']",[],02:14:07,17234141
135,2014-09-14,Sun,5535,510974444320587776,0,kevindepew,"['Kentucky', 'has', 'a', 'QB', 'PT', 'Patrick', 'Towles']",[],02:12:55,17234141
136,2014-09-14,Sun,5535,510973626821390336,0,kevindepew,"['Kentucky', 'playing', 'with', 'confidence', 'though', 'Offense', 'has', 'played', 'better', 'second', 'half', 'Will', 'see', 'if', 'they', 'can', 'respond', 'and', 'extend', 'lead']",[],02:09:40,17234141
137,2014-09-14,Sun,5535,510972888946868225,0,kevindepew,"['Gators', 'immediately', 'answer', 'after', 'personal', 'foul', 'and', 'cut', 'Kentuckys', 'lead', 'to', '275', 'to', '13']",[],02:06:44,17234141
138,2014-09-14,Sun,5535,510972003172769792,0,kevindepew,"['Kentucky', 'strikes', 'back', 'to', 'extend', 'lead', 'over', 'Florida', '275', 'to', '6', 'on', '60', 'yd', 'TD']",[],02:03:13,17234141
139,2014-09-14,Sun,5535,510969762902708224,0,kevindepew,"['Florida', 'able', 'to', 'add', 'a', 'short', 'FG', 'to', 'cut', 'Kentuckys', 'lead', 'to', '205', 'to', '6', 'in', 'third', 'quarter', 'but', 'were', 'stuffed', '1st', 'amp', 'goal', 'inside', '5']",[],01:54:19,17234141
140,2014-09-14,Sun,5535,510959474593763328,0,kevindepew,"['Kentucky', 'goes', 'into', 'the', 'half', 'leading', 'at', 'Florida', '205', 'to', '3']",[],01:13:26,17234141
141,2014-09-13,Sat,5535,510840194258714624,1,kevindepew,"['You', 'veteran', 'guys', 'Simpson', 'Vick', 'Stallworth', 'Henderson', 'Meggett', 'help', 'the', 'young', 'guys', 'Show', 'them', 'how', 'we', 'prepare', 'for', 'the', 'yard']",[],17:19:27,17234141
142,2014-09-13,Sat,5535,510838970826387456,9,kevindepew,"['You', 'cant', 'possibly', 'stop', 'my', 'NFL', 'fantasy', 'prison', 'team', 'you', 'can', 'only', 'hope', 'to', 'contain', 'them', 'in', 'a', 'maximum', 'security', 'facility']",[],17:14:36,17234141
143,2014-09-13,Sat,5535,510838384362012672,0,kevindepew,"['If', 'I', 'have', 'to', 'leave', 'WR', 'open', 'I', 'will', 'No', 'way', 'Guards', 'can', 'shut', 'down', 'Rice', 'and', 'Peterson', 'let', 'alone', 'Hernandez', 'But', 'could', 'be', 'risky', 'in', 'PPR', 'leagues']",[],17:12:16,17234141
144,2014-09-13,Sat,5535,510837504178937856,9,kevindepew,"['Got', 'Rice', 'Peterson', 'RB', 'Hernandez', 'TE', 'Gordon', 'Blackmon', 'WR', 'Leaf', 'QB', 'Still', 'need', 'WR', 'flex', 'but', 'somebody', 'will', 'get', 'arrested', 'soon', 'Its', 'Sat', 'night']",[],17:08:46,17234141
145,2014-09-13,Sat,5535,510835723311005696,1,kevindepew,"['Should', 'I', 'start', 'Max', 'Hall', 'Kevin', 'Kolb', 'or', 'Ryan', 'Leaf', 'at', 'QB', 'in', 'my', 'fantasy', 'NFL', 'Prison', 'League', 'vs', 'the', 'Guards']",[],17:01:41,17234141
146,2014-09-13,Sat,5535,510807866698387458,0,kevindepew,"['The', 'fact', 'that', 'James', 'Dolans', 'songs', 'have', 'still', 'not', 'magically', 'appeared', 'in', 'my', 'iTunes', 'is', 'exactly', 'why', 'the', 'Knicks', 'stink', 'and', 'will', 'always', 'stink']",[],15:11:00,17234141
147,2014-09-13,Sat,5535,510802127904862209,0,kevindepew,"['Fact', 'Robert', 'Stack', 'was', 'one', 'of', 'the', 'greatest', 'actorarchitects', 'of', 'our', 'time', 'to', 'have', 'emerged', 'from', 'the', 'Bauhaus', 'school']",[],14:48:12,17234141
148,2014-09-13,Sat,5535,510643892404776961,0,kevindepew,"['My', 'other', 'idea', 'is', 'The', 'Hashtag', 'Schemata', 'the', 'operational', 'basis', 'for', 'Twitter', 'as', 'a', 'self-organized', 'emergent', 'religion', 'Hashtaggers', 'vs', 'Hashtagonists']",[],04:19:25,17234141
149,2014-09-13,Sat,5535,510642176179453952,0,kevindepew,"['The', 'campaign', 'is', 'that', 'effective', 'in', 'both', 'lunacy', 'and', 'subliminal', 'appeal']",[],04:12:36,17234141
150,2014-09-13,Sat,5535,510641698615992320,0,kevindepew,"['Pretty', 'soon', 'anytime', 'anyone', 'sees', 'a', 'word', 'that', 'can', 'be', 'oggined', 'whether', 'its', 'blog', 'clog', 'hog', 'whatever', 'youll', 'think', 'of', 'an', 'Egg', 'McNoggin']",[],04:10:42,17234141
151,2014-09-13,Sat,5535,510640493353775104,0,kevindepew,"['Two', 'lumberjacks', 'are', 'chopping', 'wood', 'A', 'hamburger', 'clown', 'jumps', 'out', 'Hey', 'lumberjacks', 'watchadoin', 'Were', 'just', 'loggin', 'for', 'an', 'Egg', 'McNoggin']",[],04:05:55,17234141
152,2014-09-13,Sat,5535,510638878785806336,0,kevindepew,"['Wait', 'Would', 'you', 'guys', 'rather', 'have', 'the', 'Supertramp', 'album', 'or', 'an', 'Egg', 'McNoggin', 'Cause', 'were', 'almost', 'to', 'holiday', 'time']",[],03:59:30,17234141
153,2014-09-13,Sat,5535,510638182330019840,0,kevindepew,"['I', 'think', 'I', 'got', 'drunk', 'last', 'night', 'went', 'on', 'itunes', 'and', 'downloaded', 'a', 'bunch', 'of', 'Supertramp', 'No', 'some', 'rich', 'lottery', 'guy', 'did', 'that', 'Ok', 'Whew']",[],03:56:44,17234141
154,2014-09-13,Sat,5535,510637119816355840,1,kevindepew,"['If', 'I', 'win', 'the', 'lottery', 'tonight', '500', 'million', 'iTunes', 'users', 'will', 'wake', 'up', 'tomorrow', 'with', 'Supertramps', 'Breakfast', 'in', 'America', 'lp', 'in', 'their', 'accounts']",[],03:52:31,17234141
155,2014-09-12,Fri,5535,510443453646635008,0,kevindepew,"['Which', 'is', 'quite', 'an', 'accomplishment', 'really']",[],15:02:57,17234141
156,2014-09-12,Fri,5535,510443391331872768,0,kevindepew,"['A', 'book', 'that', 'hasnt', 'aged', 'well', 'is', 'Generation', 'X', 'but', 'only', 'because', 'every', 'paragraph', 'has', 'been', 'lifted', 'and', 'appropriated', 'by', '100s', 'of', 'TV', 'movies', 'etc']",[],15:02:42,17234141
157,2014-09-12,Fri,5535,510252747476582400,1,kevindepew,"['Would', 'be', 'cool', 'if', 'someone', 'appointed', 'Danny', 'DeVito', 'to', 'arbitrate', 'this', 'whole', 'Uber', 'Lyft', 'taxi', 'war']",[],02:25:09,17234141
158,2014-09-12,Fri,5535,510229885726752768,1,kevindepew,"['Arbys', 'was', 'probably', 'just', 'upset', 'about', 'that', 'Burger', 'King', 'black', 'cheese', 'burger']",[],00:54:19,17234141
159,2014-09-11,Thu,5535,510112012190621698,0,kevindepew,"['It', 'should', 'be', 'a', 'law', 'that', 'all', 'hat', 'stores', 'have', 'to', 'be', 'called', 'The', 'Mad', 'Hatter', 'so', 'that', 'one', 'guy', 'with', 'the', 'hat', 'store', 'not', 'called', 'that', 'falls', 'into', 'line']",[],17:05:55,17234141
160,2014-09-11,Thu,5535,509898758986153984,0,kevindepew,"['Come', 'on', 'son', 'this', 'the', 'in', 'eff', 'ale']",[],02:58:32,17234141
161,2014-09-11,Thu,5535,509866159487721472,1,kevindepew,"['The', 'view', 'tonight']",[],00:48:59,17234141
162,2014-09-10,Wed,5535,509713889991589889,0,kevindepew,"['An', '80-year-old', 'idea', 'for', 'a', 'wristwatch', 'is', 'the', 'most', 'aspirational', 'our', 'culture', 'can', 'get']",[],14:43:56,17234141
163,2014-09-10,Wed,5535,509532644884111361,0,kevindepew,"['Hey', 'but', 'Im', 'not', 'gonna', 'tweet', 'any', 'vacation', 'photos', 'Saving', 'those', 'for', 'Instagram']",[],02:43:43,17234141
164,2014-09-10,Wed,5535,509532278922690561,0,kevindepew,"['Look', 'I', 'probably', 'wont', 'be', 'able', 'to', 'rise', 'to', 'this', 'standard', 'while', 'away', 'from', 'work']",[],02:42:16,17234141
165,2014-09-10,Wed,5535,509530719971213312,0,kevindepew,"['Hey', 'my', 'one', 'vacation', 'starts', 'tonight', 'so', 'I', 'may', 'not', 'be', 'able', 'to', 'tweet', 'any', 'professional', 'tweets', 'like', 'I', 'usually', 'do', 'for', 'like', 'a', 'week', 'or', 'so']",[],02:36:04,17234141
166,2014-09-09,Tue,5535,509163317882277889,0,kevindepew,"['Chargers', 'Cardinals', 'at', '1030', 'on', 'Monday', 'night', 'is', 'like', 'the', 'potato', 'skins', 'of', 'sports']",[],02:16:09,17234141
167,2014-09-09,Tue,5535,509159417515085824,0,kevindepew,"['This', 'is', 'a', 'terrible', 'New', 'York', 'Raiders', 'team']",[],02:00:39,17234141
168,2014-09-09,Tue,5535,509155590783127552,1,kevindepew,"['Youre', 'fired', 'Tom', 'Well', 'need', 'you', 'to', 'clean', 'out', 'your', 'desk', 'ok', 'I', 'expected', 'this', 'Let', 'me', 'get', 'my', 'pencil']",[],01:45:27,17234141
169,2014-09-09,Tue,5535,509155309781532672,2,kevindepew,"['Win', 'or', 'lose', 'Tom', 'Coughlin', 'probably', 'assumes', 'hes', 'fired', 'after', 'every', 'game', 'I', 'bet', 'in', 'his', 'office', 'he', 'just', 'has', 'a', 'pencil', 'in', 'his', 'desk', 'and', 'nothing', 'else']",[],01:44:20,17234141
170,2014-09-09,Tue,5535,509140629230977024,3,kevindepew,"['Every', 'day', 'the', 'NFL', 'gets', 'closer', 'to', 'that', 'much', 'anticipated', 'matchup', 'between', 'the', 'guards', 'and', 'the', 'inmates']",[],00:46:00,17234141
171,2014-09-09,Tue,5535,509139086939279361,0,kevindepew,"['The', 'Lions', 'were', 'just', 'penalized', '15', 'yards', 'for', 'halftime']",[],00:39:52,17234141
172,2014-09-08,Mon,5535,509086279439777792,2,kevindepew,"['Yeah', 'I', 'dont', 'know', 'that', 'the', 'ESPN', 'Monday', 'Night', 'Countdown', 'just', 'now', 'featuring', 'Ray', 'Lewis', 'commenting', 'on', 'Ray', 'Rice', 'was', 'well', 'thought', 'out']",[],21:10:02,17234141
173,2014-09-08,Mon,5535,509077311229267968,1,kevindepew,"['Hey', 'remember', 'that', 'other', 'Ravens', 'football', 'player', 'who', 'murdered', 'people']",[],20:34:23,17234141
174,2014-09-08,Mon,5535,509041292538826753,0,kevindepew,"['Trying', 'to', 'convince', 'my', 'friend', 'Marty', 'that', 'Tim', 'Tebow', 'and', 'Luke', 'Bryan', 'are', 'the', 'same', 'person']",[],18:11:16,17234141
175,2014-09-08,Mon,5535,509035263713349633,0,kevindepew,"['Just', 'needed', 'one', 'person', 'to', 'be', 'like', 'Yeah', 'Blake', 'no', 'Not', 'hillbilly', 'bone', 'But', 'it', 'rhymes', 'real', 'good', 'and', 'No', 'Stop', 'Not', 'hillbilly', 'bone']",[],17:47:18,17234141
176,2014-09-08,Mon,5535,509034475582681088,1,kevindepew,"['At', 'some', 'point', 'a', 'person', 'in', 'charge', 'could', 'have', 'just', 'said', 'whoa', 'whoa', 'lets', 'just', 'not', 'go', 'down', 'the', 'hillbilly', 'bone', 'path']",[],17:44:11,17234141
177,2014-09-08,Mon,5535,509033668598595585,0,kevindepew,"['I', 'dont', 'think', 'We', 'all', 'got', 'a', 'hillbilly', 'bone', 'buried', 'deep', 'inside', 'should', 'be', 'allowed', 'to', 'exist', 'as', 'a', 'song', 'lyric']",[],17:40:58,17234141
178,2014-09-08,Mon,5535,509021507272835072,0,kevindepew,"['Quicksand', 'alert', 'Beekman', '@', 'Front', 'St']",[],16:52:39,17234141
179,2014-09-08,Mon,5535,508995239571640320,0,kevindepew,"['Its', 'like', 'its', 'completely', 'unexpected', 'Wait', 'wait', 'listen', 'Drink', 'a', 'Beer', 'Wooooooooooo']",[],15:08:16,17234141
180,2014-09-08,Mon,5535,508995048118431744,0,kevindepew,"['The', 'best', 'part', 'of', 'that', 'Drink', 'a', 'Beer', 'video', 'is', 'how', 'the', 'audience', 'cheers', 'every', 'time', 'he', 'sings', 'the', 'words', 'drink', 'a', 'beer']",[],15:07:30,17234141
181,2014-09-08,Mon,5535,508988422246400000,1,kevindepew,"['If', 'you', 'didnt', 'even', 'know', 'there', 'was', 'a', 'song', 'called', 'Drink', 'a', 'Beer', 'you', 'would', 'still', 'think', 'the', 'guy', 'who', 'sings', 'it', 'would', 'be', 'called', 'Luke', 'Bryan']",[],14:41:11,17234141
182,2014-09-08,Mon,5535,508987979948646400,1,kevindepew,"['Amazing', 'song']",[],14:39:25,17234141
183,2014-09-08,Mon,5535,508987929143017472,1,kevindepew,"['Gonna', 'sit', 'right', 'hereAnd', 'drink', 'a', 'beer']",[],14:39:13,17234141
184,2014-09-08,Mon,5535,508987534337404928,0,kevindepew,"['Man', 'that', 'is', 'one', 'wistful', 'beer', 'Olde', 'Wistful', 'The', 'perfect', 'beer', 'to', 'sit', 'with', 'on', 'a', 'pier', 'And', 'watch', 'the', 'sunset', 'disappear']",[],14:37:39,17234141
185,2014-09-08,Mon,5535,508986866331574272,0,kevindepew,"['HEY', 'WOW', 'THIS', 'IS', 'LIKE', 'MAGIC']",[],14:35:00,17234141
186,2014-09-08,Mon,5535,508986631370858496,1,kevindepew,"['There', 'should', 'be', 'a', 'country', 'music', 'song', 'a', 'simple', 'little', 'song', 'about', 'a', 'guy', 'who', 'is', 'reminiscing', 'about', 'drinking', 'a', 'beer', 'Could', 'call', 'it', 'Drink', 'a', 'Beer']",[],14:34:04,17234141
187,2014-09-07,Sun,5535,508737624950202368,0,kevindepew,"['Just', 'saw', 'my', 'first', 'drone']",[],22:04:36,17234141
188,2014-09-07,Sun,5535,508710242801438720,0,kevindepew,"['This', 'guy']",[],20:15:47,17234141
189,2014-09-07,Sun,5535,508702710011817986,0,kevindepew,"['The', 'Oakland', 'Raiders', 'are', 'the', 'Washington', 'Generals', 'of', 'the', 'NFL']",[],19:45:51,17234141
190,2014-09-07,Sun,5535,508697189611487232,0,kevindepew,"['Come', 'on', 'son', 'this', 'the', 'In', 'Eff', 'Ale']",[],19:23:55,17234141
191,2014-09-07,Sun,5535,508693259934519297,0,kevindepew,"['You', 'ever', 'notice', 'how', 'almost', 'all', 'NYC', 'Dallas', 'cowboys', 'fans', 'kinda', 'look', 'like', 'tony', 'Romo']",[],19:08:18,17234141
192,2014-09-07,Sun,5535,508680292304175104,0,kevindepew,"['This', 'the', 'In', 'Eff', 'Ale']",[],18:16:47,17234141
193,2014-09-07,Sun,5535,508675032261087233,1,kevindepew,"['You', 'either', 'come', 'to', 'play', 'or', 'you', 'sit', 'and', 'pray', 'son', 'This', 'the', 'In', 'Eff', 'Ale']",[],17:55:53,17234141
194,2014-09-07,Sun,5535,508674660507344896,1,kevindepew,"['If', 'youre', 'at', 'a', 'bar', 'and', 'want', 'to', 'sound', 'cool', 'after', 'every', 'bad', 'play', 'just', 'yell', 'Come', 'on', 'son', 'This', 'the', 'In', 'Eff', 'Ale']",[],17:54:24,17234141
195,2014-09-07,Sun,5535,508658815857065984,1,kevindepew,"['When', 'you', 'wear', 'a', 'football', 'hat', 'in', 'public', 'you', 'feel', 'so', 'empowered', 'to', 'say', 'anything', 'to', 'anybody', 'because', 'their', 'punches', 'bounce', 'harmlessly', 'off', 'your', 'hat']",[],16:51:26,17234141
196,2014-09-07,Sun,5535,508657224022261760,0,kevindepew,"['Man', 'the', 'opening', 'Sunday', 'of', 'NFL', 'should', 'be', 'like', 'a', 'national', 'holiday', 'where', 'you', 'dont', 'have', 'to', 'work', 'and', 'can', 'relax', 'and', 'watch', 'all', 'the', 'games']",[],16:45:07,17234141
197,2014-09-07,Sun,5535,508647707997921280,0,kevindepew,"['Im', 'not', 'going', 'to', 'the', 'game', 'with', 'this', 'hat', 'on', 'because', 'I', 'might', 'be', 'forced', 'to', 'play', 'cornerback']",[],16:07:18,17234141
198,2014-09-07,Sun,5535,508646723066281984,0,kevindepew,"['Got', 'my', 'Jets', 'hat', 'And', 'a', 'straw']",[],16:03:23,17234141
199,2014-09-07,Sun,5535,508635656005103616,0,kevindepew,"['And', 'from', 'now', 'on', 'we', 'only', 'wear', 'Montreal', 'Expos', 'hats', 'Yeah', 'Wait', 'what', 'Thats', 'right', 'The', 'Expos', 'Ok', 'now', 'that', 'seems', 'a', 'little', 'random']",[],15:19:25,17234141
200,2014-09-07,Sun,5535,508635235555487744,0,kevindepew,"['Fellas', 'listen', 'up', 'Im', 'not', 'feeling', 'the', 'LA', 'Hat', 'Gang', 'name', 'What', 'about', 'LA', 'Hat', 'Macs', 'People', 'might', 'confuse', 'us', 'with', 'the', 'store', 'LA', 'Hat', 'Max']",[],15:17:44,17234141
201,2014-09-07,Sun,5535,508634533538070529,0,kevindepew,"['I', 'refuse', 'to', 'believe', 'any', 'of', 'that', 'is', 'actually', 'true']",[],15:14:57,17234141
202,2014-09-07,Sun,5535,508634430869864448,0,kevindepew,"['Haha', 'their', 'former', 'name', 'was', 'the', 'LA', 'Hat', 'Gang', 'Then', 'they', 'changed', 'to', 'Mac', 'Baller', 'Brims']",[],15:14:32,17234141
203,2014-09-07,Sun,5535,508634115424665600,0,kevindepew,"['Wow', 'Mac', 'Baller', 'Brims', 'gang', 'members', 'apparently', 'wear', 'Montreal', 'Expos', 'hats', 'Hahaha']",[],15:13:17,17234141
204,2014-09-07,Sun,5535,508633679657467904,0,kevindepew,"['Have', 'to', 'admit', 'Mac', 'Baller', 'Brims', 'is', 'a', 'pretty', 'good', 'gang', 'name']",[],15:11:33,17234141
205,2014-09-07,Sun,5535,508510031277748224,0,kevindepew,"['Dont', 'do', 'it', 'Dont', 'do', 'it', 'Dont', 'Do', 'It', 'Sharon', 'Van', 'Etten', 'NowPlaying']",[],07:00:13,17234141
206,2014-09-07,Sun,5535,508507165930565633,0,kevindepew,"['I', 'have', 'this', 'thing', 'right', 'at', 'the', 'base', 'of', 'my', 'skull', 'a', 'bug', 'bite', 'like', 'a', 'mosquito', 'bite', 'OR', 'IS', 'IT', 'Aliens', 'Abduction', 'UFO']",[],06:48:50,17234141
207,2014-09-07,Sun,5535,508502048548327424,0,kevindepew,"['MYSTERY', 'SOLVED', 'RT', '@WIRED', 'This', 'is', 'the', 'police', 'tool', 'that', 'pervs', 'use', 'to', 'steal', 'nude', 'pics', 'from', 'Apples', 'iCloud']",[],06:28:30,17234141
208,2014-09-07,Sun,5535,508497587683344384,0,kevindepew,"['Winston', 'Gets', 'Hired', 'by', 'MagnaCorp', 'Dynasty']",[],06:10:46,17234141
209,2014-09-07,Sun,5535,508491755562360833,0,kevindepew,"['MagnaCorp', 'Dynasty', 'Now', 'Hiring']",[],05:47:36,17234141
210,2014-09-07,Sun,5535,508465297230413825,4,kevindepew,"['Ok', 'We', 'get', 'it', 'You', 'can', 'take', 'pictures', 'of', 'lightning', 'with', 'your', 'phone', 'now', 'Even', 'people', 'who', 'discovered', 'fire', 'stopped', 'bragging', 'about', 'it', 'eventually']",[],04:02:28,17234141
211,2014-09-07,Sun,5535,508436256066658305,0,kevindepew,"['A', 'man', 'eats', 'things', 'that', 'would', 'make', 'a', 'billygoat', 'puke', 'ExplainAFilmPlotBadly']",[],02:07:04,17234141
212,2014-09-07,Sun,5535,508433923714863104,2,kevindepew,"['A', 'bunch', 'of', 'little', 'puppets', 'go', 'to', 'Manhattan', 'Like', 'they', 'basically', 'take', 'over', 'the', 'whole', 'city', 'ExplainAFilmPlotBadly']",[],01:57:48,17234141
213,2014-09-07,Sun,5535,508432290876489728,0,kevindepew,"['Kevins', 'not', 'here', 'ThreeWordsSheWantsToHear']",[],01:51:19,17234141
214,2014-09-07,Sun,5535,508427802727968768,0,kevindepew,"['Kinda', 'like', 'Speed', 'only', 'its', 'in', 'outerspace', 'Oh', 'and', 'that', 'same', 'lady', 'from', 'Speed', 'is', 'in', 'it', 'ExplainAFilmPlotBadly', 'cc', '@Speed1994']",[],01:33:28,17234141
215,2014-09-06,Sat,5535,508390204861059072,1,kevindepew,"['That', 'one', 'guy', 'from', 'the', 'funny', 'golf', 'movie', 'and', 'his', 'friend', 'Elwood', 'get', 'covered', 'in', 'marshmallow', 'trying', 'to', 'save', 'alien', 'lady', 'ExplainAFilmPlotBadly']",[],23:04:04,17234141
216,2014-09-06,Sat,5535,508388109076422656,0,kevindepew,"['ExplainAFilmPlotBadly', 'An', 'old', 'droopy', 'faced', 'white', 'guy', 'yells', 'at', 'the', 'black', 'piano', 'man', 'to', 'keep', 'playing', 'this', 'one', 'song', 'Then', 'he', 'misses', 'his', 'flight']",[],22:55:45,17234141
217,2014-09-06,Sat,5535,508377492089212928,0,kevindepew,"['Medium', 'writing', 'seems', 'really', 'earnest', 'and', 'thoughtful', 'Hoping', 'to', 'balance', 'that', 'out']",[],22:13:33,17234141
218,2014-09-06,Sat,5535,508358893286612992,0,kevindepew,"['Don', 't', 'you', 'want', 'your', 'receipt', 'She', 'seemed', 'puzzled', 'thrown', 'off', 'her', 'game', 'And', 'this', 'in', 'turn', 'threw', 'me', 'off', 'my', 'game']",[],20:59:39,17234141
219,2014-09-06,Sat,5535,508321743908646912,1,kevindepew,"['ExplainAFilmPlotBadly', 'Liam', 'Neeson', 'lost', 'his', 'kid', 'again']",[],18:32:02,17234141
220,2014-09-06,Sat,5535,508320948412743680,0,kevindepew,"['ExplainAFilmPlotBadly', 'A', 'girl', 'and', 'a', 'dog', 'get', 'sucked', 'into', 'a', 'tornado', 'and', 'meet', 'a', 'bunch', 'of', 'midgets', 'on', 'a', 'yellow', 'road', 'And', 'there', 'are', 'witches']",[],18:28:52,17234141
221,2014-09-06,Sat,5535,508140464290422786,0,kevindepew,"['Stop', 'measuring']",[],06:31:42,17234141
222,2014-09-06,Sat,5535,508139639698640896,0,kevindepew,"['Hahaha', 'just', 'kidding', 'Ive', 'never', 'ever', 'thought', 'to', 'christ', 'to', 'measure', 'my', 'reading', 'by', 'the', 'minute', '02', 'seconds']",[],06:28:25,17234141
223,2014-09-06,Sat,5535,508138798153498624,0,kevindepew,"['Hell', 'I', 'admit', 'it', 'I', 'see', 'something', 'clocks', '3', 'minutes', 'Im', 'out', 'unless', 'the', 'headlines', 'really', 'good']",[],06:25:04,17234141
224,2014-09-06,Sat,5535,508138169246969856,0,kevindepew,"['I', 'just', 'listened', 'to', 'a', 'Waylon', 'and', 'Jessi', 'Colter', 'song', 'that', 'clocked', 'in', 'at', '255']",[],06:22:34,17234141
225,2014-09-06,Sat,5535,508137815222530048,0,kevindepew,"['3', 'minutes', 'is', 'a', 'lot', 'to', 'ask']",[],06:21:10,17234141
226,2014-09-06,Sat,5535,508137225541152768,0,kevindepew,"['This', 'may', 'have', 'been', 'a', 'terrible', 'first', 'step', 'on', 'Medium']",[],06:18:49,17234141
227,2014-09-06,Sat,5535,508134702981865472,1,kevindepew,"['You', 'gonna', 'give', 'up', 'on', 'summer', 'just', 'like', 'that', 'We', 'waited', 'We', 'waited', 'here', 'and', 'yall', 'come', 'back', 'and', 'Nothing', 'Thanks', 'For', 'nothing']",[],06:08:48,17234141
228,2014-09-06,Sat,5535,508125509377458176,1,kevindepew,"['Some', 'people', 'would', 'say', 'its', 'brave', 'to', 'continue', 'marketing', 'a', 'script', 'you', 'wrote', 'in', '1987']",[],05:32:16,17234141
229,2014-09-06,Sat,5535,508124422541037568,0,kevindepew,"['Publishing', 'my', '1987', 'porn', 'script', 'on', 'Medium']",[],05:27:57,17234141
230,2014-09-06,Sat,5535,508117737239883776,1,kevindepew,"['It', 'will', 'be', 'much', 'different', 'when', 'I', 'get', 'this', 'Medium', 'account', 'up', 'and', 'running']",[],05:01:23,17234141
231,2014-09-06,Sat,5535,508117702070632449,1,kevindepew,"['Sorry', 'about', 'that', 'favourite', 'thing']",[],05:01:15,17234141
232,2014-09-06,Sat,5535,508113738323734528,0,kevindepew,"['lt', 'Pretty', 'clear', 'someone', 'who', 'still', 'regularly', 'uses', 'a', 'payphone', 'shouldnt', 'write', 'twitter', 'bots']",[],04:45:30,17234141
233,2014-09-06,Sat,5535,508112547837276160,0,kevindepew,"['Lets', 'just', 'take', 'a', 'step', 'back', 'here', 'We', 'can', 'figure', 'this', 'out']",[],04:40:46,17234141
234,2014-09-06,Sat,5535,508112268270116864,0,kevindepew,"['BASTARDS', 'RT', '@kevindepew', 'Favourite', 'RT', '@kevindepew', '5elfL0ath1ing', 'RT', '@kevindepew', 'Favourite']",[],04:39:39,17234141
235,2014-09-06,Sat,5535,508111848311631874,0,kevindepew,['5elfL0ath1ing'],[],04:37:59,17234141
236,2014-09-06,Sat,5535,508111651561033728,0,kevindepew,"['Jesus', 'Im', 'the', 'guy', 'who', 'wanted', 'to', 'reveal', 'the', 'clown', 'but', 'look', 'what', 'Im', 'wearing', 'on', 'my', 'nose']",[],04:37:12,17234141
237,2014-09-06,Sat,5535,508111304369127424,0,kevindepew,"['Crap', 'Sorry', 'This', 'bot', 'retweets', 'every', 'favourite', 'reply', 'I', 'had', 'no', 'idea', 'Working', 'to', 'stop', 'this']",[],04:35:49,17234141
238,2014-09-06,Sat,5535,508110579446611968,0,kevindepew,"['Some', 'code', 'just', 'feeds', 'on', 'itself', 'Like', 'a', 'virus']",[],04:32:57,17234141
239,2014-09-06,Sat,5535,508110288185348096,0,kevindepew,"['Trust', 'me', 'its', 'more', 'annoying', 'for', 'me', 'than', 'you']",[],04:31:47,17234141
240,2014-09-06,Sat,5535,508110151954362369,0,kevindepew,"['Look', 'Im', 'trying', 'to', 'stop', 'this', 'Favourite', 'bot', 'you', 'guys']",[],04:31:15,17234141
241,2014-09-06,Sat,5535,508110073043091456,0,kevindepew,['Christ'],[],04:30:56,17234141
242,2014-09-06,Sat,5535,508104899251277824,0,kevindepew,"['It', 'seems', 'my', 'account', 'may', 'have', 'been', 'compromised']",[],04:10:22,17234141
243,2014-09-06,Sat,5535,508104600382373888,0,kevindepew,['5elfL0ath1ing'],[],04:09:11,17234141
244,2014-09-06,Sat,5535,508101824117620737,1,kevindepew,"['I', 'dont', 'favorite', 'anything', 'as', 'favourite', 'so', 'if', 'you', 'got', 'anything', 'from', 'me', 'like', 'a', 'reply', 'or', 'DM', 'that', 'has', 'favourite', 'disregard']",[],03:58:09,17234141
245,2014-09-06,Sat,5535,508101300119015425,2,kevindepew,"['Hey', 'was', 'looking', 'at', 'some', 'of', 'your', 'replies', 'and', 'DMs', 'and', 'think', 'my', 'account', 'might', 'have', 'been', 'hacked']",[],03:56:04,17234141
246,2014-09-06,Sat,5535,508066821871001600,0,kevindepew,"['REDS', 'YOU', 'WILL', 'NOT', 'WEAR', 'THE', 'GREEN', 'AGAINST', 'THE', 'METS', 'Someone', 'actually', 'yelled', 'that', 'out', 'loud', 'here']",[],01:39:04,17234141
247,2014-09-06,Sat,5535,508063707587678208,0,kevindepew,"['Signed', 'up', 'for', 'Medium', 'So', 'now', 'every', 'tweet', 'is', 'a', 'debate', 'between', 'short', 'and', 'haha', 'just', 'kidding', 'Ill', 'not', 'say', 'that', 'But', 'you', 'know']",[],01:26:41,17234141
248,2014-09-05,Fri,5535,508024153749086208,0,kevindepew,"['Who', 'wants', 'to', 'read', 'pissflaps', 'But', 'if', 'you', 'see', 'a', 'tweet', 'that', 'uses', 'the', 'word', 'pissflaps', 'and', 'then', 'click', 'to', 'hear', 'it', 'in', 'a', 'Bristol', 'accent']",[],22:49:31,17234141
249,2014-09-05,Fri,5535,508023312078110722,0,kevindepew,"['You', 'just', 'speak', 'a', 'few', 'sentences', 'into', 'a', 'recorder', 'and', 'then', 'people', 'could', 'choose', 'to', 'hear', 'any', 'of', 'your', 'tweets', 'in', 'your', 'own', 'voice', 'and', 'accent']",[],22:46:10,17234141
250,2014-09-05,Fri,5535,508022645456384000,0,kevindepew,"['Think', 'how', 'amazing', 'it', 'would', 'be', 'if', 'there', 'was', 'an', 'on', 'demand', 'audio', 'app', 'that', 'could', 'broadcast', 'your', 'tweet', 'in', 'your', 'own', 'accent', 'Man']",[],22:43:31,17234141
251,2014-09-05,Fri,5535,508020079540576256,0,kevindepew,"['Your', 'generation', 'should', 'do', 'An', 'Interesting', 'Person', 'in', 'the', 'World', 'ad', 'series', 'to', 'sell', 'some', 'service', 'that', 'helps', 'people', 'like', 'each', 'other', '@conorsen']",[],22:33:20,17234141
252,2014-09-05,Fri,5535,508019273240166400,2,kevindepew,"['Most', 'interesting', 'man', 'in', 'the', 'world', 'ads', 'are', 'ultimate', 'BoomerGenX', 'pitch', 'Soothes', 'Boomers', 'narcissism', 'amp', 'secret', 'GenX', 'anti-aspiration', '@Conorsen']",[],22:30:07,17234141
253,2014-09-05,Fri,5535,507983596267663361,1,kevindepew,"['Dont', 'know', 'what', 'yall', 'doing', 'this', 'weekend', 'but', 'we', 'having', 'these', 'Hatch', 'Green', 'Chiles']",[],20:08:21,17234141
254,2014-09-05,Fri,5535,507977274575323136,1,kevindepew,"['Wait', 'til', 'they', 'get', 'wind', 'of', 'our', 'laser', 'that', 'shoots', 'down', 'drones', 'even', 'in', 'fog', 'Not', 'worried']",[],19:43:14,17234141
255,2014-09-05,Fri,5535,507877508578934784,0,kevindepew,"['Yall', 'get', 'that', 'cool', 'promoted', 'tweet', 'just', 'now', 'about', 'the', 'writer', 'looking', 'for', 'backing', 'so', 'he', 'can', 'spend', 'two', 'weeks', 'living', 'as', 'a', 'freegan', 'LOL']",[],13:06:48,17234141
256,2014-09-05,Fri,5535,507868518444838912,0,kevindepew,"['Lower', 'for', 'longer']",[],12:31:05,17234141
257,2014-09-04,Thu,5535,507646464743727104,0,kevindepew,"['Maybe', 'I', 'should', 'get', 'one', 'of', 'those', 'picnic', 'table', 'shirts']",[],21:48:43,17234141
258,2014-09-04,Thu,5535,507523046815858688,0,kevindepew,"['A', 'cautionary', 'quadtych', 'for', 'those', 'with', 'poor', 'posture', 'RT', '@Esquiremag', 'The', 'vanishing', 'newsroom']",[],13:38:18,17234141
259,2014-09-04,Thu,5535,507324356146765825,0,kevindepew,"['Have', 'you', 'all', 'heard', 'about', 'this', 'Hard', 'Knocks', 'show', 'on', 'HBO', 'Just', 'caught', 'last', '10', 'minutes', 'Whatever', 'you', 'do', 'DONT', 'ANSWER', 'YOUR', 'PHONE']",[],00:28:46,17234141
260,2014-09-03,Wed,5535,507233660119318528,0,kevindepew,"['Of', 'course', 'there', 'wont', 'be', 'much', 'they', 'can', 'do', 'cause', 'we', 'got', 'all', 'these', 'leeches', 'So', 'think', 'long', 'and', 'hard', 'about', 'treating', 'us', 'like', 'pariahs']",[],18:28:23,17234141
261,2014-09-03,Wed,5535,507233354010591232,0,kevindepew,"['The', 'only', 'downside', 'is', 'when', 'the', 'tide', 'turns', 'against', 'handcrafted', 'medical', 'stuff', 'people', 'might', 'consider', 'us', 'in', 'the', 'leeching', 'community', 'pariahs']",[],18:27:10,17234141
262,2014-09-03,Wed,5535,507228273743773696,1,kevindepew,"['Whats', 'going', 'on', 'with', 'this', 'one', 'here', 'granny', 'He', 'tells', 'tale', 'its', 'his', 'appendix', 'But', 'Im', 'fixing', 'to', 'send', 'him', 'on', 'over', 'to', 'the', 'vexations', 'room']",[],18:06:58,17234141
263,2014-09-03,Wed,5535,507227129575399424,1,kevindepew,"['Sir', 'you', 'could', 'have', 'an', 'appendix', 'removed', 'by', 'mass-produced', 'instruments', 'in', 'an', 'institutional', 'setting', 'or', 'you', 'could', 'try', 'this', 'artisanal', 'leech']",[],18:02:26,17234141
264,2014-09-03,Wed,5535,507226045037432832,1,kevindepew,"['Tell', 'your', 'kids', 'they', 'better', 'wash', 'their', 'little', 'artisanal', 'hands', 'or', 'else', 'theyll', 'wind', 'up', 'in', 'the', 'vexations', 'room']",[],17:58:07,17234141
265,2014-09-03,Wed,5535,507225810957533186,0,kevindepew,"['At', 'the', 'old', 'timey', 'Artisanal', 'Leeching', 'Clinic', 'youd', 'have', 'to', 'choose', 'between', 'the', 'plain', 'old', 'kindly', 'healing', 'window', 'or', 'the', 'vexations', 'room']",[],17:57:11,17234141
266,2014-09-03,Wed,5535,507225473026637824,0,kevindepew,"['After', 'all', 'a', 'man', 'cant', 'treat', 'artisanal', 'gout', 'with', 'just', 'any', 'old', 'leech', 'What', 'freshwater', 'source', 'did', 'the', 'leech', 'come', 'from', 'How', 'old', 'is', 'the', 'leech']",[],17:55:51,17234141
267,2014-09-03,Wed,5535,507224277444460544,0,kevindepew,"['Whoa', 'whoa', 'sir', 'I', 'did', 'not', 'use', 'the', 'word', 'doctor', 'This', 'is', 'a', 'medical', 'leeching', 'clinic', 'although', 'we', 'also', 'have', 'potions', 'and', 'ointments', 'And', 'such']",[],17:51:06,17234141
268,2014-09-03,Wed,5535,507223844978192384,3,kevindepew,"['One', 'way', 'to', 'take', 'advantage', 'of', 'the', 'continuing', 'trend', 'toward', 'old', 'timey', 'quaint', 'stuff', 'might', 'be', 'to', 'open', 'a', 'chain', 'of', 'Artisanal', 'Leeching', 'Clinics']",[],17:49:23,17234141
269,2014-09-03,Wed,5535,507154254373847040,4,kevindepew,"['Classic', 'photo', 'of', 'a', 'drug-addled', 'Hunter', 'S', 'Thompson', 'handing', 'out', 'money', 'at', 'the', 'Kentucky', 'Derby']",[],13:12:51,17234141
270,2014-09-02,Tue,5535,506908471556861952,0,kevindepew,"['Cause', 'Big', 'Red', 'was', 'always', 'out', 'there', 'Literally']",[],20:56:12,17234141
271,2014-09-02,Tue,5535,506908229964947456,0,kevindepew,"['Thats', 'how', 'those', 'ild', 'bumper', 'stickers', 'you', 'still', 'sometimes', 'see', 'came', 'about', 'Big', 'Red', 'Is', 'Always', 'Out', 'There']",[],20:55:14,17234141
272,2014-09-02,Tue,5535,506908043834306560,0,kevindepew,"['They', 'just', 'knew', 'Big', 'Red', 'was', 'always', 'out', 'there', 'On', 'the', 'CB']",[],20:54:30,17234141
273,2014-09-02,Tue,5535,506907452349349888,0,kevindepew,"['No', 'one', 'at', 'the', 'time', 'knew', 'the', 'ubiquity', 'of', 'the', 'Big', 'Red', 'handle', 'of', 'course', 'After', 'all', 'the', 'technology', 'was', 'primitive', 'by', 'todays', 'big', 'Data', 'standards']",[],20:52:09,17234141
274,2014-09-02,Tue,5535,506905825714380801,0,kevindepew,"['As', 'a', 'result', 'most', 'early', 'CB', 'radio', 'conversations', 'were', 'Big', 'Red', 'do', 'you', 'copy', '10-4', 'this', 'is', 'Big', 'Red', 'Jeez', 'see', 'honey', 'CB', 'is', 'amazing']",[],20:45:41,17234141
275,2014-09-02,Tue,5535,506905432016060416,0,kevindepew,"['The', 'success', 'of', 'CB', 'radio', 'was', 'directly', 'attributable', 'to', 'the', 'fact', 'that', 'more', 'than', '89', 'percent', 'of', 'CB', 'users', 'went', 'by', 'the', 'handle', 'Big', 'Red']",[],20:44:07,17234141
276,2014-09-01,Mon,5535,506570574437838848,0,kevindepew,"['That', 'is', 'not', 'patchiness', 'damnit', 'It', 'is', 'weird', 'gray', 'streaks', 'from', 'where', 'I', 'was', 'really', 'frightened', 'once']",[],22:33:31,17234141
277,2014-09-01,Mon,5535,506563705942081537,3,kevindepew,"['Citizens', 'of', 'America', 'you', 'do', 'not', 'get', 'a', 'beach', 'body', 'like', 'this', 'accidentally', 'It', 'takes', 'years', 'and', 'years', 'of', 'neglect']",[],22:06:13,17234141
278,2014-09-01,Mon,5535,506463983269068800,0,kevindepew,"['NEXT', 'ON', 'HACKED', 'NAKED', 'CELEBRITIES', 'JLAW', 'BARES', 'ALL', 'WHILE', 'JUDE', 'LAW', 'SHARES', 'ALL', 'HIS', 'PASSWORDS']",[],15:29:57,17234141
279,2014-09-01,Mon,5535,506462142292566016,1,kevindepew,"['Happy', 'Labour', 'day', 'everybody', 'Please', 'manually', 'retweet', 'and', 'favourite']",[],15:22:38,17234141
280,2014-09-01,Mon,5535,506452930506285056,9,kevindepew,"['Ill', 'give', 'it', 'a', 'few', 'more', 'hours', 'but', 'if', 'my', 'nude', 'photos', 'arent', 'leaked', 'online', 'soon', 'my', 'agent', 'is', 'getting', 'fired']",[],14:46:02,17234141
281,2014-09-01,Mon,5535,506447059642507264,0,kevindepew,"['Only', 'took', 'one', 'day', 'to', 'make', 'that', 'star', 'icon', 'meaningless']",[],14:22:43,17234141
282,2014-09-01,Mon,5535,506341921577795584,0,kevindepew,"['Favourite', 'RT', '@nypost', 'Mitt', 'Romney', 'may', 'again', 'be', 'the', 'GOPs', 'next', 'great', 'hope']",[],07:24:56,17234141
283,2014-09-01,Mon,5535,506340277096050689,0,kevindepew,"['Favourite', 'RT', '@OldStrings', '@kevindepew', '@umairh', 'Favourite']",[],07:18:24,17234141
284,2014-09-01,Mon,5535,506334933586305025,0,kevindepew,"['good', 'lord', 'this', 'bob', 'dylan', 'visions', 'of', 'johanna', 'song', 'on', 'spotify', 'its', 'like', 'FAVOURITE', 'FAVOURITE', 'we', 'get', 'it', 'i', 'just', 'skip', 'it']",[],06:57:10,17234141
285,2014-09-01,Mon,5535,506334219820609536,0,kevindepew,"['this', 'is', 'how', 'branding', 'works']",[],06:54:19,17234141
286,2014-09-01,Mon,5535,506334037209018368,0,kevindepew,"['think', 'of', 'the', 'manual', 'favourite', 'as', 'the', 'DOC', 'MARTENS', 'of', 'favoriting', 'dont', 'be', 'an', 'auto', 'star', 'square', 'Manually', 'FAVOURITE', 'the', 'tweets']",[],06:53:36,17234141
287,2014-09-01,Mon,5535,506332937403785216,2,kevindepew,"['Favourite', 'RT', 'PEG', '\xd9\x86', '@pegobry', 'Does', 'Twitter', 'Suck', 'Now', 'Musings', 'on', 'why', 'I', 'have', 'a', 'different', 'experience', 'than', '@ayjay']",[],06:49:14,17234141
288,2014-09-01,Mon,5535,506332205225099264,0,kevindepew,"['i', 'keep', 'forgetting', 'i', 'have', 'CABLE', 'tv', 'This', 'remote', 'thing', 'lights', 'up', 'and', 'i', 'just', 'smash', 'it', 'habit']",[],06:46:19,17234141
289,2014-09-01,Mon,5535,506329310182256640,0,kevindepew,"['STOP', 'FAVORITING', 'THE', 'FAVOURITE', 'ITS', 'CONFUSING', 'I', 'UNDERSTAND', 'BUT', 'JUST', 'FAVOURITE', 'THE', 'FAVOURITE', 'MANUALLY', 'JUST', 'PLEASE', 'THIS', 'ONE', 'THIS', 'ONE', 'THING']",[],06:34:49,17234141
290,2014-09-01,Mon,5535,506322040715247616,0,kevindepew,['Favourite'],[],06:05:56,17234141
291,2014-09-01,Mon,5535,506321948050464769,0,kevindepew,"['GODDAMNIT', 'ITS', 'FAVOURITE', 'JUST', 'MANUALLY', 'FAVOURITE', 'THE', 'TWEET', 'THATS', 'ALL', 'YOU', 'HAVE', 'TO', 'DO', 'ITS', 'NOT', 'HARD', 'JUST', 'LIKE', 'WRITE', 'FAVOURITE']",[],06:05:34,17234141
292,2014-09-01,Mon,5535,506316602468737024,0,kevindepew,"['Spilled', 'a', 'beer', 'and', 'fell', 'out', 'of', 'the', 'chair', 'trying', 'to', 'favourite', 'it', 'when', 'double', 'rainbow', 'came', 'on', 'spotify']",[],05:44:19,17234141
293,2014-09-01,Mon,5535,506309294879682561,1,kevindepew,"['Its', 'how', 'we', 'show', 'we', 'love', 'each', 'other', 'Favourite', 'I', 'favourite', 'you', 'You', 'favourite', 'me', 'Manually', 'I', 'favourite', '@GoofyFoot70']",[],05:15:17,17234141
294,2014-09-01,Mon,5535,506308855413096449,1,kevindepew,"['I', 'could', 'have', 'hit', 'the', 'little', 'star', 'icon', 'Easy', 'But', 'no', 'I', 'chose', 'to', 'favourite', 'that', 'tweet', 'I', 'manually', 'favourited', 'it', 'I', 'care', 'I', 'care', 'about', 'you']",[],05:13:32,17234141
295,2014-09-01,Mon,5535,506308508422508544,1,kevindepew,"['When', 'you', 'manually', 'favourite', 'a', 'tweet', 'it', 'shows', 'how', 'much', 'you', 'care']",[],05:12:09,17234141
296,2014-09-01,Mon,5535,506306906915627008,1,kevindepew,"['You', 'realize', 'every', 'time', 'you', 'people', 'favorite', 'a', 'tweet', 'you', 'validate', 'the', 'system', 'were', 'rising', 'up', 'against', 'FavouriteNot', 'favorite']",[],05:05:47,17234141
297,2014-09-01,Mon,5535,506304991871901697,0,kevindepew,"['i', 'dont', 'have', 'to', 'be', 'at', 'work', 'until', 'tuesday', 'so', 'the', 'favourite', 'thing', 'will', 'stick', 'around', 'for', 'another', '24', 'hours', 'at', 'least']",[],04:58:11,17234141
298,2014-09-01,Mon,5535,506304029954420736,0,kevindepew,"['the', 'worst', 'part', 'is', 'i', 'have', 'to', 'ctrl-V', 'favourite', 'every', 'time', 'cause', 'of', 'autocorrect']",[],04:54:22,17234141
299,2014-09-01,Mon,5535,506302417882071040,0,kevindepew,"['Yall', 'think', 'this', 'is', 'easy', 'The', 'manual', 'favourite', 'takes', 'serious', 'effort', 'and', 'casual', 'determination']",[],04:47:57,17234141
300,2014-09-01,Mon,5535,506301333126012928,0,kevindepew,"['If', 'this', 'is', 'the', 'Nipsey', 'Russell', 'one', 'Ill', 'be', 'upset']",[],04:43:39,17234141
301,2014-09-01,Mon,5535,506300956708184065,0,kevindepew,"['SORRY', 'DEAN', 'MARTIN', 'DIDNT', 'GIVE', 'ME', 'THE', 'SECRET', 'CODE', 'FOR', 'THE', 'CELEBRITY', 'ROAST', 'CHANNEL', 'BEFORE', 'HE', 'DIED']",[],04:42:09,17234141
302,2014-09-01,Mon,5535,506300761039699968,0,kevindepew,"['Again', 'I', 'just', 'want', 'to', 'watch', 'the', 'Dean', 'martin', 'celebrity', 'roasts', 'but', 'the', 'channel', 'is', 'blocked', 'and', 'you', 'need', 'some', 'secret', 'code']",[],04:41:22,17234141
303,2014-09-01,Mon,5535,506300462317182978,0,kevindepew,"['I', 'got', 'this', 'Time', 'warner', 'tv', 'cable', 'box', 'and', 'must', 'have', 'been', 'owned', 'by', 'baptists', 'cause', 'all', 'the', 'good', 'channels', 'are', 'blocked', 'Except', 'sports']",[],04:40:11,17234141
304,2014-09-01,Mon,5535,506297447359188993,0,kevindepew,"['Was', 'what', 'you', 'call', 'a', 'sour', 'gift', 'Whats', 'this', 'sumowax', 'For', 'your', 'hair', 'Yeah', 'For', 'my', 'hair', 'try', 'it', 'silly', 'Whats', 'it', 'do', 'try', 'it']",[],04:28:12,17234141
305,2014-09-01,Mon,5535,506296511802933248,0,kevindepew,"['I', 'mean', 'the', 'hair', 'then', 'was', 'on', 'its', 'last', 'legs', 'anyway', 'You', 'had', 'to', 'use', 'that', 'sumowax', 'stuff', 'to', 'make', 'it', 'even', 'look', 'like', 'hair', 'Was', 'an', 'effort']",[],04:24:29,17234141
306,2014-09-01,Mon,5535,506296229362683904,0,kevindepew,"['I', 'used', 'to', 'have', 'this', 'sumowax', 'stuff', 'my', 'wife', 'got', 'me', 'from', 'bumble', 'amp', 'bumble', 'Smelled', 'good', 'Thats', 'really', 'the', 'only', 'thing', 'I', 'miss', 'about', 'hair']",[],04:23:22,17234141
307,2014-09-01,Mon,5535,506290676817211392,0,kevindepew,"['Like', 'many', 'of', 'you', 'my', 'google', 'calendar', 'alert', 'just', 'reminded', 'me', 'Im', 'getting', 'hundreds', 'of', 'fish', 'oil', 'capsules', 'delivered', 'on', 'Tuesday']",[],04:01:18,17234141
308,2014-09-01,Mon,5535,506289816569663489,0,kevindepew,"['Whats', 'your', 'emotion', 'right', 'now', 'Oral-B', 'Pepsi', 'Sprint', 'Farmers', 'insurance', 'Hendricks', 'motor', 'sports', 'drinks', 'pepsi', 'Goodyear', 'Tire', 'iron']",[],03:57:53,17234141
309,2014-09-01,Mon,5535,506286632501534720,0,kevindepew,"['NASCAR', 'has', 'what', 'they', 'call', 'in', 'the', 'facial', 'hair', 'industry', 'a', 'serious', 'goat', 'scrotum', 'issue']",[],03:45:14,17234141
310,2014-09-01,Mon,5535,506284707412467713,0,kevindepew,"['Kyle', 'Busch', 'in', 'the', 'clown', 'car', 'ruins', 'Martin', 'Truexs', 'night']",[],03:37:35,17234141
311,2014-09-01,Mon,5535,506276199661076480,0,kevindepew,"['Like', 'most', 'people', 'I', 'broke', 'the', 'remote', 'trying', 'to', 'press', 'the', 'favourite', 'button']",[],03:03:46,17234141
312,2014-09-01,Mon,5535,506275969330843649,0,kevindepew,"['Did', 'yall', 'just', 'see', 'that', 'pro-redskins', 'ad', 'on', 'the', 'NASCAR', 'channel']",[],03:02:51,17234141
313,2014-09-01,Mon,5535,506275100019412992,0,kevindepew,"['I', 'just', 'wanna', 'thank', 'everybody', 'on', 'the', 'ortho', 'pest', 'control', '16', 'car', 'we', 'got', 'a', 'little', 'loose', 'there', 'at', 'the', 'end', 'but', 'was', 'good', 'to', 'get', 'the', 'oral-b', '500', 'win']",[],02:59:24,17234141
314,2014-09-01,Mon,5535,506274476259307520,0,kevindepew,"['THIS', 'THE', 'ORAL-B', '500']",[],02:56:55,17234141
315,2014-09-01,Mon,5535,506251769044033537,0,kevindepew,"['They', 'should', 'show', 'them', 'as', 'PSAs', 'on', 'buses', 'an', 'trains']",[],01:26:42,17234141
316,2014-09-01,Mon,5535,506251350074998784,0,kevindepew,"['In', 'fairness', 'dean', 'Martin', 'celebrity', 'roasts', 'are', 'stuff', 'they', 'should', 'just', 'send', 'out', 'for', 'free', 'Hey', 'heres', 'a', 'DVD', 'of', 'Dean', 'Martin', 'Ok', 'thanks']",[],01:25:02,17234141
317,2014-09-01,Mon,5535,506250224088907776,0,kevindepew,"['Seems', 'like', 'that', 'would', 'be', 'the', 'only', 'channel', 'thats', 'guaranteed', 'to', 'work', 'I', 'paid', 'extra', 'for', 'the', 'sports', 'stuff', 'Buy', 'they', 'cant', 'get', 'Deano', 'right']",[],01:20:33,17234141
318,2014-09-01,Mon,5535,506249784710422528,0,kevindepew,"['I', 'got', 'this', 'time', 'Warner', 'cable', 'TV', 'the', 'other', 'day', 'and', 'just', 'want', 'to', 'watch', 'the', 'dean', 'Martin', 'roasts', 'and', 'the', 'channel', 'doesnt', 'work', 'Ridiculous']",[],01:18:49,17234141
319,2014-09-01,Mon,5535,506249185625399296,0,kevindepew,"['Man', 'that', 'Jason', 'isbell', 'cover', 'me', 'up', 'song', 'is', 'something', 'else', 'I', 'made', 'it', 'through', 'cause', 'somebody', 'knew', 'I', 'was', 'meant', 'for', 'someone', 'great', 'line']",[],01:16:26,17234141
320,2014-09-01,Mon,5535,506247500681207808,1,kevindepew,"['Stop', 'manually', 'favouriting', 'my', 'tweets', 'jackass']",[],01:09:44,17234141
321,2014-08-31,Sun,5535,506190548492120065,0,kevindepew,"['My', 'battery', 'is', 'running', 'down', 'Probably', 'only', 'a', 'few', 'more', 'favourites', 'before', 'it', 'completely', 'dies']",[],21:23:25,17234141
322,2014-08-31,Sun,5535,506188059030061056,0,kevindepew,"['Just', 'realized', 'the', 'only', 'door', 'to', 'my', 'apartment', 'is', 'a', 'poor', 'door']",[],21:13:32,17234141
323,2014-08-31,Sun,5535,506172406340550656,2,kevindepew,"['Im', 'totally', 'kidding', 'I', 'dont', 'believe', 'in', 'UFOs', 'If', 'UFOs', 'really', 'existed', 'theyd', 'obviously', 'have', 'the', 'technology', 'to', 'make', 'us', 'not', 'believe', 'in', 'them']",[],20:11:20,17234141
324,2014-08-31,Sun,5535,506170847825248256,1,kevindepew,"['In', 'Canada', 'people', 'are', 'probably', 'like', 'we', 'have', 'to', 'create', 'affordable', 'housing', 'for', 'these', 'UFO', 'folks', 'In', 'america', 'wed', 'just', 'shoot', 'at', 'them']",[],20:05:08,17234141
325,2014-08-31,Sun,5535,506170096440856577,0,kevindepew,"['Did', 'you', 'see', 'the', 'northern', 'lights', 'You', 'mean', 'all', 'those', 'UFOs', 'We', 'dont', 'say', 'that', 'here']",[],20:02:09,17234141
326,2014-08-31,Sun,5535,506169891624595457,0,kevindepew,"['Canadian', 'people', 'are', 'so', 'nice', 'they', 'dont', 'even', 'call', 'them', 'UFOs', 'They', 'say', 'northern', 'lights']",[],20:01:21,17234141
327,2014-08-31,Sun,5535,506168916771897344,0,kevindepew,"['Im', 'just', 'kidding', 'All', 'I', 'know', 'about', 'Alabama', 'is', 'they', 'have', 'a', 'professional', 'football', 'team']",[],19:57:28,17234141
328,2014-08-31,Sun,5535,506168302897750017,0,kevindepew,"['Probably', 'one', 'reason', 'we', 'dont', 'know', 'more', 'about', 'UFOs', 'is', 'Canadians', 'dont', 'gossip', 'and', 'shoot', 'up', 'stuff', 'like', 'people', 'in', 'Alabama']",[],19:55:02,17234141
329,2014-08-31,Sun,5535,506168142377541633,0,kevindepew,"['If', 'you', 'had', 'a', 'UFO', 'would', 'you', 'rather', 'land', 'in', 'Ottawa', 'or', 'Alabama']",[],19:54:23,17234141
330,2014-08-31,Sun,5535,506167418935578624,1,kevindepew,"['Canada', 'makes', 'sense', 'because', 'theyre', 'a', 'kindly', 'people', 'and', 'dont', 'have', 'a', 'lot', 'of', 'guns', 'Its', 'probably', 'the', 'best', 'place', 'to', 'land', 'a', 'UFO']",[],19:51:31,17234141
331,2014-08-31,Sun,5535,506166758752129024,0,kevindepew,"['The', 'manual', 'retweetfavourite', 'combination', 'is', 'like', 'the', 'lottery', 'of', 'twitter']",[],19:48:54,17234141
332,2014-08-31,Sun,5535,506166404098568192,2,kevindepew,"['In', 'all', 'my', 'years', 'of', 'google', 'UFO', 'alerts', 'no', 'people', 'quite', 'grasps', 'the', 'importance', 'of', 'UFO', 'reporting', 'like', 'Canadians']",[],19:47:29,17234141
333,2014-08-31,Sun,5535,506166121977090048,0,kevindepew,"['And', 'Canadians', 'obviously']",[],19:46:22,17234141
334,2014-08-31,Sun,5535,506166075055407104,0,kevindepew,"['My', 'google', 'alert', 'for', 'UFOs', 'has', 'been', 'going', 'crazy', 'this', 'weekend', 'Usually', 'means', 'theres', 'a', 'spike', 'in', 'media', 'interest', 'in', 'southerners']",[],19:46:11,17234141
335,2014-08-31,Sun,5535,506162089363533824,0,kevindepew,"['Nah', 'I', 'wish', 'fellas', 'But', 'I', 'got', 'a', 'couple', 'more', 'cigars', 'to', 'smoke', 'before', 'I', 'can', 'call', 'it', 'a', 'day']",[],19:30:20,17234141
336,2014-08-31,Sun,5535,506161852351782912,0,kevindepew,"['What', 'would', 'be', 'cool', 'is', 'to', 'get', 'a', 'job', 'smoking', 'cigars']",[],19:29:24,17234141
337,2014-08-31,Sun,5535,506160012126060544,1,kevindepew,"['If', 'you', 'think', 'this', 'is', 'bad', 'in', 'person', 'is', 'way', 'worse']",[],19:22:05,17234141
338,2014-08-31,Sun,5535,506154609795432449,0,kevindepew,"['What', 'if', 'we', 'get', 'favourite', 'trending', 'on', 'twitter']",[],19:00:37,17234141
339,2014-08-31,Sun,5535,506153636519751681,0,kevindepew,"['I', 'guess', 'just', 'know', 'that', 'if', 'I', 'manually', 'favourite', 'one', 'of', 'your', 'tweets', 'its', 'a', 'blanket', 'endorsement', 'of', 'your', 'entire', 'stream']",[],18:56:45,17234141
340,2014-08-31,Sun,5535,506153363390873600,0,kevindepew,"['Wow', 'looks', 'like', 'you', 'cant', 'favourite', 'more', 'than', 'one', 'tweet', 'from', 'a', 'single', 'user', 'Have', 'to', 'be', 'judicious', 'about', 'this']",[],18:55:40,17234141
341,2014-08-31,Sun,5535,506152322746302465,0,kevindepew,"['How', 'long', 'will', 'he', 'keep', 'this', 'idiotic', 'favouriting', 'thing', 'going', 'on', 'Muting']",[],18:51:32,17234141
342,2014-08-31,Sun,5535,506151207518621696,0,kevindepew,"['When', 'you', 'manually', 'favourite', 'a', 'tweet', 'its', 'way', 'more', 'festive', 'than', 'the', 'crass', 'favorite', 'button']",[],18:47:06,17234141
343,2014-08-31,Sun,5535,506150555543404544,0,kevindepew,"['Only', 'going', 'to', 'manually', 'favourite', 'tweets', 'from', 'now', 'on']",[],18:44:30,17234141
344,2014-08-31,Sun,5535,506150299833499648,0,kevindepew,"['Get', 'ready', 'Im', 'about', 'to', 'go', 'on', 'a', 'tweet', 'favouriting', 'spree']",[],18:43:29,17234141
345,2014-08-31,Sun,5535,505953264438116352,0,kevindepew,"['Cause', 'I', 'havent', 'No', 'way', 'Id', 'do', 'something', 'like', 'that']",[],05:40:33,17234141
346,2014-08-31,Sun,5535,505952841878757376,1,kevindepew,"['Have', 'you', 'people', 'ever', 'talked', 'to', 'a', 'psychiatrist']",[],05:38:52,17234141
347,2014-08-31,Sun,5535,505947843971264512,0,kevindepew,"['This', 'one', 'thing']",[],05:19:00,17234141
348,2014-08-31,Sun,5535,505945817266806784,0,kevindepew,"['1', '2', '3', '4', '5', '6', 'Road', 'runner', 'Road', 'runner', 'Going', 'thousand', 'miles', 'an', 'hour']",[],05:10:57,17234141
349,2014-08-31,Sun,5535,505915743205339137,0,kevindepew,"['I', 'keep', 'your', 'picture', 'upon', 'the', 'wall', 'It', 'hides', 'a', 'nasty', 'stain', 'thats', 'lying', 'there', 'Jesus', 'Tommy']",[],03:11:27,17234141
350,2014-08-31,Sun,5535,505915502720729090,0,kevindepew,"['No', 'one', 'can', 'do', 'the', '10cc', 'Im', 'Not', 'In', 'Love', 'song', 'successfully', 'Let', 'alone', 'Tommy', 'Not', 'with', 'his', 'giant', 'neck', 'goiter']",[],03:10:29,17234141
351,2014-08-31,Sun,5535,505908335317889025,0,kevindepew,"['That', 'was', 'when', 'the', 'crowd', 'turned']",[],02:42:01,17234141
352,2014-08-31,Sun,5535,505908147706683392,0,kevindepew,"['Oh', 'Tommy', 'no', 'Not', '10cc']",[],02:41:16,17234141
353,2014-08-31,Sun,5535,505907145196716032,0,kevindepew,"['But', 'they', 'know', 'Tommy', 'now', 'Mostly', 'cause', 'of', 'the', 'gigantic', 'neck', 'goiter', 'But', 'still', 'was', 'a', 'great', 'version', 'of', 'Year', 'of', 'the', 'Cat']",[],02:37:17,17234141
354,2014-08-31,Sun,5535,505906745127223297,0,kevindepew,"['Tommy', 'killed', 'it', 'I', 'dont', 'think', 'like', '10', 'people', 'in', 'here', 'even', 'know', 'Al', 'Stewarts', 'Year', 'of', 'the', 'Cat']",[],02:35:42,17234141
355,2014-08-31,Sun,5535,505889508811079680,0,kevindepew,"['Was', 'just', 'unfollowed', 'by', '7', 'people', 'with', 'neck', 'goiters']",[],01:27:12,17234141
356,2014-08-31,Sun,5535,505889324010065921,0,kevindepew,"['But', 'anybody', 'who', 'can', 'play', 'a', '7', 'minute', 'Al', 'Stewart', 'song', 'deserves', 'respect', 'Hell', 'respect', 'deserves', 'honor', 'Goddamn', 'Tommy', 'and', 'his', 'neck', 'goiter']",[],01:26:28,17234141
357,2014-08-31,Sun,5535,505888822341935104,0,kevindepew,"['Sure', 'I', 'wish', 'his', 'goiter', 'had', 'melted', 'away', 'We', 'all', 'did', 'Christ', 'were', 'only', 'human', 'Flesh', 'and', 'blood']",[],01:24:28,17234141
358,2014-08-31,Sun,5535,505888648290918402,0,kevindepew,"['Like', 'most', 'people', 'I', 'was', 'terrified', 'of', 'goiters', 'as', 'a', 'kid', 'But', 'when', 'Tommy', 'played', 'that', 'Al', 'Stewart', 'song', 'the', 'fear', 'just', 'melted', 'away']",[],01:23:47,17234141
359,2014-08-31,Sun,5535,505888060769599489,0,kevindepew,"['It', 'was', 'The', 'Year', 'of', 'the', 'Cat']",[],01:21:27,17234141
360,2014-08-31,Sun,5535,505887871723921410,0,kevindepew,"['But', 'Tommy', 'played', 'Year', 'of', 'the', 'Cat', 'just', 'like', 'Al', 'Stewart', 'Just', 'like', 'him', 'Except', 'his', 'gigantic', 'goiter', 'lingered', 'over', 'the', 'keys', 'like', 'a', 'summer', 'cold']",[],01:20:42,17234141
361,2014-08-31,Sun,5535,505887225167749120,0,kevindepew,"['It', 'was', 'magnificent', 'People', 'gawked', 'an', 'talked', 'like', 'they', 'do']",[],01:18:08,17234141
362,2014-08-31,Sun,5535,505886807113084928,2,kevindepew,"['Hey', 'look', 'at', 'that', 'guy', 'with', 'the', 'huge', 'neck', 'goiter', 'Jesus', 'is', 'that', 'an', 'Al', 'Stewart', 'song']",[],01:16:28,17234141
363,2014-08-31,Sun,5535,505886639848452096,2,kevindepew,"['But', 'people', 'are', 'people']",[],01:15:48,17234141
364,2014-08-31,Sun,5535,505886343088865280,3,kevindepew,"['Somehow', 'he', 'always', 'felt', 'his', 'ability', 'to', 'play', 'Year', 'of', 'The', 'Cat', 'on', 'demand', 'would', 'overcome', 'his', 'gigantic', 'neck', 'goiter']",[],01:14:37,17234141
365,2014-08-30,Sat,5535,505850736379695104,0,kevindepew,"['My', 'girls', 'Lulu', 'and', 'Lila', '@GoofyFoot70', 'coming', 'back', 'tonight', 'so', 'gonna', 'get', 'that', 'Prince', 'St', 'Pizza', 'on', 'for', 'em', 'Pretend', 'like', 'the', 'week', 'never', 'happened']",[],22:53:08,17234141
366,2014-08-30,Sat,5535,505827307941281792,0,kevindepew,"['No', 'poppers']",[],21:20:02,17234141
367,2014-08-30,Sat,5535,505800775118106624,0,kevindepew,"['Enough', 'about', 'Jets', 'CBs', 'Other', 'than', 'Revis', 'and', 'Sherman', '9', 'of', '10', 'people', 'cant', 'even', 'name', '2', 'NFL', 'CBs']",[],19:34:36,17234141
368,2014-08-30,Sat,5535,505784238718070784,0,kevindepew,"['After', 'the', 'game', 'the', 'coach', 'said', 'theyre', 'hopeful', 'its', 'not', 'a', 'high', 'saving', 'your', 'drowning', 'nephew', 'sprain', 'and', 'that', 'hed', 'only', 'miss', '1-2', 'weeks']",[],18:28:54,17234141
369,2014-08-30,Sat,5535,505783107606548480,1,kevindepew,"['Looks', 'like', '25', 'will', 'have', 'to', 'leave', 'the', 'game', 'after', 'saving', 'his', 'drowning', 'nephew', 'Injury', 'looks', 'serious']",[],18:24:24,17234141
370,2014-08-30,Sat,5535,505779030722105344,0,kevindepew,"['Kentucky', 'has', 'amassed', '500', 'yards', 'in', 'total', 'offense', 'which', 'is', 'first', 'time', 'they', 'can', 'be', 'said', 'to', 'have', 'amassed', 'anything', 'in', 'like', 'five', 'years']",[],18:08:12,17234141
371,2014-08-30,Sat,5535,505760965573742592,1,kevindepew,"['Its', 'like', 'they', 'had', 'a', 'special', 'sale', 'on', '1', 'jerseys', 'or', 'something']",[],16:56:25,17234141
372,2014-08-30,Sat,5535,505760856958062593,1,kevindepew,"['Why', 'does', 'Kentucky', 'have', 'like', 'seven', 'guys', 'with', 'the', '1', 'jersey']",[],16:55:59,17234141
373,2014-08-30,Sat,5535,505594616385921024,0,kevindepew,"['Seems', 'like', 'a', 'song', 'against', 'dentists', 'Doctor', 'Priests', 'NowPlaying']",[],05:55:24,17234141
374,2014-08-30,Sat,5535,505592142324957184,0,kevindepew,"['Just', 'hanging', 'with', 'this', 'guy', 'who', 'looks', 'like', 'John', 'Waters', 'Again']",[],05:45:34,17234141
375,2014-08-30,Sat,5535,505541503436218368,2,kevindepew,"['Hey', 'everybody', 'I', 'found', 'the', 'New', 'York', 'Redskins', 'of', 'bicycles']",[],02:24:21,17234141
376,2014-08-30,Sat,5535,505532566028701696,0,kevindepew,"['What', 'Im', 'saying', 'is', 'Im', 'going', 'up', 'to', 'Prince', 'St', 'pizza']",[],01:48:50,17234141
377,2014-08-30,Sat,5535,505528994968928256,1,kevindepew,"['Anyway', 'its', 'the', 'rush', 'you', 'get', 'from', 'trying', 'to', 'reassemble', 'everything', 'I', 'guess', 'thats', 'what', 'I', 'like', 'the', 'most']",[],01:34:39,17234141
378,2014-08-30,Sat,5535,505528359410204672,0,kevindepew,"['You', 'just', 'kinda', 'go', 'crazy', 'from', 'being', 'alone', 'and', 'stuff', 'Like', 'all', 'you', 'cat', 'people', 'I', 'like', 'cats', 'But', 'you', 'know', 'Youre', 'crazy']",[],01:32:07,17234141
379,2014-08-30,Sat,5535,505528125447757824,0,kevindepew,"['Theres', 'like', 'olive', 'oil', 'everywhere', 'Detergent', 'Pieces', 'of', 'old', 'bread']",[],01:31:12,17234141
380,2014-08-30,Sat,5535,505527787365888000,0,kevindepew,"['One', 'thing', 'you', 'do', 'when', 'your', 'familys', 'out', 'of', 'town', 'is', 'mess', 'up', 'the', 'house', 'real', 'bad']",[],01:29:51,17234141
381,2014-08-29,Fri,5535,505185373165998080,0,kevindepew,"['I', 'know', 'all', 'of', 'you', 'who', 'unfollowed', 'me', 'tonight', 'have', 'filthy', 'catchcaddys', 'You', 'will', 'not', 'be', 'on', 'the', 'show']",[],02:49:13,17234141
382,2014-08-29,Fri,5535,505184953777528833,1,kevindepew,"['Its', 'not', 'impossible', 'a', 'team', 'in', 'the', 'Detroit-Cleveland-Buffalo', 'triangle', 'could', 'assemble', 'a', 'weird', 'Manziel-Tebow', 'minotaur', 'A', 'Johnny', 'Tebow']",[],02:47:33,17234141
383,2014-08-29,Fri,5535,505180393109463041,1,kevindepew,"['Whats', 'the', 'farthest', 'place', 'from', 'home', 'plate', 'we', 'can', 'put', 'this', 'catcher', 'Bullpen', 'No', 'I', 'dont', 'want', 'him', 'near', 'our', 'pitchers', 'Outfield']",[],02:29:26,17234141
384,2014-08-29,Fri,5535,505179539476348928,0,kevindepew,"['When', 'we', 'get', 'those', 'self-driving', 'cars', 'the', 'jowlcaddy', 'will', 'replace', 'the', 'catchcaddy', 'Invest', 'now']",[],02:26:02,17234141
385,2014-08-29,Fri,5535,505178821180805120,0,kevindepew,"['Honestly', 'Sharon', 'I', 'just', 'throw', 'em', 'away', 'No', 'Yes', 'I', 'do', 'After', 'three', 'games', 'those', 'jowlcaddys', 'are', 'disgusting']",[],02:23:11,17234141
386,2014-08-29,Fri,5535,505178442212864000,0,kevindepew,"['DONT', 'MISS', 'AN', 'INSTANT', 'OF', 'FOOTBALL', 'OR', 'A', 'MORSEL', 'OF', 'MEAT', 'WITH', 'THE', 'JOWLCADDY']",[],02:21:41,17234141
387,2014-08-29,Fri,5535,505178330652745729,0,kevindepew,"['What', 'would', 'be', 'cool', 'is', 'a', 'line', 'of', 'personal', 'indoor', 'catchcaddys', 'For', 'like', 'the', 'jowls', 'and', 'stuff']",[],02:21:14,17234141
388,2014-08-29,Fri,5535,505177629402877952,0,kevindepew,"['AmericansTorn', 'Between', 'Crucial', 'KhakiTan', 'Distinction']",[],02:18:27,17234141
389,2014-08-29,Fri,5535,505176456914550784,0,kevindepew,"['I', 'bet', 'the', 'whoever', 'invented', 'the', 'catchcaddy', 'would', 'be', 'the', 'best', 'host', 'So', 'it', 'would', 'be', 'an', 'entertainfomercial', 'which', 'is', 'what', 'all', 'TV', 'is', 'now', 'anyway']",[],02:13:47,17234141
390,2014-08-29,Fri,5535,505175812933701632,0,kevindepew,"['The', 'key', 'to', 'Catchcaddydaddy', 'is', 'that', 'the', 'host', 'be', 'a', 'guy', 'who', 'looks', 'like', 'the', 'host', 'of', 'a', 'show', 'called', 'Catchcaddydaddy']",[],02:11:14,17234141
391,2014-08-29,Fri,5535,505175099583234048,0,kevindepew,"['You', 'are', 'welcome', 'America']",[],02:08:24,17234141
392,2014-08-29,Fri,5535,505174804945981440,0,kevindepew,"['Working', 'Title', 'Catchcaddydaddy']",[],02:07:13,17234141
393,2014-08-29,Fri,5535,505174672703770624,0,kevindepew,"['Contestants', 'see', 'who', 'agrees', 'to', 'let', 'their', 'catchcaddy', 'get', 'audited', 'and', 'then', 'guess', 'the', 'value', 'of', 'the', 'catchcaddy', 'contents', 'Fries', 'are', 'only', '$01']",[],02:06:42,17234141
394,2014-08-29,Fri,5535,505174190979579905,0,kevindepew,"['After', 'people', 'get', 'their', 'order', 'you', 'stop', 'them', 'and', 'ask', 'to', 'see', 'whats', 'in', 'their', 'catchcaddy']",[],02:04:47,17234141
395,2014-08-29,Fri,5535,505174019545788416,1,kevindepew,"['You', 'just', 'put', 'a', 'guy', 'and', 'a', 'small', 'crew', 'in', 'the', 'parking', 'lot', 'of', 'some', 'fast', 'food', 'restaurant']",[],02:04:06,17234141
396,2014-08-29,Fri,5535,505173843204657152,1,kevindepew,"['A', 'good', 'show', 'would', 'be', 'one', 'of', 'those', 'gotcha', 'things', 'about', 'what', 'people', 'have', 'in', 'their', 'catchcaddys']",[],02:03:24,17234141
397,2014-08-29,Fri,5535,505156325358456832,1,kevindepew,"['I', 'only', 'say', 'that', 'cause', 'i', 'just', 'ordered', 'a', 'catchcaddy', 'After', 'all', 'Im', 'wearing', 'a', 'YALL', 'shirt']",[],00:53:47,17234141
398,2014-08-29,Fri,5535,505154953334513665,0,kevindepew,"['I', 'love', 'Glen', 'and', 'all', 'but', 'I', 'cant', 'deal', 'with', 'his', 'catchcaddy', 'Lord', 'hes', 'got', 'food', 'in', 'there', 'from', 'the', 'old', 'McDonalds', 'menu']",[],00:48:20,17234141
399,2014-08-29,Fri,5535,505154441285496832,0,kevindepew,"['How', 'often', 'does', 'a', 'man', 'empty', 'out', 'a', 'catchcaddy', 'full', 'of', 'French', 'fries', 'pennies', 'dimes', 'and', 'such', 'Whats', 'the', 'etiquette', 'there', 'Weekly']",[],00:46:18,17234141
400,2014-08-29,Fri,5535,505153209397420033,0,kevindepew,"['Made', 'me', 'wonder', 'how', 'many', 'French', 'fries', 'a', 'person', 'has', 'to', 'drop', 'under', 'the', 'seat', 'of', 'their', 'car', 'before', 'they', 'think', 'to', 'invent', 'a', 'catch', 'caddy']",[],00:41:25,17234141
401,2014-08-29,Fri,5535,505152546357649408,1,kevindepew,"['Theres', 'an', 'ad', 'on', 'the', 'SEC', 'Network', 'for', 'a', 'catchcaddy', 'that', 'collects', 'the', 'french', 'fries', 'you', 'drop', 'while', 'driving', 'your', 'gigantic', 'southern', 'ass', 'around']",[],00:38:46,17234141
402,2014-08-28,Thu,5535,504963759849631744,1,kevindepew,"['Like', 'most', 'Americans', 'my', 'age', 'Ive', 'always', 'believed', 'Rhoda', 'was', 'responsible', 'for', 'World', 'War', 'II']",[],12:08:36,17234141
403,2014-08-28,Thu,5535,504950135177379841,1,kevindepew,"['This', 'Josh', 'Shaw', 'thing', 'has', 'me', 'wondering', 'if', 'other', 'people', 'with', 'sprained', 'ankles', 'are', 'also', 'lying']",[],11:14:28,17234141
404,2014-08-28,Thu,5535,504828013037768704,1,kevindepew,"['When', 'they', 'come', 'home', 'theyre', 'like', 'Whys', 'it', 'so', 'hot', 'whats', 'with', 'the', 'ankle', 'bracelet', 'Oh', 'my', 'god', 'gross', 'rotten', 'eggs', 'What', 'happened']",[],03:09:12,17234141
405,2014-08-28,Thu,5535,504827339382222849,2,kevindepew,"['Whenever', 'my', 'family', 'leaves', 'town', 'I', 'turn', 'the', 'AC', 'off', 'sleep', 'in', 'the', 'bunk', 'bed', 'like', 'Cool', 'Hand', 'Luke', 'get', 'arrested', 'then', 'eat', '50', 'eggs']",[],03:06:31,17234141
406,2014-08-28,Thu,5535,504823253660340224,1,kevindepew,"['Bad', 'news', 'twitter', 'just', 'told', 'me', 'i', 'need', 'to', 'increase', 'engagement', 'by', '50', 'or', 'theyre', 'gonna', 'drop', 'me', 'for', 'another', 'guy', 'using', 'a', 'payphone']",[],02:50:17,17234141
407,2014-08-28,Thu,5535,504816596372963328,0,kevindepew,"['Been', 'looking', 'forward', 'to', 'this', 'Joanna', 'Gruesome', 'show', 'at', 'the', 'Seaport', 'this', 'Friday', 'all', 'summer', 'NowPlaying']",[],02:23:50,17234141
408,2014-08-28,Thu,5535,504811188392558592,0,kevindepew,"['Without', 'sound', 'that', 'one', 'anti-smoking', 'ad', 'where', 'they', 'squeeze', 'the', 'yellow', 'stuff', 'out', 'of', 'the', 'esophagus', 'and', 'then', 'pan', 'out', 'is', 'really', 'good', 'plating']",[],02:02:20,17234141
409,2014-08-28,Thu,5535,504788902981693440,1,kevindepew,"['My', 'greatest', 'fear', 'is', 'an', 'ironic', 'death']",[],00:33:47,17234141
410,2014-08-28,Thu,5535,504788836380315648,1,kevindepew,"['Just', 'DMd', 'my', 'twitter', 'password', 'to', 'some', 'of', 'you', 'If', 'I', 'die', 'tonight', 'after', 'eating', 'bread', 'please', 'delete', 'that', 'last', 'tweet']",[],00:33:31,17234141
411,2014-08-28,Thu,5535,504785795019210753,4,kevindepew,"['Whatever', 'you', 'do', 'for', 'dinner', 'tonight', 'DO', 'NOT', 'EAT', 'BREAD', 'After', '30000', 'years', 'thats', 'the', 'one', 'thing', 'weve', 'learned']",[],00:21:26,17234141
412,2014-08-27,Wed,5535,504679919566462977,3,kevindepew,"['GQ', 'ranks', 'Donald', 'Sterling', '1', 'as', 'a', 'bigger', 'sleazebag', 'than', 'Aaron', 'Hernandez', '2', 'so', 'cheer', 'up', 'murderers']",[],17:20:43,17234141
413,2014-08-27,Wed,5535,504670418654208000,0,kevindepew,"['Lets', 'talk', 'about', 'affordable', 'housing', 'You', 'mean', 'the', 'poor', 'Whoa', 'whoa', 'I', 'didnt', 'say', 'that']",[],16:42:58,17234141
414,2014-08-27,Wed,5535,504669776799883264,0,kevindepew,"['So', 'what', 'you', 'mean', 'by', 'being', 'in', 'favor', 'of', 'affordable', 'housing', 'yet', 'not', 'in', 'your', 'neighborhood', 'is', 'that', 'youre', 'in', 'favor', 'of', 'affordable', 'housing']",[],16:40:25,17234141
415,2014-02-25,Tue,5535,438352056429338624,0,kevindepew,"['Too', 'Big', 'to', 'Fell', 'BernankeBookTitles']",[],16:37:29,17234141
416,2014-02-25,Tue,5535,438331986072334337,0,kevindepew,"['Text', 'of', 'speech', 'Fed', 'Gov', 'Tarullo', 'is', 'giving', 'this', 'morning', 'at', 'NABE', 'conference']",[],15:17:43,17234141
