0,2014-09-25,Thu,10467,515262293987590144,0,matt_levine,"['New', 'worst', 'twitter', 'is', 'Ello', 'twitter']",[],22:11:18,14230772
1,2014-09-25,Thu,10467,515177905710956544,5,matt_levine,"['@tracyalloway', 'is', 'troublingly', 'good', 'at', 'illustrating', 'financial', 'stories']",[],16:35:58,14230772
2,2014-09-25,Thu,10467,515127342088605696,9,matt_levine,"['Tip', 'for', 'young', 'traders', 'Try', 'to', 'get', 'a', 'job', 'trading', 'the', 'benchmarks', 'that', 'its', 'still', 'legal', 'to', 'manipulate']",[],13:15:03,14230772
3,2014-09-25,Thu,10467,515109651940380672,0,matt_levine,"['This', 'linkwrap', 'is', 'full', 'of', 'zest', 'or', 'zing']",[],12:04:45,14230772
4,2014-09-24,Wed,10467,514890293708357632,3,matt_levine,['Inbox'],[],21:33:06,14230772
5,2014-09-24,Wed,10467,514856349591953409,2,matt_levine,"['NOTED', 'GOLDMAN', 'SACHS', 'APOLOGIST', 'HAMILTON', 'NOLAN']",[],19:18:13,14230772
6,2014-09-24,Wed,10467,514855136855080960,1,matt_levine,"['I', 'didnt', 'realize', 'dukes', 'could', 'be', 'knighted', 'I', 'thought', 'like', 'duke', 'outranks', 'knight', 'Also', 'all', 'of', 'this', 'obvs']",[],19:13:24,14230772
7,2014-09-24,Wed,10467,514836752050450433,6,matt_levine,"['I', 'pondered', 'Pimco']",[],18:00:21,14230772
8,2014-09-24,Wed,10467,514835587518726144,2,matt_levine,"['And', 'iOS', '802', 'blocks', 'you', 'from', 'receiving', 'Twitter', 'jokes', 'about', 'upgrading', 'to', 'iOS', '801', 'to', 'block', 'phone', 'calls']",[],17:55:43,14230772
9,2014-09-24,Wed,10467,514832450246434816,1,matt_levine,"['Oh', 'cool', 'Harvard', 'Freshman', 'Serenity', 'Room']",[],17:43:15,14230772
10,2014-09-24,Wed,10467,514753110729048064,1,matt_levine,"['This', 'linkwrap', 'is', 'sitting', 'on', 'staggering', 'beauty', 'and', 'creativity', 'past', 'and', 'present']",[],12:27:59,14230772
11,2014-09-23,Tue,10467,514536549988716544,7,matt_levine,"['Rat', 'traders', 'office', 'looks', 'pretty', 'nice', 'tbh', 'via', '@KStand']",[],22:07:27,14230772
12,2014-09-23,Tue,10467,514535887905259520,17,matt_levine,"['guys', 'Im', 'starting', 'a', 'hedge', 'fund', 'too', '\\', '\xe3\x85\x85', '\xe3\x81\xa5']",[],22:04:49,14230772
13,2014-09-23,Tue,10467,514531718691581953,3,matt_levine,"['One', 'project', 'is', 'Matt', 'Levines', 'Rat', 'Finance', 'Twitter', 'Levine', 'taught', 'rats', 'to', 'tweet', 'about', 'financial', 'news', 'He', 'says', 'the', 'rats', 'outperformed', 'some', 'of', 't']",[],21:48:15,14230772
14,2014-09-23,Tue,10467,514531387970699264,7,matt_levine,"['Really', 'enjoying', 'Rat', 'Finance', 'Twitter']",[],21:46:57,14230772
15,2014-09-23,Tue,10467,514438335222525952,0,matt_levine,"['It', 'is', 'actually', 'kind', 'of', 'weird', 'that', 'there', 'hasnt', 'been', 'an', 'a-hed', 'about', '@darth']",[],15:37:11,14230772
16,2014-09-23,Tue,10467,514383968729579520,2,matt_levine,"['This', 'linkwrap', 'is', 'sponsored', 'by', 'Swarm', 'of', 'Rats', 'Capital', 'Management', 'LLC']",[],12:01:09,14230772
17,2014-09-22,Mon,10467,514160906432184321,20,matt_levine,"['I', 'wrote', 'about', 'Alibaba', 'and', 'Yahoo']",[],21:14:47,14230772
18,2014-09-22,Mon,10467,514084266196889600,0,matt_levine,"['Math', 'is', 'like', 'issue', '$42', 'b', 'of', 'stock', 'in', 'exchange', 'for', '$36', 'b', 'of', 'stock', 'and', '$6', 'b', 'in', 'cash', 'Yahoo', 'Japan', 'etc', 'thrown', 'in', 'for', 'free', 'What', 'am', 'I', 'missing']",[],16:10:14,14230772
19,2014-09-22,Mon,10467,514083899530825728,4,matt_levine,"['Shouldnt', 'Alibaba', 'just', 'buy', 'Yahoo', 'for', 'stock']",[],16:08:47,14230772
20,2014-09-22,Mon,10467,514025130063044608,2,matt_levine,"['Be', 'sure', 'to', 'eat', 'this', 'linkwrap', 'after', 'you', 'read', 'it']",[],12:15:15,14230772
21,2014-09-18,Thu,10467,512719512064368640,4,matt_levine,"['I', 'would', 'fill', 'those', 'guys', 'It', 'would', 'end', 'my', 'career', 'but', 'itd', 'be', 'worth', 'it']",[],21:47:12,14230772
22,2014-09-18,Thu,10467,512718375059865600,10,matt_levine,"['one', 'hedge', 'fund', 'with', '$3', 'billion', 'in', 'assets', 'placed', 'a', 'multibillion-dollar', 'order']",[],21:42:41,14230772
23,2014-09-18,Thu,10467,512666923402670080,5,matt_levine,"['you', 'just', 'made', 'two', 'fallacies', '\\', '\xe3\x85\x85', '\xe3\x81\xa5']",[],18:18:14,14230772
24,2014-09-18,Thu,10467,512659285374156800,4,matt_levine,"['I', 'wrote', 'about', 'Santander']",[],17:47:53,14230772
25,2014-09-18,Thu,10467,512639705913909248,16,matt_levine,"['The', 'spectacle', 'is', 'not', 'a', 'collection', 'of', 'images', 'but', 'a', 'social', 'relation', 'among', 'people', 'mediated', 'by', 'images', '\\', '\xe3\x85\x85', '\xe3\x81\xa5']",[],16:30:04,14230772
26,2014-09-18,Thu,10467,512601371007528960,1,matt_levine,"['Capitalism', 'is', 'the', 'real', 'scandal', 'would', 'be', 'a', 'good', 'sign', 'bunny']",[],13:57:45,14230772
27,2014-09-18,Thu,10467,512573133447237632,1,matt_levine,"['This', 'linkwrap', 'thought', 'you', 'were', 'sophisticated']",[],12:05:32,14230772
28,2014-09-17,Wed,10467,512359311574462464,0,matt_levine,"['Im', 'getting', 'a', 'little', 'worried', 'that', 'Vox', 'isnt', 'kidding', 'about', 'the', 'sign', 'bunny', 'explainer']",[],21:55:53,14230772
29,2014-09-17,Wed,10467,512328243983429632,0,matt_levine,"['But', 'does', 'he', 'salt', 'the', 'pasta', 'water']",[],19:52:26,14230772
30,2014-09-17,Wed,10467,512315948301553665,6,matt_levine,"['I', 'wrote', 'about', 'net', 'capital', 'requirements']",[],19:03:35,14230772
31,2014-09-17,Wed,10467,512277291045748736,0,matt_levine,"['Like', 'if', 'the', 'office', 'dishwasher', 'exploded', 'Id', 'totally', 'click', 'through', 'that', 'slideshow']",[],16:29:58,14230772
32,2014-09-17,Wed,10467,512276695089709057,0,matt_levine,"['Did', '@businessinsider', 'ever', 'run', 'those', 'takeout', 'containers', 'through', 'the', 'dishwasher']",[],16:27:36,14230772
33,2014-09-17,Wed,10467,512211080484233216,0,matt_levine,"['Theres', 'a', 'lot', 'of', 'disappointment', 'that', 'this', 'linkwrap', 'has', 'not', 'been', 'able', 'to', 'capture', 'more', 'of', 'the', 'market', 'results']",[],12:06:52,14230772
34,2014-09-16,Tue,10467,511983734481227776,5,matt_levine,"['I', 'wrote', 'about', 'that', 'law', 'firm', 'insider', 'trader']",[],21:03:29,14230772
35,2014-09-16,Tue,10467,511951718813159425,2,matt_levine,"['Ha', 'BlackRock', 'illegally', 'shorted', 'MetLife', 'ahead', 'of', 'an', 'offering']",[],18:56:16,14230772
36,2014-09-16,Tue,10467,511923552569024513,12,matt_levine,"['I', 'wrote', 'about', 'Calpers']",[],17:04:20,14230772
37,2014-09-16,Tue,10467,511851815898726400,6,matt_levine,"['Also', 'I', 'wrote', 'about', 'FHLB', 'advances']",[],12:19:17,14230772
38,2014-09-16,Tue,10467,511850117092352000,0,matt_levine,"['This', 'linkwrap', 'is', 'not', 'unaware', 'of', 'the', 'scathing', 'hedge', 'fund', 'presentation']",[],12:12:32,14230772
39,2014-09-15,Mon,10467,511640964201717760,3,matt_levine,"['This', 'is', 'bad', 'due', 'diligence']",[],22:21:26,14230772
40,2014-09-15,Mon,10467,511633854248284160,3,matt_levine,"['Why', 'was', 'Calpers', 'in', 'funds-of-funds', 'though']",[],21:53:11,14230772
41,2014-09-15,Mon,10467,511593999992619008,2,matt_levine,"['Funny', 'to', 'think', 'that', 'the', 'average', 'member', 'of', 'silly-rich-people', 'social', 'network', 'is', 'now', '39']",[],19:14:49,14230772
42,2014-09-15,Mon,10467,511592436926545921,2,matt_levine,"['This', 'is', 'so', 'wonderful']",[],19:08:36,14230772
43,2014-09-15,Mon,10467,511515030781968384,1,matt_levine,"['Important', 'correction', 'takeout', 'containers', 'are', 'not', 'dishwasher', 'safe', 'Also', 'unlimited', 'breadsticks', '=', 'good']",[],14:01:01,14230772
44,2014-09-15,Mon,10467,511514525175402496,0,matt_levine,"['No', 'word', 'on', 'the', 'salt', 'thing', 'though']",[],13:59:00,14230772
45,2014-09-15,Mon,10467,511507279309701120,9,matt_levine,"['The', 'failed', '90s', 'beverage', 'will', 'be', 'sold', 'exclusively', 'through', 'Amazon', 'good', 'sentence']",[],13:30:13,14230772
46,2014-09-15,Mon,10467,511485206550052864,1,matt_levine,"['This', 'linkwrap', 'is', 'fimbriated', 'argent']",[],12:02:30,14230772
47,2014-09-12,Fri,10467,510536230174744576,1,matt_levine,"['JPMorgan', 'hack', 'makes', 'me', 'feel', 'good', 'about', 'my', 'life', 'decision', 'to', 'avoid', 'charity', 'and', 'exercise']",[],21:11:37,14230772
48,2014-09-12,Fri,10467,510533674753077248,7,matt_levine,"['I', 'wrote', 'about', 'reverse', 'distributions']",[],21:01:27,14230772
49,2014-09-12,Fri,10467,510515046511017986,0,matt_levine,"['Deadspin', 'clearly', 'never', 'had', 'the', 'Lobster', 'Spaghetti', 'Or', 'the', 'Tortellini', 'Fizzano']",[],19:47:26,14230772
50,2014-09-12,Fri,10467,510482738940764160,0,matt_levine,"['would', 'violate', 'three', 'if', 'not', 'four', 'of', 'the', 'provisions', 'in', 'our', 'code', 'of', 'ethics']",[],17:39:03,14230772
51,2014-09-12,Fri,10467,510432487991177216,6,matt_levine,"['Slide', '200', 'is', 'harsh']",[],14:19:23,14230772
52,2014-09-12,Fri,10467,510430752073580544,0,matt_levine,"['Slide', '166', 'laments', 'lost', 'Olive', 'Garden', 'dishes', 'like', 'Lobster', 'Spaghetti', 'had', 'a', 'marvelous', 'flavor', 'and', 'was', 'loved', 'by', 'guests']",[],14:12:29,14230772
53,2014-09-12,Fri,10467,510430519746899968,3,matt_levine,"['Also', 'I', 'mentioned', 'it', 'in', 'the', 'linkwrap', 'but', 'this', '2011', 'article', 'is', 'both', 'essential', 'background', 'and', 'deeply', 'hilarious']",[],14:11:33,14230772
54,2014-09-12,Fri,10467,510430266087976960,1,matt_levine,"['Slide', '147', 'Brinker', 'had', 'a', 'program', 'to', 'sell', 'more', 'booze', 'which', 'it', 'codenamed', 'Raising', 'the', 'Bar']",[],14:10:33,14230772
55,2014-09-12,Fri,10467,510429479509192704,7,matt_levine,"['The', 'pleasures', 'of', 'that', 'StarboardDarden', 'deck', 'are', 'inexhaustible', 'Slide', '111', 'why', 'are', 'to-go', 'containers', 'dishwasher-safe']",[],14:07:25,14230772
56,2014-09-12,Fri,10467,510401626226823168,6,matt_levine,"['I', 'wrote', 'about', 'congressional', 'insider', 'trading']",[],12:16:45,14230772
57,2014-09-12,Fri,10467,510399343518814208,0,matt_levine,"['At', 'this', 'linkwrap', 'Culinary', 'is', 'subservient', 'to', 'Marketing']",[],12:07:40,14230772
58,2014-09-11,Thu,10467,510176343854968832,0,matt_levine,"['Superior', 'Performance', 'by', 'a', 'Litigative', 'Team', 'adorbs']",[],21:21:33,14230772
59,2014-09-11,Thu,10467,510135522816458752,7,matt_levine,"['If', 'only', 'investors', 'could', 'hire', 'someone', 'to', 'pick', 'the', 'hedge', 'funds', 'whose', 'performance', 'justifies', 'their', 'fees']",[],18:39:21,14230772
60,2014-09-11,Thu,10467,510121658456481792,12,matt_levine,"['Guys', 'Im', 'getting', 'a', 'new', 'job', 'via', '@daisyrazor']",[],17:44:15,14230772
61,2014-09-11,Thu,10467,510113202886422528,0,matt_levine,"['Thats', 'called', 'internet', 'literacy']",[],17:10:39,14230772
62,2014-09-11,Thu,10467,510113175749283840,0,matt_levine,"['Really', 'though', 'we', 'should', 'teach', 'kids', 'that', 'everything', 'is', 'like', 'Hitler', 'in', 'some', 'ways', 'and', 'unlike', 'Hitler', 'in', 'other', 'ways']",[],17:10:33,14230772
63,2014-09-11,Thu,10467,510080557737598977,2,matt_levine,"['CEOs', 'who', 'finish', 'a', 'marathon', 'in', 'a', 'given', 'year', 'are', 'associated', 'with', 'a', 'significantly', 'higher', 'firm', 'value', 'Tobins', 'Q']",[],15:00:56,14230772
64,2014-09-11,Thu,10467,510072605689544705,0,matt_levine,"['Things-spewing-out-of-things', '@BW', 'gif', 'alert', 'previously']",[],14:29:20,14230772
65,2014-09-11,Thu,10467,510057166276165632,1,matt_levine,"['Sort', 'of', 'disappointed', 'that', '@FiveThirtyEight', 'wont', 'tell', 'me', 'if', 'Scotland', 'is', 'leaving', 'the', 'UK']",[],13:27:59,14230772
66,2014-09-11,Thu,10467,510036583865942016,1,matt_levine,"['Inadvertence', 'is', 'no', 'defense', 'to', 'this', 'linkwrap']",[],12:06:12,14230772
67,2014-09-10,Wed,10467,509824266767187968,1,matt_levine,"['penchant', 'for', 'mixing', 'folksy', 'business', 'wisdom', 'with', 'aberrant', 'sex', 'fetish']",[],22:02:31,14230772
68,2014-09-10,Wed,10467,509773584420843520,4,matt_levine,"['I', 'wrote', 'about', 'dollars']",[],18:41:08,14230772
69,2014-09-10,Wed,10467,509707888391376896,0,matt_levine,"['I', 'like', 'the', 'idea', 'that', 'mortgage', 'fraud', 'is', 'a', 'gang', 'crime', 'and', 'the', 'gang', 'is', 'the', 'Conservative', 'Vice', 'Lords']",[],14:20:05,14230772
70,2014-09-10,Wed,10467,509693173145546752,6,matt_levine,"['The', 'two', 'least', 'meaningful', 'jobs', 'are', 'fast-food', 'cooks', 'and', 'lawyers']",[],13:21:36,14230772
71,2014-09-10,Wed,10467,509671562900164609,3,matt_levine,"['This', 'is', 'the', 'most', 'shareholder-unfriendly', 'hostile', 'linkwrap', 'so', 'far', 'this', 'week']",[],11:55:44,14230772
72,2014-09-10,Wed,10467,509669620945797120,4,matt_levine,"['lt', 'WELCOME', '\\', '\\', 'gt', 'FOLLOWER', '\\', 'lt', 'gt', '10000', '\\']",[],11:48:01,14230772
73,2014-09-09,Tue,10467,509434943286808576,2,matt_levine,"['Outsource', 'your', 'securities', 'fraud', 'to', 'an', 'efficient', 'offshore', 'contractor']",[],20:15:29,14230772
74,2014-09-09,Tue,10467,509389376724684800,2,matt_levine,"['Okay', 'fine', 'twitter', 'filter', 'my', 'stream', 'I', 'dont', 'even', 'care', 'any', 'more']",[],17:14:26,14230772
75,2014-09-09,Tue,10467,509378058307239936,2,matt_levine,"['I', 'wrote', 'about', 'Mathew', 'Martoma']",[],16:29:27,14230772
76,2014-09-09,Tue,10467,509376357571518464,0,matt_levine,"['Ok', '@kevinroose', 'next', 'do', 'Apple', 'Twitter', 'Stream', 'Jokes', 'Bingo']",[],16:22:42,14230772
77,2014-09-09,Tue,10467,509361644989075456,2,matt_levine,"['The', 'Onion', 'is', 'really', 'ramping', 'up', 'its', 'financial', 'coverage', 'amp']",[],15:24:14,14230772
78,2014-09-09,Tue,10467,509314182324707329,1,matt_levine,"['This', 'linkwrap', 'has', 'a', 'fresh', 'attitude', 'an', 'incredible', 'work', 'ethic', 'and', 'an', 'unbendable', 'desire', 'to', 'help', 'add', 'value']",[],12:15:38,14230772
79,2014-09-08,Mon,10467,509101015975870465,2,matt_levine,"['Its', 'a', 'duckblur']",[],22:08:35,14230772
80,2014-09-08,Mon,10467,509032542067245056,1,matt_levine,"['Like', '1', 'What', 'is', 'an', 'analystassociate', '2', 'Where', 'are', 'our', 'offices']",[],17:36:30,14230772
81,2014-09-08,Mon,10467,509032479907647488,0,matt_levine,"['You', 'see', 'them', 'around', 'the', 'trading', 'floors', 'in', 'the', 'investment', 'banking', 'bullpens', 'and', 'throughout', 'offices', 'such', 'as', 'Jersey', 'City', 'London', 'and', 'LA']",[],17:36:15,14230772
82,2014-09-08,Mon,10467,509031352441012224,0,matt_levine,"['Also', 'Three', 'more', 'months', 'and', 'we', 'enter', 'fiscal', '2015', 'if', 'that', 'doesn', 't', 'make', 'you', 'feel', 'old', 'nothing', 'will', 'Really', 'an', 'amazing', 'letter', 'all', 'around']",[],17:31:46,14230772
83,2014-09-08,Mon,10467,509019112061014016,3,matt_levine,"['Take', 'an', 'interest', 'in', 'where', 'they', 'grew', 'up', 'and', 'the', 'school', 'from', 'which', 'they', 'recently', 'graduated']",[],16:43:08,14230772
84,2014-09-08,Mon,10467,508968623080493056,1,matt_levine,"['Data', 'journalism', 'project', 'Clickthrough', 'rates', 'on', 'Monday-morning', 'John', 'Oliver', 'now', 'that', 'no', 'one', 'can', 'say', 'destroy']",[],13:22:30,14230772
85,2014-09-08,Mon,10467,508950423286579200,1,matt_levine,"['This', 'linkwrap', 'is', 'about', 'lumberjacks', 'in', 'a', 'remote', 'logging', 'camp', 'who', 'need', 'to', 'have', 'food', 'trucked', 'in']",[],12:10:11,14230772
86,2014-09-05,Fri,10467,507932875623505920,2,matt_levine,"['That', 'is', 'From', 'casual', 'inspection', 'std', 'dev', 'of', 'college', 'degree', 'returns', 'seems', 'lt', 'sd', 'of', 'S', 'ampP', '500', 'so', 'lower', 'return', 'seems', 'justified']",[],16:46:49,14230772
87,2014-09-05,Fri,10467,507932280133017601,2,matt_levine,"['Data', 'journalism', 'project', 'Sharpe', 'ratio', 'of', 'college', 'degree', 'Cf', 'cc', '@felixsalmon', '@carney']",[],16:44:27,14230772
88,2014-09-05,Fri,10467,507898569047961600,7,matt_levine,"['Once', 'you', 'know', 'I', 'trade', 'futures', 'contracts', 'on', 'my', 'couch', 'you', 'can', 'probably', 'fill', 'in', 'the', 'rest', 'of', 'this']",[],14:30:29,14230772
89,2014-09-05,Fri,10467,507860779513552897,2,matt_levine,"['This', 'linkwrap', 'preys', 'on', 'the', 'rational', 'behavior', 'of', 'warm-blooded', 'investors']",[],12:00:20,14230772
90,2014-09-04,Thu,10467,507632577713164288,0,matt_levine,"['Microtargeting', 'microtrolling']",[],20:53:32,14230772
91,2014-09-04,Thu,10467,507601422913765376,5,matt_levine,"['Twitter', 'is', 'basically', 'Derek', 'Parfits', 'mere', 'addition', 'paradox']",[],18:49:44,14230772
92,2014-09-04,Thu,10467,507598854976327680,4,matt_levine,"['If', 'you', 'get', 'a', 'letter', 'like', 'this', 'from', 'your', 'hedge', 'fund', 'manager', 'youre', 'the', 'problem']",[],18:39:32,14230772
93,2014-09-04,Thu,10467,507596859720728576,12,matt_levine,"['I', 'wrote', 'about', 'vice', 'presidents']",[],18:31:36,14230772
94,2014-09-04,Thu,10467,507581576532594688,3,matt_levine,"['Also', 'I', 'personally', 'find', 'it', 'hard', 'to', 'believe', 'that', 'an', 'investment', 'banker', 'would', 'ruin', 'a', 'beloved', 'product', 'in', 'search', 'of', 'higher', 'profits']",[],17:30:52,14230772
95,2014-09-04,Thu,10467,507578523679076352,9,matt_levine,"['In', 'conclusion', 'capitalism', 'is', 'terrible']",[],17:18:45,14230772
96,2014-09-04,Thu,10467,507578500639768577,4,matt_levine,"['But', 'of', 'course', 'ruining', 'Twitter', 'probably', 'will', 'actually', 'increase', 'revenues', 'and', 'the', 'stock', 'price', 'So', 'JRCTO', 'is', 'doomed']",[],17:18:39,14230772
97,2014-09-04,Thu,10467,507578409463992320,7,matt_levine,"['So', 'you', 'start', 'Just', 'Reverse', 'Chronological', 'Twitter', 'Okay', 'and', 'pay', 'engineers', 'with', 'put', 'options', 'on', 'TWTR', 'stock']",[],17:18:17,14230772
98,2014-09-04,Thu,10467,507578376375123968,1,matt_levine,"['The', 'problem', 'is', 'paying', 'for', 'it', 'I', 'like', '@TheStalwarts', 'idea', 'of', 'funding', 'disruptive', 'companies', 'by', 'shorting', 'the', 'incumbents', 'they', 'disrupt']",[],17:18:09,14230772
99,2014-09-04,Thu,10467,507578350613721088,2,matt_levine,"['Of', 'course', 'there', 'should', 'be', 'a', 'nonprofitmutual', 'social', 'network', 'which', 'wouldnt', 'become', 'awful', 'to', 'growget', 'adsplease', 'investors']",[],17:18:03,14230772
100,2014-09-04,Thu,10467,507497046761570304,1,matt_levine,"['Island', 'life', 'has', 'been', 'good', 'to', 'this', 'linkwrap']",[],11:54:59,14230772
101,2014-09-03,Wed,10467,507289355057393664,0,matt_levine,"['Much', 'more', 'so', 'than', 'tough', 'on', 'individual', 'bankers', 'who', 'have', 'less', 'money', 'to', 'spend', 'on', 'lawyers', 'So', 'thats', 'its', 'own', 'theory', 'of', 'the', 'revolving', 'door']",[],22:09:41,14230772
102,2014-09-03,Wed,10467,507289257229426690,0,matt_levine,"['Actually', 'tougheasy', 'is', 'the', 'wrong', 'metric', 'Tony', 'West', 'was', 'expensive', 'for', 'banks', 'which', 'makes', 'him', 'valuable', 'in', 'private', 'practice']",[],22:09:18,14230772
103,2014-09-03,Wed,10467,507288147915730944,1,matt_levine,"['I', 'think', 'I', 'vote', 'tough', 'and', 'will', 'now', 'go', 'help', 'banks', 'deal', 'with', 'regulators', 'as', 'predicted', 'by', 'theory', 'but', 'am', 'not', 'sure']",[],22:04:54,14230772
104,2014-09-03,Wed,10467,507287917212229632,1,matt_levine,"['So', 'in', 'my', 'unscientific', 'classification', 'of', 'revolving', 'door-ers', 'Geithner', 'Cantor', '=', 'easy', 'Bair', 'Chilton', '=', 'tough', 'where', 'should', 'I', 'put', 'Tony', 'West']",[],22:03:59,14230772
105,2014-09-03,Wed,10467,507256874996363264,0,matt_levine,"['Eventually', 'Ill', 'run', 'out', 'of', 'abbreviations', 'to', 'email', '@maxabelson', 'But', 'then', 'Ill', 'just', 'make', 'up', 'new', 'ones']",[],20:00:38,14230772
106,2014-09-03,Wed,10467,507234254934519808,17,matt_levine,"['I', 'wrote', 'about', 'aluminum']",[],18:30:44,14230772
107,2014-09-03,Wed,10467,507232053168181249,0,matt_levine,"['Also', 'though', 'the', 'HP', '12C', 'is', 'an', 'astonishing', '$53', 'and', 'you', 'could', 'pretty', 'much', 'whittle', 'one', 'yourself']",[],18:22:00,14230772
108,2014-09-03,Wed,10467,507137897083191296,1,matt_levine,"['This', 'linkwrap', 'will', 'misdirect', 'you', 'from', 'some', 'languishing', 'efforts', 'at', 'pillaging']",[],12:07:51,14230772
109,2014-09-02,Tue,10467,506934379932033024,8,matt_levine,"['I', 'wrote', 'about', 'Moelis', 'amp', 'Cantor']",[],22:39:09,14230772
110,2014-09-02,Tue,10467,506857748269895680,0,matt_levine,"['This', 'in', 'particular', 'is', 'pure', 'fantasy', 'Moelis', 'doesnt', 'trade', 'derivatives', 'etc', 'ht', '@EpicureanDeal']",[],17:34:38,14230772
111,2014-09-02,Tue,10467,506857237605007361,2,matt_levine,"['Look', 'I', 'made', 'fun', 'of', 'the', 'Eric', 'Cantor', 'news', 'but', 'if', 'you', 'think', 'Moelis', 'hired', 'him', 'to', 'lobby', 'for', 'soft', 'regulation', 'youre', 'nuts']",[],17:32:37,14230772
112,2014-09-02,Tue,10467,506816530462814208,0,matt_levine,"['Itd', 'be', 'funny', 'if', 'Allergan', 'convinced', 'a', 'court', 'that', 'Valeants', 'business', 'model', 'is', 'unsustainable', 'as', 'a', 'matter', 'of', 'law']",[],14:50:51,14230772
113,2014-09-02,Tue,10467,506789472865091585,1,matt_levine,"['I', 'wrote', 'about', 'the', 'ICMA', 'collective', 'action', 'clause', 'proposals', 'on', 'Friday', 'and', 'tweeted', 'about', 'it', 'just', 'now']",[],13:03:20,14230772
114,2014-09-02,Tue,10467,506774764577640448,1,matt_levine,"['This', 'linkwrap', 'is', 'about', 'sympathy', 'for', 'criminal', 'banks', 'and', 'short', 'sellers']",[],12:04:53,14230772
115,2014-08-29,Fri,10467,505381387386757120,18,matt_levine,"['Scheme', '1', 'Find', 'wrongdoing', '2', 'Tell', 'supervisor', '3', 'Supervisor', 'sits', 'on', 'it', '4', 'Tell', 'SEC', '5', 'Split', 'reward', 'with', 'supervisor']",[],15:48:06,14230772
116,2014-08-29,Fri,10467,505356182543142912,5,matt_levine,"['Phil', 'Falcone', 'banned', 'from', 'running', 'Harbinger', 'has', 'a', 'creepy', 'investment', 'vehicle', 'named', 'HC2', 'ie', 'Harbinger', 'Capital', '2']",[],14:07:57,14230772
117,2014-08-29,Fri,10467,505328105339502593,2,matt_levine,"['This', 'linkwrap', 'is', 'cleverly', 'disguised', 'with', 'a', 'codename']",[],12:16:23,14230772
118,2014-08-28,Thu,10467,505052187060625409,2,matt_levine,"['Coasean', 'Kickstarter', 'to', 'prevent', '@jbarro', 'from', 'doing', 'this']",[],17:59:59,14230772
119,2014-08-28,Thu,10467,505020238950588418,15,matt_levine,"['I', 'feel', 'like', 'were', 'not', 'talking', 'enough', 'about', 'how', 'Mark', 'Cuban', 'is', 'literally', 'marketing', 'a', 'Snapchat', 'for', 'insider', 'trading']",[],15:53:02,14230772
120,2014-08-28,Thu,10467,504966773717094401,10,matt_levine,"['Oh', 'also', 'I', 'wrote', 'about', 'Lending', 'Club', 'yesterday']",[],12:20:35,14230772
121,2014-08-28,Thu,10467,504964138763051008,0,matt_levine,"['This', 'linkwrap', 'goes', 'bonkers', 'like', 'it', 'always', 'does', 'and', 'decides', 'to', 'assign', 'some', 'sort', 'of', 'nefarious', 'action', 'to', 'you']",[],12:10:07,14230772
122,2014-08-27,Wed,10467,504752713532723202,0,matt_levine,"['Imagine', 'if', 'that', 'first', 'tweet', 'was', 'real', 'though', 'total', 'game', 'changer']",[],22:09:59,14230772
123,2014-08-27,Wed,10467,504718467107651587,0,matt_levine,"['Wait', 'the', 'URL', 'though', 'The', 'URL']",[],19:53:54,14230772
124,2014-08-27,Wed,10467,504645634826469376,15,matt_levine,"['Fun', 'fact', 'Law', 'school', 'is', 'basically', 'three', 'years', 'of', 'talking', 'about', 'the', 'Coase', 'Theorem']",[],15:04:29,14230772
125,2014-08-27,Wed,10467,504608373955125248,0,matt_levine,"['This', 'linkwrap', 'has', 'yet', 'to', 'unveil', 'a', 'business', 'model']",[],12:36:26,14230772
126,2014-08-26,Tue,10467,504339901723455488,6,matt_levine,"['I', 'wrote', 'some', 'more', 'about', 'Burger', 'King']",[],18:49:37,14230772
127,2014-08-26,Tue,10467,504239377317654528,0,matt_levine,"['This', 'linkwrap', 'forces', 'people', 'to', 'look', 'back', 'like', 'any', 'nostalgic', 'item']",[],12:10:10,14230772
128,2014-08-25,Mon,10467,504013071804030976,24,matt_levine,"['I', 'wrote', 'about', 'Burger', 'King']",[],21:10:55,14230772
129,2014-08-25,Mon,10467,504007906380218368,2,matt_levine,"['I', 'say', 'that', 'having', 'worked', 'on', 'a', 'desk', 'where', 'the', 'standard', 'reply', 'to', 'analysts', 'emails', 'was', 'clean', 'out', 'your', 'desk']",[],20:50:23,14230772
130,2014-08-25,Mon,10467,504006587535884288,1,matt_levine,"['Only', 'acceptable', 'joking', 'youre', 'fired', 'email', 'is', 'youre', 'fired', 'Punctuation', 'or', 'or', '\\', '\xe3\x83\x84', 'kill', 'the', 'joke']",[],20:45:09,14230772
131,2014-08-25,Mon,10467,503901400355848192,6,matt_levine,"['GDP', 'figures', 'generally', 'do', 'a', 'bad', 'job', 'of', 'counting', 'the', 'new', 'smugness', 'economy']",[],13:47:10,14230772
132,2014-08-25,Mon,10467,503898372185800704,5,matt_levine,"['Id', 'pay', '$100', 'for', 'all', 'the', 'smugness', 'I', 'get', 'to', 'enjoy', 'looking', 'at', 'ice', 'bucket', 'videos', 'on', 'Facebook', 'and', 'thinking', 'this', 'is', 'dumb']",[],13:35:08,14230772
133,2014-08-25,Mon,10467,503898213699833856,54,matt_levine,"['Thinkpiece', 'The', 'ice', 'bucket', 'challenge', 'is', 'good', 'for', 'the', 'world', 'because', 'it', 'lets', 'everyone', 'feel', 'superior', 'for', 'a', 'doing', 'it', 'or', 'b', 'not', 'doing', 'it']",[],13:34:30,14230772
134,2014-08-25,Mon,10467,503875722105339904,3,matt_levine,"['This', 'linkwrap', 'is', 'about', 'partnerships', 'at', 'Goldman', 'and', 'free', 'drinks', 'at', 'the', 'Harvard', 'Club']",[],12:05:08,14230772
135,2014-08-22,Fri,10467,502886454880911360,5,matt_levine,"['Ok', 'we', 'have', '1-button', 'solutions', 'for', 'sustenance', 'and', 'interpersonal', 'communication', 'Whats', 'next', 'Earning', 'a', 'living', 'Procreation', 'Existential', 'dread']",[],18:34:08,14230772
136,2014-08-22,Fri,10467,502884998085898242,0,matt_levine,"['Unsurprisingly', 'that', 'Yo', 'for', 'pizza', 'comparison', 'has', 'been', 'made', 'before']",[],18:28:21,14230772
137,2014-08-22,Fri,10467,502883658462941184,2,matt_levine,"['Yo', 'for', 'pizza']",[],18:23:01,14230772
138,2014-08-22,Fri,10467,502881146792083456,7,matt_levine,"['I', 'wrote', 'even', 'more', 'about', 'Argentina']",[],18:13:03,14230772
139,2014-08-22,Fri,10467,502790753232633857,2,matt_levine,"['Once', 'you', 'start', 'reading', 'this', 'linkwrap', 'you', 'go', 'nuts', 'and', 'it', 's', 'hard', 'to', 'quit']",[],12:13:51,14230772
140,2014-08-21,Thu,10467,502559695329296385,7,matt_levine,"['I', 'wrote', 'about', 'Bank', 'of', 'America']",[],20:55:43,14230772
141,2014-08-21,Thu,10467,502554644800086016,9,matt_levine,"['Once', 'you', 'start', 'using', 'it', 'you', 'go', 'nuts', 'and', 'it', 's', 'hard', 'to', 'quit', 'says', 'person', 'about', 'an', 'M', 'ampA', 'app']",[],20:35:39,14230772
142,2014-08-21,Thu,10467,502464999361880064,12,matt_levine,"['I', 'would', 'not', 'have', 'predicted', 'that', 'Bart', 'Chilton', 'would', 'become', 'an', 'HFT', 'lobbyist', 'so', 'quickly', 'and', 'vocally']",[],14:39:25,14230772
143,2014-08-21,Thu,10467,502429878923587584,1,matt_levine,"['This', 'linkwrap', 'engages', 'in', 'some', 'friendly', 'small-talk', 'before', 'closing', 'the', 'deal']",[],12:19:52,14230772
144,2014-08-20,Wed,10467,502154893516632064,11,matt_levine,"['I', 'wrote', 'some', 'more', 'about', 'Argentina']",[],18:07:10,14230772
145,2014-08-20,Wed,10467,502120575855509505,6,matt_levine,"['This', 'is', 'why', 'I', 'left', 'investment', 'banking']",[],15:50:48,14230772
146,2014-08-20,Wed,10467,502062988640411649,0,matt_levine,"['A', 'successful', 'habit', 'of', 'visionary', 'people', 'is', 'reading', 'this', 'big', 'hairy', 'audacious', 'linkwrap']",[],12:01:59,14230772
147,2014-08-19,Tue,10467,501850306784022529,2,matt_levine,"['I', 'wrote', 'about', 'dollar', 'stores']",[],21:56:51,14230772
148,2014-08-19,Tue,10467,501818989644120064,16,matt_levine,"['This', 'is', 'the', 'nicest', 'thing', 'anyones', 'ever', 'said', 'to', 'me', 'via', '@mattbuchanan']",[],19:52:25,14230772
149,2014-08-19,Tue,10467,501796293917024256,6,matt_levine,"['I', 'love', 'that', 'Carl', 'Icahn', 'goes', 'on', 'TV', 'to', 'pitch', 'for', 'more', 'Twitter', 'followers']",[],18:22:14,14230772
150,2014-08-19,Tue,10467,501705903146815488,0,matt_levine,"['Virtually', 'all', 'of', 'this', 'linkwrap', 'was', 'delegated', 'to', 'one', 'poorly-trained', 'unlicensed', 'employee']",[],12:23:03,14230772
151,2014-08-18,Mon,10467,501497323436793857,5,matt_levine,"['I', 'wrote', 'about', 'my', 'favorite', 'subject', 'Golf']",[],22:34:13,14230772
152,2014-08-18,Mon,10467,501472389944070144,16,matt_levine,"['GUYS', 'This', 'isnt', 'just', 'the', 'second', 'golf', 'insider', 'trading', 'case', 'this', 'summer', 'Its', 'the', 'second', 'from', 'the', 'same', 'golf', 'course']",[],20:55:09,14230772
153,2014-08-18,Mon,10467,501438724451086336,5,matt_levine,"['I', 'wrote', 'about', 'that', 'PwC', 'thing']",[],18:41:22,14230772
154,2014-08-18,Mon,10467,501338480665178112,3,matt_levine,"['This', 'linkwrap', 'is', 'about', 'stress', 'tests', 'and', 'toothbrush', 'tests']",[],12:03:02,14230772
155,2014-08-17,Sun,10467,501116473361063936,2,matt_levine,"['So', 'many', 'high-end', 'people', 'own', 'dogs']",[],21:20:52,14230772
156,2014-08-15,Fri,10467,500404709728219136,4,matt_levine,"['I', 'wrote', 'about', 'that', 'FannieFreddie', 'lawsuit']",[],22:12:34,14230772
157,2014-08-15,Fri,10467,500394815277002752,2,matt_levine,"['Excited', 'that', '@BV', 'is', 'moving', 'to', 'purely', 'Yo-based', 'workflow']",[],21:33:15,14230772
158,2014-08-15,Fri,10467,500296153750339584,6,matt_levine,"['If', 'a', 'company', 'is', 'called', 'White', 'Elephant', 'or', 'Chimera', 'or', 'Big', 'Fraud', 'LLC', 'probably', 'stay', 'away']",[],15:01:12,14230772
159,2014-08-15,Fri,10467,500272275351142400,2,matt_levine,"['Oh', 'and', 'heres', 'a', 'linkwrap', 'about', '13Fs', 'and', 'whatever']",[],13:26:19,14230772
160,2014-08-15,Fri,10467,500272120648441857,2,matt_levine,"['Um', 'okay', 'apparently', 'RR', 'Donnelley', 'is', 'a', 'terrorist', 'front']",[],13:25:42,14230772
161,2014-08-14,Thu,10467,500021829025935360,0,matt_levine,"['Thats', 'the', 'second', 'time', 'this', 'week', 'Ive', 'tweeted', 'one', 'of', 'my', 'own', 'posts', 'twice', 'so', 'you', 'should', 'probably', 'unfollow', 'me']",[],20:51:08,14230772
162,2014-08-14,Thu,10467,500021549110669312,2,matt_levine,"['Oh', 'hey', 'update', 'they', 'found', 'those', 'bonds']",[],20:50:01,14230772
163,2014-08-14,Thu,10467,500004949473112065,12,matt_levine,"['I', 'wrote', 'about', 'Argentina']",[],19:44:04,14230772
164,2014-08-14,Thu,10467,499887325464502273,2,matt_levine,"['This', 'linkwrap', 'will', 'not', 'mislead', 'you', 'with', 'a', 'range', 'of', 'statements', 'that', 'are', 'incorrect', 'simply', 'to', 'increase', 'my', 'income']",[],11:56:40,14230772
165,2014-08-13,Wed,10467,499678111600877569,3,matt_levine,"['employees', 'can', 'now', 'choose', 'to', 'have', 'all', 'their', 'incoming', 'emails', 'automatically', 'deleted', 'stopped', 'there', 'but', 'sign', 'me', 'up']",[],22:05:20,14230772
166,2014-08-13,Wed,10467,499637089496207360,1,matt_levine,"['Kickstarter', 'to', 'get', '@felixsalmon', 'to', 'take', 'a', 'ride', 'in', 'the', 'salmon', 'cannon']",[],19:22:19,14230772
167,2014-08-13,Wed,10467,499531378707664896,2,matt_levine,"['This', 'linkwrap', 'refers', 'to', 'certain', 'counterparties', 'simply', 'as', 'our', 'friend']",[],12:22:16,14230772
168,2014-08-12,Tue,10467,499313712944410624,10,matt_levine,"['Helpful', 'contribution', 'from', 'Twitters', 'related', 'headlines', 'algorithm']",[],21:57:20,14230772
169,2014-08-12,Tue,10467,499300900620759040,9,matt_levine,"['I', 'wrote', 'about', 'usury', 'Arguably', 'I', 'write', 'about', 'usury', 'a', 'lot', 'but', 'this', 'is', 'about', 'a', 'usury', 'indictment']",[],21:06:25,14230772
170,2014-08-12,Tue,10467,499299367585873920,2,matt_levine,"['I', 'updated', 'footnote', '6', 'of', 'that', 'VBL', 'post', 'for', '@IvanTheKs', 'points', 'about', 'the', 'disclosure', 'perhaps', 'becoming', 'misleading']",[],21:00:20,14230772
171,2014-08-12,Tue,10467,499250606541111296,6,matt_levine,"['I', 'wrote', 'about', 'that', 'IPO', 'that', 'didnt', 'close']",[],17:46:34,14230772
172,2014-08-12,Tue,10467,499175140752887809,1,matt_levine,"['This', 'linkwrap', 'is', 'about', 'how', 'the', 'value', 'proposition', 'changed']",[],12:46:42,14230772
173,2014-08-11,Mon,10467,498931601469083648,13,matt_levine,"['I', 'wrote', 'about', 'Kinder', 'Morgan']",[],20:38:58,14230772
174,2014-08-11,Mon,10467,498863326118809601,6,matt_levine,"['some', 'fund', 'managers', 'seeking', 'to', 'outperform', 'an', 'index', 'might', 'add', 'Alibaba', 'if', 'they', 'believe', 'it', 'will', 'do', 'well', 'oh', 'okay']",[],16:07:40,14230772
175,2014-08-11,Mon,10467,498810401434656768,0,matt_levine,"['Poll', 'Would', 'you', 'like', 'to', 'get', 'a', 'push', 'notification', 'without', 'a', 'link', 'every', 'time', 'I', 'publish', 'a', 'post', 'Yo', 'for', 'yes', 'fav', 'for', 'no']",[],12:37:21,14230772
176,2014-08-11,Mon,10467,498808308892196864,1,matt_levine,"['Based', 'on', 'your', 'past', 'linkwrap', 'reading', 'patterns', 'I', 'predict', 'that', 'you', 'may', 'be', 'interested', 'in', 'this', 'linkwrap']",[],12:29:02,14230772
177,2014-08-01,Fri,10467,495319255320367105,3,matt_levine,"['I', 'wrote', 'about', 'Allergan']",[],21:24:47,14230772
178,2014-08-01,Fri,10467,495279234060148736,8,matt_levine,"['Lions', 'Gate', 'gave', 'CEO', 'stock', 'accidentally', 'valued', 'it', 'as', 'a', 'call', 'option', 'understated', 'value', 'by', '91', 'percent', 'Good', 'times']",[],18:45:45,14230772
179,2014-08-01,Fri,10467,495252287066226689,4,matt_levine,"['Interesting', 'from', '@nanexllc', 'on', 'use', 'of', 'SIP', 'vs', 'direct', 'feeds', 'and', 'legal', 'meaning', 'of', 'NBBO']",[],16:58:41,14230772
180,2014-08-01,Fri,10467,495237010399850496,6,matt_levine,"['ISDA', 'with', 'some', 'thermonuclear', 'nonsense', 'I', 'guess']",[],15:57:59,14230772
181,2014-08-01,Fri,10467,495236793655390208,1,matt_levine,"['Small', 'world', 'Allergans', 'ValeantPershing', 'insider', 'trading', 'lawsuit', 'quotes', 'me', 'is', 'co-written', 'by', 'my', 'former', 'officemate']",[],15:57:07,14230772
182,2014-08-01,Fri,10467,495206774639960064,3,matt_levine,"['The', 'company', 'is', 'figuratively', 'bleeding', 'to', 'death', 'Fun', 'postmodern', 'usage', 'cf', 'this', 'on', 'literally']",[],13:57:50,14230772
183,2014-08-01,Fri,10467,495184227554844672,2,matt_levine,"['This', 'linkwrap', 'is', 'healthy', 'and', 'normal', 'at', 'this', 'stage', 'of', 'the', 'monetary', 'cycle']",[],12:28:14,14230772
184,2014-07-31,Thu,10467,494951918100549633,7,matt_levine,"['I', 'wrote', 'about', 'TBTF']",[],21:05:07,14230772
185,2014-07-31,Thu,10467,494889045890433025,9,matt_levine,"['I', 'wrote', 'about', 'Argentina', 'again']",[],16:55:17,14230772
186,2014-07-31,Thu,10467,494830396618854400,5,matt_levine,"['This', 'linkwrap', 'was', 'momentarily', 'mesmerized', 'by', 'Bank', 'of', 'Americas', 'mortgage', 'hustle']",[],13:02:14,14230772
187,2014-07-30,Wed,10467,494608231252365314,0,matt_levine,"['Imagine', 'if', 'you', 'bought', 'Argentine', 'bonds', 'up', '8', 'points', 'today']",[],22:19:26,14230772
188,2014-07-30,Wed,10467,494606166270693376,2,matt_levine,"['What', 'if', 'Kiciloff', 'thought', 'that', 'up', 'at', '4pm', 'today', 'Wait', 'a', 'minute', 'I', 'can', 'fix', 'this', 'Lets', 'offer', 'them', 'the', 'same', 'terms', 'as', 'the', 'previous', 'swaps']",[],22:11:14,14230772
189,2014-07-30,Wed,10467,494604394793803777,13,matt_levine,"['Kind', 'of', 'hard', 'to', 'believe', 'this', 'didnt', 'work']",[],22:04:11,14230772
190,2014-07-30,Wed,10467,494568472824016896,12,matt_levine,"['I', 'wrote', 'about', 'Argentina']",[],19:41:27,14230772
191,2014-07-30,Wed,10467,494566043952893952,1,matt_levine,"['Huh', 'so', 'if', 'you', 'buy', 'a', 'fraudulent', 'mortgage', 'your', 'loss', 'is', '100', 'of', 'what', 'you', 'paid', 'Even', 'if', 'the', 'mortgage', 'pays', 'off']",[],19:31:48,14230772
192,2014-07-30,Wed,10467,494493326197137408,3,matt_levine,"['I', 'hope', 'Netflix', 'will', 'step', 'in', 'to', 'produce', 'another', 'season', 'of', 'People', 'Pouring', 'Ice', 'Water', 'On', '@carney']",[],14:42:50,14230772
193,2014-07-30,Wed,10467,494490921191608320,2,matt_levine,"['Oh', 'I', 'forgot', 'to', 'tweet', 'my', 'linkwrap', 'but', 'then', 'I', 'remembered']",[],14:33:17,14230772
194,2014-07-30,Wed,10467,494480978036129792,6,matt_levine,"['Today', 'in', 'Writing', 'Master', 'Class', 'transitions']",[],13:53:46,14230772
195,2014-07-29,Tue,10467,494230510500335617,0,matt_levine,"['So', 'Mike', 'Corbat', 'is', 'worth', '50x', 'as', 'much', 'as', 'Robin', 'Thicke', 'Seems', 'reasonable']",[],21:18:30,14230772
196,2014-07-29,Tue,10467,494201801928097792,4,matt_levine,"['M', 'ampA', 'Cliches', 'In', 'One', 'Chart']",[],19:24:26,14230772
197,2014-07-29,Tue,10467,494187567143993344,2,matt_levine,"['I', 'wrote', 'about', 'prostitution', 'or', 'something']",[],18:27:52,14230772
198,2014-07-29,Tue,10467,494116999585595392,8,matt_levine,"['I', 'like', 'that', 'Goldman', 'says', 'it', 'has', 'two', 'different', 'business', 'units', 'in', 'IBD', 'called', 'Leadership', 'and', 'Management']",[],13:47:27,14230772
199,2014-07-29,Tue,10467,494096918654771200,1,matt_levine,"['This', 'linkwrap', 'lacks', 'the', 'essence', 'of', 'a', 'guarantee']",[],12:27:39,14230772
200,2014-07-28,Mon,10467,493840237375021057,3,matt_levine,"['Oh', 'hey', 'bribing', 'Pakistani', 'officials', 'with', 'guns', 'so', 'you', 'can', 'sell', 'them', 'some', 'more', 'guns', 'sounds', 'like', 'a', 'great', 'idea']",[],19:27:42,14230772
201,2014-07-28,Mon,10467,493836104295251968,5,matt_levine,"['First', 'recorded', 'instance', 'of', 'merger', 'news', 'article', 'including', 'the', 'data', 'room', 'password']",[],19:11:16,14230772
202,2014-07-28,Mon,10467,493799265949732864,8,matt_levine,"['I', 'rote', 'abt', 'Libor']",[],16:44:54,14230772
203,2014-07-28,Mon,10467,493728312674779136,2,matt_levine,"['This', 'linkwrap', 'is', 'a', 'setback', 'for', 'investment', 'but', 'a', 'boon', 'for', 'lawyers']",[],12:02:57,14230772
204,2014-07-25,Fri,10467,492762341436833792,0,matt_levine,"['Huh', 'so', 'Cynk', 'is', 'a', '$600', 'million', 'company', 'now']",[],20:04:31,14230772
205,2014-07-25,Fri,10467,492742780402536448,7,matt_levine,"['I', 'wrote', 'about', 'Lava']",[],18:46:48,14230772
206,2014-07-25,Fri,10467,492740586651516928,0,matt_levine,"['The', 'current', 'bonus', 'structure', 'is', 'the', 'greatest', 'reason', 'that', 'socialism', 'doesnt', 'work', 'This', 'guy', 'should', 'meet', 'the', 'boat', 'guy']",[],18:38:05,14230772
207,2014-07-25,Fri,10467,492677579103830016,1,matt_levine,"['Today', 'in', 'short-dated', 'out-of-the-money', 'call', 'options']",[],14:27:43,14230772
208,2014-07-25,Fri,10467,492676276097130496,4,matt_levine,"['Man', 'discovers', 'capitalism', 'Also', 'what', 'though']",[],14:22:32,14230772
209,2014-07-25,Fri,10467,492674366623449088,0,matt_levine,"['200000', 'CYNK', 'shares', 'have', 'traded', 'today', 'at', 'a', '$275', 'VWAP', 'How', 'many', 'do', 'you', 'think', 'were', 'long', 'buyers']",[],14:14:57,14230772
210,2014-07-25,Fri,10467,492667804391575552,1,matt_levine,"['All', 'the', 'crap', 'on', 'the', 'internet', 'is', 'in', 'this', 'linkwrap']",[],13:48:52,14230772
211,2014-07-24,Thu,10467,492418416842932225,9,matt_levine,"['I', 'wrote', 'about', 'dark', 'pools']",[],21:17:53,14230772
212,2014-07-24,Thu,10467,492328796721520640,0,matt_levine,"['Of', 'course', 'I', 'also', 'subscribe', 'to', 'Just', 'Outside', 'of', 'Boston', 'Alumni', 'Magazine', 'so']",[],15:21:46,14230772
213,2014-07-24,Thu,10467,492328185703698433,2,matt_levine,"['Yale', 'Alumni', 'Magazine', 'really', 'knows', 'its', 'audience']",[],15:19:21,14230772
214,2014-07-24,Thu,10467,492321599581061122,1,matt_levine,"['CYNK', 'CYNK', 'CYNK', 'CYNK', 'CYNK']",[],14:53:10,14230772
215,2014-07-24,Thu,10467,492319536235163649,6,matt_levine,"['Okay', 'I', 'wrote', 'about', 'the', 'Clippers', 'thing']",[],14:44:58,14230772
216,2014-07-24,Thu,10467,492319128490110976,5,matt_levine,"['Honestly', 'though', 'you', 'should', 'get', 'worse', 'customer', 'service', 'for', 'complaining', 'on', 'Twitter']",[],14:43:21,14230772
217,2014-07-24,Thu,10467,492278737090932736,2,matt_levine,"['This', 'linkwrap', 'is', 'basically', 'a', 'collage', 'that', 'shows', 'how', 'I', 'feel', 'about', 'money']",[],12:02:51,14230772
218,2014-07-23,Wed,10467,492066601601363968,2,matt_levine,"['I', 'wrote', 'about', 'money', 'market', 'funds']",[],21:59:54,14230772
219,2014-07-23,Wed,10467,491997550954967040,1,matt_levine,"['falsely', 'claimed', 'to', 'have', 'more', 'than', '$1', 'billion', 'in', 'assets', 'mostly', 'in', 'uncut', 'emeralds', 'recovered', 'from', 'a', 'sunken', 'ship']",[],17:25:31,14230772
220,2014-07-23,Wed,10467,491988869987201024,1,matt_levine,"['CoCo', 'Condor']",[],16:51:01,14230772
221,2014-07-23,Wed,10467,491960094452903937,1,matt_levine,"['Whoever', 'took', 'this', 'headshot', 'of', 'Bob', 'Chapman', 'I', 'want', 'one', 'too']",[],14:56:41,14230772
222,2014-07-23,Wed,10467,491949054637932544,0,matt_levine,"['chose', 'the', 'wrong', 'day', 'to', 'leave', 'their', 'shirts', 'untucked', 'Is', '@choire', 'running', 'a', 'factory', 'in', 'Ethiopia']",[],14:12:49,14230772
223,2014-07-23,Wed,10467,491924710331252736,1,matt_levine,"['Lets', 'hope', 'this', 'linkwrap', 'is', 'not', 'of', 'low', 'quality', 'inaccurate', 'and', 'unreliable']",[],12:36:05,14230772
224,2014-07-22,Tue,10467,491712217117896704,9,matt_levine,"['I', 'wrote', 'about', 'geometry']",[],22:31:42,14230772
225,2014-07-22,Tue,10467,491629460895330304,11,matt_levine,"['This', 'speech', 'will', 'be', 'the', 'final', 'nail', 'in', 'HLFs', 'coffin', '[', 'gives', 'speech', ']', 'The', 'stock', 'is', 'up', '13', 'Oh', 'Im', 'not', 'surprised', 'about', 'that']",[],17:02:52,14230772
226,2014-07-22,Tue,10467,491626883113824256,4,matt_levine,"['I', 'would', 'not', 'have', 'predicted', 'that', 'Bill', 'Ackman', 'would', 'do', 'a', 'Q', 'ampA', 'with', 'questions', 'from', 'his', 'dad', 'and', 'Whitney', 'Tilson']",[],16:52:37,14230772
227,2014-07-22,Tue,10467,491622421167083520,0,matt_levine,"['I', 'want', 'to', 'follow', 'up', 'on', 'your', 'dads', 'question', '@juleshyman']",[],16:34:53,14230772
228,2014-07-22,Tue,10467,491621773612703744,2,matt_levine,"['I', 'want', 'to', 'read', 'an', 'article', 'where', '@kevinroose', 'rents', 'a', 'room', 'in', 'Thomas', 'Friedmans', 'house', 'on', 'Airbnb']",[],16:32:19,14230772
229,2014-07-22,Tue,10467,491621312998408193,8,matt_levine,"['Wait', 'even', 'Bill', 'Ackmans', 'dad', 'is', 'disappointed', 'What', 'is', 'going', 'on', 'Time', 'is', 'a', 'flat', 'pyramid']",[],16:30:29,14230772
230,2014-07-22,Tue,10467,491618529595383808,9,matt_levine,"['I', 'wrote', 'about', 'fictional', 'derivatives']",[],16:19:25,14230772
231,2014-07-22,Tue,10467,491613659630960641,5,matt_levine,"['Ooh', 'he', 'got', 'Nazis', 'in', 'right', 'before', 'the', '2', 'hour', 'mark']",[],16:00:04,14230772
232,2014-07-22,Tue,10467,491608662692339712,5,matt_levine,"['Ooh', 'we', 'have', 'a', 'story', 'about', 'a', 'double-crossing', 'hit', 'man', 'Okay', 'lets', 'tell', 'it', 'an', 'hour', 'and', '39', 'minutes', 'into', 'our', 'presentation', 'Sounds', 'great']",[],15:40:13,14230772
233,2014-07-22,Tue,10467,491599608817418241,15,matt_levine,"['This', 'is', 'a', 'two-dimensional', 'representation', 'of', 'a', 'five-sided', 'pyramid', 'is', 'a', 'thing', 'Bill', 'Ackman', 'just', 'said']",[],15:04:14,14230772
234,2014-07-22,Tue,10467,491592035024265216,10,matt_levine,"['If', 'you', 'have', 'information', 'that', 'will', 'destroy', 'HLF', 'a', 'good', 'way', 'to', 'present', 'it', 'would', 'be', 'to', 'spend', 'FOREVER', 'talking', 'about', 'background', 'first']",[],14:34:09,14230772
235,2014-07-22,Tue,10467,491587032050049024,10,matt_levine,"['After', '10000', 'hours', 'of', 'making', 'HLF', 'presentations', 'Ackman', 'will', 'be', 'good', 'at', 'it']",[],14:14:16,14230772
236,2014-07-22,Tue,10467,491586345216004096,0,matt_levine,"['Water', 'break', 'at', '1011', 'bad', 'sign']",[],14:11:32,14230772
237,2014-07-22,Tue,10467,491583932446814208,0,matt_levine,"['Overunder', 'on', 'the', 'time', 'at', 'which', 'Ackman', 'first', 'says', 'the', 'word', 'bathroom']",[],14:01:57,14230772
238,2014-07-22,Tue,10467,491551738936434689,1,matt_levine,"['Im', 'raising', 'expectations', 'for', 'this', 'linkwrap', 'but', 'it', 'wont', 'disappoint']",[],11:54:01,14230772
239,2014-07-21,Mon,10467,491339790089191424,23,matt_levine,"['You', 'had', 'me', 'at', 'fictional', 'derivative']",[],21:51:49,14230772
240,2014-07-21,Mon,10467,491317529785401344,8,matt_levine,"['Ooh', 'nice', 'Dealbreaker', 'cite', 'in', 'the', 'House', 'Republican', 'Dodd-Frank', 'whining']",[],20:23:21,14230772
241,2014-07-21,Mon,10467,491287331375419393,5,matt_levine,"['You', 'know', 'whos', 'really', 'terrible', 'at', 'expectations', 'management']",[],18:23:22,14230772
242,2014-07-21,Mon,10467,491251138381893632,0,matt_levine,"['Answer', 'of', 'course', 'is', 'that', 'the', 'Friday', 'of', 'that', 'week', 'was', 'the', '4th', 'of', 'July']",[],15:59:33,14230772
243,2014-07-21,Mon,10467,491250656942903296,0,matt_levine,"['Ooh', 'I', 'bet', 'I', 'can', 'explain', 'why', 'every', 'dark', 'pool', 'saw', 'a', '20', 'drop', 'in', 'volume', 'the', 'week', 'of', 'June', '30', 'amp']",[],15:57:38,14230772
244,2014-07-21,Mon,10467,491194544328028160,0,matt_levine,"['This', 'linkwrap', 'touts', 'ferret', 'studies']",[],12:14:39,14230772
245,2014-07-18,Fri,10467,490242595743080450,5,matt_levine,"['Just', 'communicate', 'in', 'abstractions', 'Details', 'convey', 'weakness', 'Super']",[],21:11:57,14230772
246,2014-07-18,Fri,10467,490239980124790784,14,matt_levine,"['Today', 'I', 'wrote', 'about', 'interest', 'rate', 'swaps', 'and', 'credit', 'default', 'swaps']",[],21:01:34,14230772
247,2014-07-18,Fri,10467,490238277992349696,3,matt_levine,"['Bloomberg', 'TV', 'just', 'now', 'was', 'A', 'Social', 'Network', 'That', 'Pays', 'You', 'To', 'Post', 'Obviously', 'we', 'need', 'a', 'social', 'network', 'that', 'pays', 'you', 'not', 'to', 'post']",[],20:54:48,14230772
248,2014-07-18,Fri,10467,490133388301729792,4,matt_levine,"['This', 'is', 'pretty', 'stellar']",[],13:58:00,14230772
249,2014-07-18,Fri,10467,490107727038132225,2,matt_levine,"['Everybody', 'gets', 'out', 'of', 'this', 'linkwrap', 'in', 'even', 'better', 'shape', 'than', 'they', 'entered', 'it']",[],12:16:02,14230772
250,2014-07-17,Thu,10467,489848649380528128,30,matt_levine,"['Heuristic', 'If', 'your', 'financial', 'advisors', 'car', 'doors', 'dont', 'open', 'like', 'regular', 'car', 'doors', 'hes', 'stealing', 'from', 'you']",[],19:06:33,14230772
251,2014-07-17,Thu,10467,489831020284612609,8,matt_levine,"['I', 'wrote', 'about', 'bitcoooooooooin']",[],17:56:30,14230772
252,2014-07-17,Thu,10467,489772039449088000,2,matt_levine,"['The', 'military-Yo', 'complex']",[],14:02:08,14230772
253,2014-07-17,Thu,10467,489747453491441664,3,matt_levine,"['This', 'linkwrap', 'delivers', 'Im', 'gonna', 'say', 'charm', 'DdeltaDtime']",[],12:24:26,14230772
254,2014-07-16,Wed,10467,489534768678469632,2,matt_levine,"['Perfect', 'Zero', 'Hedge', 'post']",[],22:19:18,14230772
255,2014-07-16,Wed,10467,489508020968513536,62,matt_levine,"['I', 'should', 'start', 'a', 'Delivering', 'Theta', 'conference', 'Its', 'just', 'You', 'show', 'up', 'and', 'time', 'passes', 'and', 'it', 'keeps', 'getting', 'worse', 'ht', '@timothydh']",[],20:33:01,14230772
256,2014-07-16,Wed,10467,489500068064821248,4,matt_levine,"['I', 'wrote', 'about', 'Bank', 'of', 'America']",[],20:01:25,14230772
257,2014-07-16,Wed,10467,489486165201129472,1,matt_levine,"['Sure', 'okay', 'makes', 'sense', 'but', 'why', 'not', 'a', 'bald', 'eagle']",[],19:06:10,14230772
258,2014-07-16,Wed,10467,489382321418952704,0,matt_levine,"['This', 'linkwrap', 'is', 'about', 'arithmetic']",[],12:13:32,14230772
259,2014-07-15,Tue,10467,489150553654841344,2,matt_levine,"['I', 'wrote', 'about', 'death', 'panels']",[],20:52:34,14230772
260,2014-07-15,Tue,10467,489111457125367809,6,matt_levine,"['Hahahaha', 'what', 'on', 'earth']",[],18:17:13,14230772
261,2014-07-15,Tue,10467,489105577277403136,6,matt_levine,"['Remember', 'BuzzFeed', 'is', 'the', 'Lacanian', 'online-quiz', 'site', 'Vox', 'is', 'the', 'Frankfurt', 'School', 'online-quiz', 'site']",[],17:53:51,14230772
262,2014-07-15,Tue,10467,489094573470543874,14,matt_levine,"['Like', '100', 'of', 'tobacco', 'public', 'policy', 'is', 'about', 'making', 'it', 'harder', 'to', 'consume', 'But', 'this', 'merger', 'may', 'hurt', 'consumers']",[],17:10:07,14230772
263,2014-07-15,Tue,10467,489094106409603073,14,matt_levine,"['I', 'dont', 'understand', 'antitrust', 'analysis', 'in', 'cigarette', 'deals', 'They', 'might', 'push', 'prices', 'up', 'Dont', 'we', 'want', 'that']",[],17:08:16,14230772
264,2014-07-15,Tue,10467,489091277334798337,4,matt_levine,"['I', 'mean', 'sure', 'taxes', 'are', 'the', 'same', 'now', 'as', 'they', 'were', 'when', 'FB', 'was', 'founded', 'but', 'look', 'at', 'the', 'evidence', 'Yo', 'is', 'Israeli', 'Cynk', 'is', 'Belizean']",[],16:57:02,14230772
265,2014-07-15,Tue,10467,489091049915424768,1,matt_levine,"['I', 'think', 'whoever', 'the', 'next', 'Facebook', 'is', 'why', 'would', 'you', 'ever', 'start', 'that', 'company', 'here', 'in', 'the', 'United', 'States']",[],16:56:07,14230772
266,2014-07-15,Tue,10467,489047068947001344,1,matt_levine,"['On', 'Wall', 'Street', 'if', 'you', 'call', 'them', 'a', 'douchebag', 'they', 've', 'already', 'heard', '17', 'worse', 'things', 'in', 'the', 'last', 'hour']",[],14:01:21,14230772
267,2014-07-15,Tue,10467,489019696470306816,1,matt_levine,"['This', 'linkwrap', 'will', 'show', 'ya']",[],12:12:35,14230772
268,2014-07-15,Tue,10467,489013232758431745,3,matt_levine,"['I', 'take', 'back', 'everything', 'bad', 'I', 'ever', 'said', 'about', 'the', 'Internet', 'This', 'is', 'immensely', 'pleasing']",[],11:46:54,14230772
269,2014-07-14,Mon,10467,488794422885502976,12,matt_levine,"['I', 'wrote', 'about', 'Citi']",[],21:17:26,14230772
270,2014-07-14,Mon,10467,488740224965816320,3,matt_levine,"['I', 'wrote', 'about', 'mixed', 'martial', 'arts']",[],17:42:04,14230772
271,2014-07-14,Mon,10467,488733125686882305,0,matt_levine,"['Revolving', 'doors']",[],17:13:52,14230772
272,2014-07-14,Mon,10467,488730179725180928,0,matt_levine,"['Ok', 'I', 'admit', 'it', 'Im', 'the', 'CEO', 'of', 'Cynk']",[],17:02:09,14230772
273,2014-07-14,Mon,10467,488679843329236993,3,matt_levine,"['My', 'dream', 'Weddings', 'amp', 'Celebrations', 'data', 'journalism', 'project', 'is', 'which', 'firms', 'get', 'definite', 'vs', 'indefinite', 'articles', 'Goldman', '[', 'thea', ']', 'bank']",[],13:42:08,14230772
274,2014-07-14,Mon,10467,488679508879622144,0,matt_levine,"['Good', 'data', 'journalism', 'from', '@carney', 'here']",[],13:40:48,14230772
275,2014-07-14,Mon,10467,488655383180095488,2,matt_levine,"['This', 'linkwrap', 'is', 'about', 'the', 'nature', 'of', 'time']",[],12:04:56,14230772
276,2014-07-13,Sun,10467,488464136503046144,7,matt_levine,"['B', 'E', 'N', 'Giant', 'bank', 'H', 'Avoids', 'lawsuit', 'Z', 'It', 'says', 'here']",[],23:25:00,14230772
277,2014-07-11,Fri,10467,487718571859247104,20,matt_levine,"['I', 'wrote', 'about', 'guess', 'Just', 'guess']",[],22:02:23,14230772
278,2014-07-11,Fri,10467,487673726901968896,1,matt_levine,"['I', 'wrote', 'about', 'golf']",[],19:04:11,14230772
279,2014-07-11,Fri,10467,487646695434764288,0,matt_levine,"['Or', 'as', 'Ive', 'halfheartedly', 'suggested', 'before', 'Why', 'Naked', 'Short', 'Selling', 'Should', 'Be', 'Legal']",[],17:16:46,14230772
280,2014-07-11,Fri,10467,487646426353381377,5,matt_levine,"['Limits', 'to', 'Arbitrage', 'ht', '@KidDynamiteBlog']",[],17:15:42,14230772
281,2014-07-11,Fri,10467,487630011793682432,0,matt_levine,"['Hey', 'its', 'the', 'Phil', 'Mickelson', 'insider', 'trading', 'complaint', 'oh', 'wait', 'no']",[],16:10:29,14230772
282,2014-07-11,Fri,10467,487613074179096576,0,matt_levine,"['it', 'is', 'at', 'a', 'suitable', 'place', 'where', 'they', 'let', 'him', 'home', 'at', 'one', 'o', 'clock', 'in', 'the', 'morning']",[],15:03:10,14230772
283,2014-07-11,Fri,10467,487599358645649409,7,matt_levine,"['I', 'wrote', 'about', 'market', 'structure', 'which', 'I', 'do', 'sometimes', 'when', 'Im', 'not', 'tweeting', 'about', 'Cynk']",[],14:08:40,14230772
284,2014-07-11,Fri,10467,487595413948882944,0,matt_levine,"['This', 'guy', 'shouldve', 'traded', 'synthetic', 'on', 'Twitter', 'obviously']",[],13:53:00,14230772
285,2014-07-11,Fri,10467,487568726993403904,1,matt_levine,"['Glad', 'I', 'didnt', 'buy', 'any', 'Cynk', 'on', 'swap', 'from', 'any', 'of', 'you', 'yesterday']",[],12:06:57,14230772
286,2014-07-11,Fri,10467,487567605939859456,1,matt_levine,"['This', 'linkwrap', 'is', 'about', 'I', 'think', 'we', 'all', 'know', 'what', 'its', 'about', 'Its', 'about', 'Cynk']",[],12:02:30,14230772
287,2014-07-11,Fri,10467,487388642210357249,0,matt_levine,"['I', 'feel', 'like', 'Id', 'be', 'at', '$3', '$4', 'for', 'one', 'week']",[],00:11:22,14230772
288,2014-07-10,Thu,10467,487384141357666304,4,matt_levine,"['Im', 'probably', 'not', 'allowed', 'but', 'someone', 'should', 'be', 'making', 'Twitter', 'markets', 'in', 'like', '1-week', 'synthetic', 'Cynk']",[],23:53:29,14230772
289,2014-07-10,Thu,10467,487382413027606528,2,matt_levine,"['Wanted', 'to', 'buy', 'some', '$CYNK', 'today', 'but', 'realized', 'the', 'better', 'trade', 'is', 'to', 'go', 'long', 'on', 'swap', 'with', 'someone', 'on', 'Twitter', 'and', 'get', 'paid', 'for', 'borrow']",[],23:46:37,14230772
290,2014-07-10,Thu,10467,487331164232097792,1,matt_levine,"['These', 'HFT', 'recommendations', 'are', 'adorably', 'dorky', 'and', 'strange', 'via', '@SamMamudi']",[],20:22:58,14230772
291,2014-07-10,Thu,10467,487314756303593472,1,matt_levine,"['Mandis', 'who', 'describes', 'his', 'career', 'as', 'a', 'search', 'for', 'meaning', 'and', 'challenges', 'left', 'Goldman', 'in', '2004', 'for', 'a', 'hedge', 'fund']",[],19:17:46,14230772
292,2014-07-10,Thu,10467,487306610008920064,0,matt_levine,"['Shirterate', 'market', 'cap', 'just', 'hit', '$4', 'billion']",[],18:45:24,14230772
293,2014-07-10,Thu,10467,487272046054113280,1,matt_levine,"['This', '@MattZeitlin', 'story', 'advances', 'the', 'state', 'of', 'human', 'knowledge', 'on', 'Cynk']",[],16:28:03,14230772
294,2014-07-10,Thu,10467,487270421453365249,3,matt_levine,"['Two', 'jobs', '1', 'runs', 'Cynk', '2', 'primary', 'spokesperson', 'for', 'the', 'Medical', 'Tourism', 'Industry', 'counsel', 'in', 'Tijuana', 'Mexico']",[],16:21:36,14230772
295,2014-07-10,Thu,10467,487269254455394304,0,matt_levine,"['[', 'Rengan', 'amp', 'Raj', ']', 'shared', 'more', 'than', 'DNA', 'they', 'also', 'shared', 'a', 'penchant', 'for', 'insider', 'trading', 'is', 'such', 'an', 'awful', 'sentence']",[],16:16:57,14230772
296,2014-07-10,Thu,10467,487250216715026434,2,matt_levine,"['Wait', 'Cynk', 'is', 'up', 'today', 'Thats', 'so', 'great', 'Im', 'gonna', 'buy', 'some']",[],15:01:18,14230772
297,2014-07-10,Thu,10467,487243071101612032,3,matt_levine,"['A', 'ton', 'going', 'on', 'here']",[],14:32:55,14230772
298,2014-07-10,Thu,10467,487206728308891648,2,matt_levine,"['This', 'linkwrap', 'is', 'friendship', 'and', 'the', 'excitement', 'of', 'starting', 'a', 'new', 'job', 'and', 'money', 'laundering']",[],12:08:30,14230772
299,2014-07-09,Wed,10467,486996041011822593,1,matt_levine,"['Yo', 'tip', 'never', 'tweet', 'your', 'Yo', 'username']",[],22:11:18,14230772
300,2014-07-09,Wed,10467,486991469350506496,3,matt_levine,"['Billion-dollar', 'app', 'idea', 'Cynk', 'but', 'real']",[],21:53:08,14230772
301,2014-07-09,Wed,10467,486990742519570432,1,matt_levine,"['If', 'anyone', 'can', 'call', 'a', 'stock', 'loan', 'desk', 'and', 'get', 'a', 'rate', 'amp', 'size', 'on', 'Cynk', 'Ill', 'be', 'your', 'friend', 'on', 'Cynk', 'for', 'free']",[],21:50:15,14230772
302,2014-07-09,Wed,10467,486988762585792512,1,matt_levine,"['Okay', 'I', 'think', 'Ive', 'brought', 'Cynk', 'to', 'the', 'attention', 'of', 'stupid-social-media', 'twitter', 'my', 'work', 'here', 'is', 'etc', 'thatll', 'be', '$10', 'to', 'follow', 'me', 'on', 'Cynk']",[],21:42:23,14230772
303,2014-07-09,Wed,10467,486983977195278336,2,matt_levine,"['Thats', 'actually', 'literally', 'their', 'example', 'in', 'the', 'prospectus']",[],21:23:22,14230772
304,2014-07-09,Wed,10467,486983919167090688,3,matt_levine,"['Like', 'if', 'you', 'are', 'the', 'Director', 'of', 'IT', 'Purchasing', 'Starbucks', 'you', 'create', 'a', 'Cynk', 'account', 'and', 'its', 'a', 'convenient', 'way', 'for', 'people', 'to', 'bribe', 'you']",[],21:23:08,14230772
305,2014-07-09,Wed,10467,486982730732019712,7,matt_levine,"['Its', 'a', 'social', 'network', 'where', 'you', 'can', 'charge', 'people', 'to', 'be', 'friends', 'with', 'you']",[],21:18:25,14230772
306,2014-07-09,Wed,10467,486982571197497344,4,matt_levine,"['Im', 'sad', 'that', 'Cynk', 'is', 'burning', 'up', 'finance-twitter', 'but', 'not', 'stupid-social-media-twitter', 'because', 'its', 'actually', 'great']",[],21:17:47,14230772
307,2014-07-09,Wed,10467,486971402218913792,0,matt_levine,"['an', 'important', 'test', 'on', 'mergers', 'and', 'acquisitions', 'adorable']",[],20:33:24,14230772
308,2014-07-09,Wed,10467,486943499577995264,3,matt_levine,"['I', 'wrote', 'about', 'Rajaratnam', 'II']",[],18:42:31,14230772
309,2014-07-09,Wed,10467,486941113815928832,1,matt_levine,"['A', 'lack', 'of', 'liquidity', 'in', 'the', 'bond', 'market', 'makes', 'it', 'hard', 'to', 'trade', 'bonds', 'but', 'its', 'hard', 'to', 'argue', 'that', 'issuers', 'cant', 'raise', 'debt', 'today']",[],18:33:03,14230772
310,2014-07-09,Wed,10467,486940065239941120,1,matt_levine,"['I', 'suspect', 'thats', 'wrong', 'in', 'practice', 'these', 'days', 'No', 'liquidity', 'gt', 'only', 'way', 'to', 'get', 'supply', 'is', 'new', 'issues', 'gt', 'bid', 'up', 'new', 'issues']",[],18:28:53,14230772
311,2014-07-09,Wed,10467,486939885023264768,1,matt_levine,"['A', 'lack', 'of', 'liquidity', 'in', 'the', 'corporate', 'bond', 'market', 'makes', 'it', 'more', 'expensive', 'for', 'businesses', 'to', 'grow', 'and', 'create', 'jobs']",[],18:28:10,14230772
312,2014-07-09,Wed,10467,486901658614784000,1,matt_levine,"['If', 'we', 'settle', 'with', 'Elliott', 'we', 'will', 'instantly', 'have', 'to', 'pay', 'everyone', 'else', '$120', 'bn', 'Well', 'I', 'mean', 'you', 'had', 'an', 'argument', 'that', 'you', 'wouldnt']",[],15:56:16,14230772
313,2014-07-09,Wed,10467,486901122612072450,0,matt_levine,"['If', 'I', 'were', 'Argentina', 'Im', 'not', 'sure', 'Id', 'concede', 'that', 'the', 'RUFO', 'clause', 'will', 'cost', 'them', '$120', 'bn']",[],15:54:08,14230772
314,2014-07-09,Wed,10467,486875502859522048,0,matt_levine,"['Heres', 'Phil', 'Falcones', 'RICO', 'complaint', 'against', 'Charlie', 'Ergen', 'I', 'bet', 'its', 'kinda', 'fun']",[],14:12:20,14230772
315,2014-07-09,Wed,10467,486841482318712832,0,matt_levine,"['This', 'linkwrap', 'is', 'about', 'ephemerality']",[],11:57:09,14230772
316,2014-07-08,Tue,10467,486627335727493120,3,matt_levine,"['Really', 'surprised', 'the', 'NonMarkov', 'hashtag', 'isnt', 'trending']",[],21:46:12,14230772
317,2014-07-08,Tue,10467,486608314152022017,2,matt_levine,"['Watching', 'all', 'my', 'sports', 'on', '@FTAlphavilles', 'Twitter', 'gadget', 'from', 'now', 'on']",[],20:30:37,14230772
318,2014-07-08,Tue,10467,486569171044823040,0,matt_levine,"['Hoping', 'that', 'Distilling', 'amp', 'Cattle', 'Feeding', 'will', 'get', 'another', 'turn', 'in', 'the', 'Dow']",[],17:55:05,14230772
319,2014-07-08,Tue,10467,486560647824818176,3,matt_levine,"['This', 'is', 'so', 'beautiful', 'and', 'builds', 'so', 'perfectly', 'to', 'the', 'punchline']",[],17:21:12,14230772
320,2014-07-08,Tue,10467,486529145091141633,2,matt_levine,"['Ahahahahaha', 'you', 'know', 'who', 'hates', 'the', 'NYSE', 'is', 'the', 'guy', 'who', 'runs', 'the', 'NYSE']",[],15:16:02,14230772
321,2014-07-08,Tue,10467,486521178849546240,0,matt_levine,"['This', 'Senate', 'market', 'structure', 'hearing', 'is', 'surprisingly', 'good']",[],14:44:22,14230772
322,2014-07-08,Tue,10467,486483998932471809,0,matt_levine,"['This', 'linkwrap', 'is', 'about', 'false', 'advertising', 'and', 'pretend', 'negotiating']",[],12:16:38,14230772
323,2014-07-07,Mon,10467,486248986400284672,0,matt_levine,"['ok', 'when', 'you', 'use', 'it', 'to', 'pay', 'bitcoins', 'for', 'potato', 'salad', 'made', 'with', 'potatoes', 'from', 'Taylor', 'Swifts', 'garden']",[],20:42:47,14230772
324,2014-07-07,Mon,10467,486233598815895552,1,matt_levine,"['Sorry', 'I', 'meant', 'A', 'fake', 'credit', 'card', 'that', 'sends', 'a', 'Yo', 'to', 'your', 'friends', 'when', 'you', 'use', 'it', 'to', 'buy', 'potato', 'salad', 'with', 'bitcoins']",[],19:41:38,14230772
325,2014-07-07,Mon,10467,486222775951323136,4,matt_levine,"['I', 'wrote', 'about', 'bought', 'deals']",[],18:58:38,14230772
326,2014-07-07,Mon,10467,486215018896424962,3,matt_levine,"['But', 'why', 'not', 'call', 'it', 'Batman', 'Capital', 'LLC']",[],18:27:48,14230772
327,2014-07-07,Mon,10467,486206961126752258,1,matt_levine,"['A', 'fake', 'credit', 'card', 'that', 'sends', 'a', 'Yo', 'to', 'your', 'friends', 'when', 'you', 'use', 'it', 'to', 'buy', 'potato', 'salad']",[],17:55:47,14230772
328,2014-07-07,Mon,10467,486152112892821504,3,matt_levine,"['Very', 'good', 'post', 'on', 'Barclayss', 'dark', 'pool', 'here']",[],14:17:50,14230772
329,2014-07-07,Mon,10467,486147803887194112,1,matt_levine,"['Ooh', 'ooh', 'Ive', 'got', 'it', 'a', 'fake', 'credit', 'card', 'that', 'is', 'also', 'a', 'one-word', 'messaging', 'service']",[],14:00:43,14230772
330,2014-07-07,Mon,10467,486142198048903168,0,matt_levine,"['So', '@maxabelson', 'pointed', 'me', 'to', 'important', 'information', 'on', 'the', 'state', 'of', 'the', 'Magnises', 'co-founders', 'fingernails']",[],13:38:26,14230772
331,2014-07-07,Mon,10467,486140128604459008,0,matt_levine,"['What', 'are', 'the', 'odds', 'that', 'Magnises', 'is', 'a', 'pure', 'hoax', 'on', 'the', 'Post']",[],13:30:13,14230772
332,2014-07-07,Mon,10467,486124233937133568,1,matt_levine,"['This', 'linkwrap', 'contemplates', 'mortality', 'and', 'also', 'penny-stock', 'scams']",[],12:27:03,14230772
333,2014-07-01,Tue,10467,484022463278624768,7,matt_levine,"['I', 'wrote', 'about', 'latency', 'arbitrage']",[],17:15:22,14230772
334,2014-07-01,Tue,10467,484019421892333569,7,matt_levine,"['Oh', 'wow', 'bitcoin', 'pizza', 'extortion', 'okay']",[],17:03:17,14230772
335,2014-07-01,Tue,10467,483992027999502336,2,matt_levine,"['I', 'wrote', 'about', 'BNP', 'or', 'as', 'its', 'sometimes', 'called', 'BNPP']",[],15:14:26,14230772
336,2014-07-01,Tue,10467,483991800777310208,1,matt_levine,"['Apparently', 'avoiding', 'cringeworthy', 'hashtags', 'is', 'not', 'a', 'prerequisite', 'for', 'a', 'C-level', 'Twitter', 'job']",[],15:13:32,14230772
337,2014-07-01,Tue,10467,483944399064543233,0,matt_levine,"['This', 'linkwraps', 'raison', 'detre', 'is', 'secret-keeping']",[],12:05:10,14230772
338,2014-07-01,Tue,10467,483939274338095104,0,matt_levine,"['Okay', 'which', 'Morgan', 'Stanley', 'brokers', 'should', 'I', 'follow', 'on', 'Twitter']",[],11:44:48,14230772
339,2014-06-30,Mon,10467,483657570964733952,0,matt_levine,"['Next', 'time', 'you', 'want', 'to', 'make', 'a', 'joke', 'on', 'Twitter', 'make', 'it', 'on', 'our', 'site', 'instead', 'is', 'a', 'strangely', 'popular', 'media', 'strategy']",[],17:05:25,14230772
340,2014-06-30,Mon,10467,483652472008110081,7,matt_levine,"['I', 'wrote', 'about', 'Argentina']",[],16:45:09,14230772
341,2014-06-30,Mon,10467,483646832141402112,7,matt_levine,"['Oh', 'hey', '144A', 'bonds', 'will', 'Trace', 'thats', 'sort', 'of', 'exciting']",[],16:22:45,14230772
342,2014-06-30,Mon,10467,483571468262191104,4,matt_levine,"['This', 'linkwrap', 'would', 'never', 'spread', 'information', 'aimed', 'at', 'destabilizing', 'banks']",[],11:23:17,14230772
343,2014-06-27,Fri,10467,482596452829790208,2,matt_levine,"['Lets', 'all', 'write', 'tabs', 'like', 'nobodys', 'watching']",[],18:48:55,14230772
344,2014-06-27,Fri,10467,482577504323260416,8,matt_levine,"['I', 'wrote', 'about', 'death', 'and', 'taxes', 'but', 'mostly', 'taxes']",[],17:33:37,14230772
345,2014-06-27,Fri,10467,482498037210968064,0,matt_levine,"['This', 'linkwrap', 'lives', 'up', 'to', 'the', 'values', 'and', 'culture', 'which', 'we', 'are', 'trying', 'to', 'create', 'at', 'this', 'linkwrap']",[],12:17:51,14230772
346,2014-06-26,Thu,10467,482284728951660545,1,matt_levine,"['I', 'wrote', 'about', 'revolving', 'doors']",[],22:10:14,14230772
347,2014-06-26,Thu,10467,482258846946439169,5,matt_levine,"['This', 'is', 'what', 'happens', 'when', 'you', 'trade', 'based', 'on', 'slow', 'public', 'data', 'feeds']",[],20:27:23,14230772
348,2014-06-26,Thu,10467,482248832898842624,7,matt_levine,"['Perfect', 'business', 'journalism']",[],19:47:36,14230772
349,2014-06-26,Thu,10467,482238491057991680,5,matt_levine,"['Glad', 'someones', 'still', 'updating', 'the', '1929', 'chart']",[],19:06:30,14230772
350,2014-06-26,Thu,10467,482225431333314561,8,matt_levine,"['I', 'wrote', 'an', 'ungrammatical', 'headline']",[],18:14:36,14230772
351,2014-06-26,Thu,10467,482133031256608768,1,matt_levine,"['Throw', 'this', 'linkwrap', 'over', 'the', 'wall', 'and', 'a', 'risk', 'manager', 'will', 'say', 'yes', 'or', 'no']",[],12:07:26,14230772
352,2014-06-25,Wed,10467,481911856383418370,1,matt_levine,"['No', 'one', 'tell', 'Eric', 'Schneiderman', 'how', 'banks', 'construct', 'league', 'tables']",[],21:28:34,14230772
353,2014-06-25,Wed,10467,481909833357336576,4,matt_levine,"['Im', 'not', 'a', 'big', 'Schneiderman', 'HFT', 'booster', 'but', 'this', 'is', 'dumb', 'work', 'from', 'Barclays']",[],21:20:32,14230772
354,2014-06-25,Wed,10467,481908050266447873,15,matt_levine,"['I', 'hadnt', 'written', 'about', 'the', 'Volcker', 'Rule', 'for', 'a', 'while', 'so', 'I', 'wrote', 'about', 'the', 'Volcker', 'Rule']",[],21:13:27,14230772
355,2014-06-25,Wed,10467,481907899594448896,1,matt_levine,"['Schneiderman', 'Barclays', 'complaint']",[],21:12:51,14230772
356,2014-06-25,Wed,10467,481872146361483264,4,matt_levine,"['I', 'wrote', 'about', 'ticks']",[],18:50:47,14230772
357,2014-06-25,Wed,10467,481768782386704385,3,matt_levine,"['This', 'linkwrap', 'is', 'not', 'financial', 'advice', 'but', 'then', 'nothing', 'is', 'these', 'days']",[],12:00:03,14230772
358,2014-06-24,Tue,10467,481549931619307520,3,matt_levine,"['I', 'wrote', 'about', 'the', 'Pulaski', 'Skyway']",[],21:30:25,14230772
359,2014-06-24,Tue,10467,481476716574302209,0,matt_levine,"['Im', 'enjoying', 'the', 'romantic', 'subplot', 'in', 'The', 'Guardians', 'ITA-URU', 'live', 'blog']",[],16:39:29,14230772
360,2014-06-24,Tue,10467,481454237931806720,3,matt_levine,"['Then', 'buy', 'bitcoin']",[],15:10:09,14230772
361,2014-06-24,Tue,10467,481429485301276672,4,matt_levine,"['Wait', '@Noahpinion', 'isnt', 'this', 'a', 'case', 'for', 'allowing', 'naked', 'short', 'selling', 'No', 'borrow', 'requirement', 'gt', 'no', 'borrow', 'risks']",[],13:31:48,14230772
362,2014-06-24,Tue,10467,481408143709450241,3,matt_levine,"['This', 'linkwrap', 'is', 'taking', 'good', 'care', 'of', 'your', 'gold']",[],12:07:00,14230772
363,2014-06-23,Mon,10467,481184610920202241,4,matt_levine,"['I', 'mean', 'John', 'McAfee', 'once', 'uninstalled', 'McAfee', 'Antivirus', 'with', 'a', 'gun', 'Yo', 'is', 'fine']",[],21:18:45,14230772
364,2014-06-23,Mon,10467,481183961453187072,3,matt_levine,"['Yo', 'is', 'easily', 'the', 'worst', 'piece', 'of', 'software', 'that', 'I', 've', 'ever', 'used', 'says', 'a', 'man', 'whos', 'never', 'used', 'any', 'other', 'software']",[],21:16:11,14230772
365,2014-06-23,Mon,10467,481144873043898368,3,matt_levine,"['I', 'tried', 'to', 'explain', 'Halliburton']",[],18:40:51,14230772
366,2014-06-23,Mon,10467,481071222277812226,3,matt_levine,"['I', 'hope', 'the', 'burrito', 'bonds', 'are', 'callable', 'with', 'a', 'makewhole', 'Like', 'you', 'get', '50', 'burritos', 'all', 'at', 'once']",[],13:48:11,14230772
367,2014-06-23,Mon,10467,481046224531767297,0,matt_levine,"['This', 'linkwrap', 'no', 'longer', 'works', 'for', 'BNP', 'Paribas']",[],12:08:51,14230772
368,2014-06-23,Mon,10467,481017761280565248,0,matt_levine,"['Uh', 'oh', 'cc', '@EpicureanDeal', '@munilass']",[],10:15:45,14230772
369,2014-06-20,Fri,10467,480099847178305537,8,matt_levine,"['I', 'wrote', 'about', 'bonds']",[],21:28:18,14230772
370,2014-06-20,Fri,10467,479989421903990784,1,matt_levine,"['Good', 'analysis', 'of', 'the', 'quality', 'of', 'Englands', 'World', 'Cup', 'teams']",[],14:09:30,14230772
371,2014-06-20,Fri,10467,479982233760325632,0,matt_levine,"['I', 'just', 'applied', 'to', 'be', 'Yo', 'verified']",[],13:40:56,14230772
372,2014-06-20,Fri,10467,479976489417728000,4,matt_levine,"['This', 'is', 'the', 'kindest', 'bravest', 'warmest', 'most', 'wonderful', 'linkwrap', 'youll', 'read', 'this', 'morning', 'maybe']",[],13:18:07,14230772
373,2014-06-20,Fri,10467,479976331464032258,1,matt_levine,"['You', 'can', 'see', 'why', 'the', 'financial', 'industry', 'continues', 'to', 'attract', 'Americas', 'cognitive', 'elite']",[],13:17:29,14230772
374,2014-06-19,Thu,10467,479748245145792512,13,matt_levine,"['I', 'wrote', 'about', 'Argentina']",[],22:11:09,14230772
375,2014-06-19,Thu,10467,479735861937180672,1,matt_levine,"['IMPORTANT', 'new', '@BW', 'gif', 'of', 'things', 'spewing', 'out', 'of', 'another', 'thing', 'previously']",[],21:21:57,14230772
376,2014-06-19,Thu,10467,479604885546340353,2,matt_levine,"['This', 'linkwrap', 'is', 'about', 'getting', 'the', 'highest', 'sustainable', 'price']",[],12:41:30,14230772
377,2014-06-18,Wed,10467,479384902442708993,8,matt_levine,"['Glorious', 'lede', 'from', '@MooreMichaelJ', 'here']",[],22:07:21,14230772
378,2014-06-18,Wed,10467,479329146989195266,0,matt_levine,"['Actually', 'wait', 'can', 'you', 'even', 'embed', 'a', 'Yo', 'card', 'in', 'a', 'web', 'story']",[],18:25:48,14230772
379,2014-06-18,Wed,10467,479309198837420032,1,matt_levine,"['Anyway', 'that', 'was', 'all', 'subtweeting', 'this', '@eisingerj', 'piece', 'but', 'lots', 'of', 'other', 'things', 'too', 'Rakoff', 'stuff', 'etc']",[],17:06:32,14230772
380,2014-06-18,Wed,10467,479308775560855552,1,matt_levine,"['Not', 'that', 'there', 'arent', 'problems', 'with', 'a', 'series', 'of', 'decisions', 'issued', 'with', 'minimal', 'rationale', 'by', 'conflicted', 'experts', 'But', 'still']",[],17:04:51,14230772
381,2014-06-18,Wed,10467,479308542252679168,2,matt_levine,"['But', 'there', 'are', 'some', 'obvious', 'problems', 'with', 'regulation', 'by', 'a', 'series', 'of', 'decisions', 'issued', 'without', 'rationale', 'by', 'randomly', 'chosen', 'pools', 'of', 'laypeople']",[],17:03:56,14230772
382,2014-06-18,Wed,10467,479307660970713089,1,matt_levine,"['This', 'creates', 'a', 'bias', 'among', 'journalists', 'that', 'the', 'best', 'way', 'to', 'do', 'complex', 'regulation', 'is', 'with', 'lots', 'of', 'jury', 'trials']",[],17:00:26,14230772
383,2014-06-18,Wed,10467,479307541214924801,3,matt_levine,"['Jury', 'trials', 'are', 'great', 'for', 'journalists', 'because', 'they', 'expose', 'lots', 'of', 'facts', 'in', 'an', 'adversarial', 'narratively', 'compelling', 'way']",[],16:59:57,14230772
384,2014-06-18,Wed,10467,479278976289230848,8,matt_levine,"['Quits', 'job', 'Invents', 'knockoff', 'zero-character', 'messaging', 'app', 'Seeks', 'VC', 'funding', 'Sorry', 'that', 'trend', 'ended', 'at', '1105am', 'today']",[],15:06:27,14230772
385,2014-06-18,Wed,10467,479277608996466689,8,matt_levine,"['Another', 'billion-dollar', 'idea', 'Ahoy', 'Its', 'like', 'Yo', 'but', 'instead', 'of', 'saying', 'Yo', 'it', 'says', 'Ahoy', 'For', 'when', 'you', 'want', 'to', 'say', 'Ahoy']",[],15:01:01,14230772
386,2014-06-18,Wed,10467,479275971368222721,2,matt_levine,"['Best', 'thing', 'about', 'Twitter', 'It', 'can', 'replicate', 'any', 'other', 'social', 'media', 'app', 'Worst', 'thing', 'Currently', 'replicating', 'Yo']",[],14:54:30,14230772
387,2014-06-18,Wed,10467,479274650749644801,24,matt_levine,"['Okay', 'I', 'have', 'a', 'new', 'app', 'where', 'you', 'tap', 'on', 'a', 'friends', 'name', 'and', 'it', 'just', 'leaves', 'them', 'alone', 'get', 'in', 'on', 'my', 'Series', 'A', 'at', 'a', '$50', 'mm', 'valuation']",[],14:49:15,14230772
388,2014-06-18,Wed,10467,479241891591241729,1,matt_levine,"['This', 'linkwrap', 'will', 'remain', 'subject', 'to', 'New', 'York', 'jurisdiction']",[],12:39:05,14230772
389,2014-06-18,Wed,10467,479218110575435776,1,matt_levine,"['I', 'like', 'Generally', 'Acceptable', 'Accounting', 'Principles', 'which', 'are', 'a', 'small', 'step', 'towards', 'SAAP']",[],11:04:35,14230772
390,2014-06-17,Tue,10467,479016945413799936,2,matt_levine,"['I', 'was', 'a', 'little', 'sad', 'to', 'see', 'the', '@counterparties', 'email', 'refer', 'to', '@felixsalmon', 'as', 'Salmon', 'Just', 'a', 'Salmon', 'that', 'you', 'used', 'to', 'know']",[],21:45:14,14230772
391,2014-06-17,Tue,10467,479015400488062976,12,matt_levine,"['I', 'wrote', 'about', 'short-dated', 'out-of-the-money', 'call', 'options']",[],21:39:05,14230772
392,2014-06-17,Tue,10467,478969517574733825,6,matt_levine,"['Honestly', 'though', 'I', 'would', 'totally', 'use', 'an', 'app', 'where', '1', 'people', 'send', 'me', 'messages', 'and', '2', 'I', 'cant', 'read', 'them']",[],18:36:46,14230772
393,2014-06-17,Tue,10467,478966395150270464,5,matt_levine,"['Good', 'lord', 'Facebook', 'has', 'a', 'lab', 'dedicated', 'to', 'thinking', 'up', 'new', 'ways', 'to', 'make', 'human', 'interaction', 'terrible']",[],18:24:22,14230772
394,2014-06-17,Tue,10467,478960729161486336,8,matt_levine,"['I', 'wrote', 'about', 'makertakersenator']",[],18:01:51,14230772
395,2014-06-17,Tue,10467,478914669319831552,0,matt_levine,"['Attracting', 'retail', 'investors', 'with', 'lower', 'commissions', 'is', 'a', 'good', 'thing', 'Maker-taker', 'reduces', 'costs', 'to', 'retail', 'investors']",[],14:58:49,14230772
396,2014-06-17,Tue,10467,478912337123233792,1,matt_levine,"['This', 'exchange', 'is', 'nonsense', 'Just', 'complete', 'nonsense', 'Also', 'no', 'one', 'knows', 'what', 'a', 'stop', 'order', 'is']",[],14:49:33,14230772
397,2014-06-17,Tue,10467,478910866130477056,1,matt_levine,"['Q', 'Can', 'charging', 'a', 'flat', 'fee', 'for', 'both', 'making', 'and', 'taking', 'liquidity', 'increase', 'market', 'confidence', 'A', 'Come', 'on', 'no', 'no', 'one', 'pays', 'attention', 'to', 'that']",[],14:43:42,14230772
398,2014-06-17,Tue,10467,478905339518390272,0,matt_levine,"['Forget', 'the', 'price', 'movement', '=', 'good', 'market', 'structure', 'regulatory', 'posture']",[],14:21:45,14230772
399,2014-06-17,Tue,10467,478902374594256896,0,matt_levine,"['Oh', 'theres', 'gonna', 'be', 'just', 'so', 'much', 'condescending', 'to', 'senators', 'today']",[],14:09:58,14230772
400,2014-06-17,Tue,10467,478871541535760386,2,matt_levine,"['This', 'linkwrap', 'is', 'where', 'the', 'liquidity', 'is']",[],12:07:27,14230772
401,2014-06-16,Mon,10467,478573027777839105,1,matt_levine,"['Leave', 'no', 'document', 'behind']",[],16:21:15,14230772
402,2014-06-16,Mon,10467,478568813857095680,5,matt_levine,"['I', 'wrote', 'about', 'House', 'of', 'Cards', 'I', 'mean', 'Valeant']",[],16:04:31,14230772
403,2014-06-16,Mon,10467,478509359698558976,2,matt_levine,"['This', 'linkwrap', 'doesnt', 'mention', 'Pharaoh', 'until', 'the', 'end']",[],12:08:16,14230772
404,2014-06-16,Mon,10467,478507185065177088,3,matt_levine,"['The', 'lesson', 'is', 'if', 'youre', 'an', 'investment', 'bank', 'just', 'ban', 'email']",[],11:59:37,14230772
405,2014-06-16,Mon,10467,478505830338547713,9,matt_levine,"['These', 'Morgan', 'Stanley', 'emails', 'What']",[],11:54:14,14230772
406,2014-06-15,Sun,10467,478309386008289281,5,matt_levine,"['As', 'my', 'Bloomberg', 'View', 'colleague', 'Michael', 'Lewis', 'says', 'Find', 'a', 'fat', 'kid', 'and', 'sit', 'on', 'him', 'Thing', 'I', 'will', 'write']",[],22:53:38,14230772
407,2014-06-15,Sun,10467,478277158842802176,1,matt_levine,"['So', 'the', 'American', 'announcers', 'are', 'better', 'than', 'the', 'English', 'ones', 'is', 'what', 'Im', 'taking', 'away', 'from', 'this', 'game']",[],20:45:35,14230772
