0,2014-08-19,Tue,2199,501533709456388097,0,NakedBondBear,"['I', 'love', 'that', '1', 'Month', 'LIBOR', 'is', '0155', 'Especially', 'for', 'all', 'those', 'companies', 'still', 'holding', 'on', 'to', 'originally', 'purchased', 'Subprime']",[],00:58:49,243214365
1,2014-08-19,Tue,2199,501531357504622593,0,NakedBondBear,"['Does', '$MSFT', 'know', 'how', 'shitty', 'Win', '8', 'is', 'Bueller']",['MSFT'],00:49:28,243214365
2,2014-08-10,Sun,2199,498264320808345602,1,NakedBondBear,"['I', 'm', 'back', 'and', 'I', 'm', 'pissed']",[],00:27:26,243214365
3,2014-01-05,Sun,2199,419913349925994496,1,NakedBondBear,"['timestamp', 'on', 'the', 'run', '10', 'yr', 'TSY', 'The', '35', 'by', 'July', '1']",[],19:28:38,243214365
4,2014-01-05,Sun,2199,419821321355546624,0,NakedBondBear,"['Like', 'DeBlasio', 'Im', 'willing', 'to', 'give', 'Director', 'Watt', 'a', 'chance', 'before', 'declaring', 'his', 'tenure', 'a', 'failure', 'You', 'listening', 'Fox', 'News']",[],13:22:57,243214365
5,2014-01-05,Sun,2199,419817562437091328,1,NakedBondBear,"['Tomorrow', 'starts', 'the', 'reign', 'of', 'FHFAs', 'new', 'director', 'Mel', 'Watt', 'FHFA', 'has', 'gone', 'from', 'a', 'finance', 'guy', 'to', 'an', 'economist', 'to', 'a', 'politician', 'Deevolution']",[],13:08:01,243214365
6,2013-01-15,Tue,2199,291185871078690816,0,NakedBondBear,"['Now', 'processing', 'the', '797', 'page', 'reg', 'text', 'put', 'out', 'by', 'the', 'CFPB', 'looking', 'for', 'arbitrage', 'opportunities', 'Expect', 'a', 'post', 'soon']",[],14:11:36,243214365
7,2012-12-14,Fri,2199,279589464194572288,1,NakedBondBear,"['New', 'Post', 'Short', 'the', 'DeMarco', 'Trade']",[],14:11:37,243214365
8,2012-12-14,Fri,2199,279439279942422528,1,NakedBondBear,"['New', 'Post', 'from', 'me', 'Short', 'the', 'DeMarco', 'Trade']",[],04:14:50,243214365
9,2012-12-13,Thu,2199,279070604383109120,0,NakedBondBear,"['The', 'person', 'who', 'took', 'my', 'donation', 'asked', 'if', 'I', 'want', 'to', 'speak', 'to', 'a', 'star', 'about', 'why', 'I', 'm', 'donating', 'Why', 'the', 'hell', 'would', 'I', 'want', 'to', 'do', 'that']",[],03:49:51,243214365
10,2012-12-13,Thu,2199,279065304020185088,3,NakedBondBear,"['Just', 'put', 'in', 'money', 'for', '121212concert', 'how', 'about', 'you', 'NYers', 'and', 'NJers', 'overcoming', 'animosity', 'to', 'help', 'each', 'other']",[],03:28:47,243214365
11,2012-11-22,Thu,2199,271609728797376512,1,NakedBondBear,"['Happy', 'Thanksgiving', 'everyone', 'Try', 'to', 'stay', 'off', 'I-80', 'as', 'I', 'drive', 'Momma', 'Bears', 'house', 'at', '110', 'mph']",[],13:43:00,243214365
12,2012-11-12,Mon,2199,267802981339115521,0,NakedBondBear,"['Kickstarter', 'is', 'a', 'microcosm', 'for', 'investing', 'Remember', 'to', 'do', 'your', 'due', 'diligence']",[],01:36:20,243214365
13,2012-11-12,Mon,2199,267793346121060352,0,NakedBondBear,"['Thanks', 'Man', 'RT', '@StoneStAdvisors', 'FF', 'The', 'REAL', 'SSA', 'blog', 'team', '@GTWNJACK', '@DutchBook', 'All', 'others', 'are', 'not', 'associated', 'or', 'lying', 'unless', 'I', 'say']",[],00:58:03,243214365
14,2012-11-12,Mon,2199,267792682909327360,0,NakedBondBear,"['Is', 'it', 'safe', 'to', 'talk', 'about', 'finance', 'again']",[],00:55:25,243214365
15,2012-09-28,Fri,2199,251774984295432193,0,NakedBondBear,"['Looks', 'like', 'sf', 'abs', 'markets', 'are', 'starting', 'to', 'show', 'life', 'like', 'a', 'zombie']",[],20:06:48,243214365
16,2012-07-03,Tue,2199,220123657752682496,0,NakedBondBear,"['There', 'should', 'be', 'a', 'law', 'to', 'prevent', 'this', 'RT', '@moorehn', 'July', '4th', 'on', 'a', 'Wednesday', 'is', 'an', 'abomination', '2012', 'sucks']",[],11:55:44,243214365
17,2012-07-02,Mon,2199,219770444159528960,0,NakedBondBear,"['I', 'have', 'to', 'say', 'glad', 'Im', 'now', 'following', '@nakedtradercom', 'and', 'not', 'because', 'of', 'naked', 'in', 'his', 'name', 'Great', 'market', 'chatter']",[],12:32:11,243214365
18,2012-06-22,Fri,2199,216001862795665408,0,NakedBondBear,"['New', 'Blog', 'Post', 'How', 'I', 'legally', 'caused', '$BAC', 'to', 'lose', '$4', 'k', 'on', 'my', 'mortgage']",['BAC'],02:57:11,243214365
19,2012-06-22,Fri,2199,215997852860690433,0,NakedBondBear,"['Snippet', 'from', 'new', 'blog', 'post', 'So', 'like', 'family', 'you', 'cant', 'choose', 'your', 'servicer']",[],02:41:15,243214365
20,2012-06-20,Wed,2199,215283252477435904,1,NakedBondBear,"['Anyone', 'interested', 'in', 'my', 'writing', 'a', 'blog', 'on', 'how', 'I', 'legally', 'caused', 'BoA', 'to', 'loose', 'over', '$3', 'k']",[],03:21:41,243214365
21,2012-06-18,Mon,2199,214526752008044547,0,NakedBondBear,"['Good', 'evening', 'everyone', 'What', 'did', 'you', 'miss']",[],01:15:38,243214365
22,2012-06-13,Wed,2199,212705035484803072,0,NakedBondBear,"['Funny', 'You', 'dont', 'strike', 'me', 'as', 'Jewish', 'RT', '@amaeryllis', 'May', 'your', 'mother', 'never', 'join', 'twitter', 'Old', 'Social', 'Media', 'Blessing']",[],00:36:46,243214365
23,2012-05-25,Fri,2199,205996891694055424,0,NakedBondBear,"['Poetic', 'RT', '@nycsouthpaw', 'Im', 'an', 'Omar', 'Bradley', 'guy', 'in', 'a', 'Ben', 'Bradlee', 'world']",[],12:21:00,243214365
24,2012-05-20,Sun,2199,204043628132319232,0,NakedBondBear,"['Did', 'anyone', 'see', 'the', 'bullshit', 'pitch', 'piece', 'from', 'S', 'ampP', 'about', 'the', 'proper', 'use', 'of', 'rating', 'agencies', 'in', 'the', 'mkt', 'Clearly', 'missing', 'how', 'S', 'ampP', 'used', 'to', 'sell', 'it']",[],02:59:26,243214365
25,2012-05-11,Fri,2199,200920065531592705,0,NakedBondBear,"['Anyone', 'hearing', 'more', 'rumors', 'on', 'the', 'GMACResCap', 'Bankruptcy', 'or', 'transformative', 'event']",[],12:07:31,243214365
26,2012-05-11,Fri,2199,200915145344565248,4,NakedBondBear,"['Sick', 'and', 'tired', 'of', 'the', 'JPM', 'Whale', 'shit', 'Next', 'one', 'who', 'says', 'it', 'is', 'Blocked']",[],11:47:58,243214365
27,2012-04-28,Sat,2199,196384343684415489,0,NakedBondBear,"['I', 'just', 'cleaned', 'out', '11K', 'unread', 'messages', 'out', 'of', 'my', 'email', 'Only', '6K', 'to', 'go']",[],23:44:10,243214365
28,2012-04-25,Wed,2199,194963736602214401,1,NakedBondBear,"['I', 'still', 'remember', 'my', 'big', 'bonuses', 'RT', '@LimericksEcon', 'I', 'know', 'all', 'of', 'these', 'stories', 'and', 'yet', 'they', 'are', 'creeping', 'me', 'out', 'all', 'over', 'again', 'frontline']",[],01:39:11,243214365
29,2012-04-13,Fri,2199,190599431333232640,0,NakedBondBear,"['Dead', 'On', 'RT', '@IvanTheK', 'If', 'an', 'Arizona', 'Diamondback', 'makes', 'it', 'to', 'first', 'base', 'he', 'scores', 'OtherArizonaLaws']",[],00:37:00,243214365
30,2012-03-28,Wed,2199,184811428576890881,0,NakedBondBear,"['New', 'Stone', 'Street', 'Advisors', 'Blog', 'Post', 'Next', 'on', 'the', 'Blame', 'Game', 'Student', 'Loans']",[],01:17:32,243214365
31,2012-03-26,Mon,2199,184350879820947456,0,NakedBondBear,"['In', 'case', 'you', 'missed', 'it', 'Flexible', 'Spending', 'account', 'will', 'decrease', 'to', '$2500', 'yr', 'down', 'by', '50', 'Dentists', 'and', 'vision', 'care', 'must', 'be', 'upset']",[],18:47:29,243214365
32,2012-03-26,Mon,2199,184288207372943360,0,NakedBondBear,"['I', 'am', 'ALMOST', 'ready', 'not', 'to', 'be', 'bearish', 'on', 'housing', 'credit', 'Almost']",[],14:38:27,243214365
33,2012-03-25,Sun,2199,184058778096902145,0,NakedBondBear,"['Credit', 'as', 'determined', 'by', 'issuance', 'for', 'CMBS', 'continues', 'to', 'track', '2011', 'but', 'new', 'risks', 'are', 'starting', 'to', 'show']",[],23:26:47,243214365
34,2012-03-13,Tue,2199,179716347478032384,0,NakedBondBear,"['Question', 'of', 'the', 'day', 'Who', 'thinks', 'you', 'can', 'have', 'a', 'truly', 'private', 'TBA', 'market', 'without', 'a', 'govt', 'backstop', 'with', 'mtg', 'rates', 'under', '85']",[],23:51:30,243214365
35,2012-03-12,Mon,2199,179316845608841217,0,NakedBondBear,"['IT', 'HURTS']",[],21:24:02,243214365
36,2012-03-02,Fri,2199,175560593032478720,0,NakedBondBear,"['\\', '\\']",[],12:38:01,243214365
37,2012-02-24,Fri,2199,173032896284733442,0,NakedBondBear,"['Lofty', 'goals', 'but', 'admirable', 'RT', '@amaeryllis', 'todays', 'goal', 'read', 'write', 'research', 'do', 'not', 'fight', 'on', 'the', 'internet']",[],13:13:51,243214365
38,2012-02-19,Sun,2199,171355580005486596,0,NakedBondBear,"['Writing', 'on', 'the', 'State', 'of', 'the', 'FI', 'Credit', 'markets', 'any', 'other', 'requests', 'or', 'do', 'I', 'go', 'back', 'to', 'my', 'Cuban', 'hoochie']",[],22:08:48,243214365
39,2012-02-13,Mon,2199,168854505792864257,0,NakedBondBear,"['A', 'better', 'job', 'RT', '@SapienQuis', 'Good', 'grief', 'I', 'need', 'to', 'get']",[],00:30:26,243214365
40,2012-02-04,Sat,2199,165898262694473728,0,NakedBondBear,"['I', 'cant', 'think', 'of', 'one', 'person', 'who', 'has', 'all', 'the', 'skills', 'for', 'this', 'NGO', 'job']",[],20:43:22,243214365
41,2012-02-04,Sat,2199,165896871301230592,0,NakedBondBear,"['I', 'follow', '@NotStevieCohen', 'for', 'the', 'two', 'mountain', 'landscapes', 'if', 'you', 'know', 'what', 'I', 'mean', 'cc', '@GrizzlyMeadows']",[],20:37:50,243214365
42,2012-02-01,Wed,2199,164698472577122306,0,NakedBondBear,"['BTW', 'the', 'NY', 'AG', 'will', 'loose', 'the', 'Fraud', 'case', 'because', 'prices', 'were', 'model', 'based', 'and', 'all', 'models', 'have', 'errors']",[],13:15:50,243214365
43,2012-02-01,Wed,2199,164698235766702083,0,NakedBondBear,"['Why', 'is', 'the', 'NY', 'AG', 'suing', 'over', 'traders', 'overstating', 'their', 'books', 'and', 'not', 'the', 'SEC', 'Oh', 'right', 'The', 'SEC', 'is', 'incompetent']",[],13:14:54,243214365
44,2012-02-01,Wed,2199,164518764027707395,0,NakedBondBear,"['Romney', 'wins', 'FL', 'I', 'see', 'a', 'Tea', 'Party', 'spoiler', '3rd', 'candidate']",[],01:21:44,243214365
45,2012-02-01,Wed,2199,164501793357824000,0,NakedBondBear,"['Id', 'vote', 'for', 'teh', 'Chris', 'Farley', 'Newt', 'Too', 'bad', 'both', 'are', 'dead', 'RT', '@clydbeaty', 'Chris', 'Farley', 'as', 'Newt', 'Gingrich']",[],00:14:18,243214365
46,2012-01-30,Mon,2199,163945981447118848,0,NakedBondBear,"['Morning', 'people']",[],11:25:42,243214365
47,2012-01-30,Mon,2199,163821187770761216,0,NakedBondBear,"['A', 'quick', 'review', 'of', 'the', 'American', 'Securitization', 'Forum', '2012', 'Groundhog', 'Day', 'Year', '3']",[],03:09:49,243214365
48,2012-01-29,Sun,2199,163631170209325057,0,NakedBondBear,"['At', 'ASF2012', 'most', 'analysts', 'predict', 'another', '3-5', 'decline', 'in', 'housing', 'prices', 'before', 'recover', 'I', 'say', '3x', 'that', 'with', 'a', '33', 'mo', 'of', 'delq', 'housing', 'supply']",[],14:34:45,243214365
49,2012-01-27,Fri,2199,162709302262509568,0,NakedBondBear,"['I', 'want', 'to', 'thank', 'Mitt', 'Newt', 'and', 'Rick', 'for', 'making', 'Obama', 'look', 'as', 'an', 'elder', 'statement']",[],01:31:35,243214365
50,2012-01-19,Thu,2199,159971093329887232,0,NakedBondBear,"['Let', 'the', '$BAC', 'shorts', 'begin', 'in', 'ernest']",['BAC'],12:10:55,243214365
51,2012-01-08,Sun,2199,155995577946083329,1,NakedBondBear,"['Im', 'seriously', 'worried', 'if', '@Noriel', 'is', 'the', 'only', 'one', 'posting', 'in', 'my', 'time', 'line']",[],12:53:38,243214365
52,2012-01-08,Sun,2199,155993940288475136,0,NakedBondBear,"['Is', 'my', 'time', 'line', 'dead', 'or', 'tweetdeck', 'for', 'android', 'f', 'd', 'up', 'again']",[],12:47:08,243214365
53,2012-01-08,Sun,2199,155993080489717760,0,NakedBondBear,"['Strange', 'car', 'in', 'my', 'driveway', 'Drunk', '20', 'year', 'old', 'in', 'guest', 'room', 'with', 'vomit', 'on', 'the', 'floor', 'Someone', 'had', 'some', 'serious', 'explaining', 'to', 'do']",[],12:43:43,243214365
54,2012-01-06,Fri,2199,155387317480202240,0,NakedBondBear,"['SEC', 'will', 'still', 'get', 'it', 'wrong', 'RT', '@BreakingNews', 'US', 'SEC', 'to', 'demand', 'admission', 'of', 'wrongdoing', 'in', 'some', 'cases', '@Reuters']",[],20:36:38,243214365
55,2012-01-02,Mon,2199,153641917240967169,0,NakedBondBear,"['Join', 'the', 'Revolution', 'against', 'really', 'stupid', 'FAA', 'rules']",[],01:01:02,243214365
56,2011-12-23,Fri,2199,150248259527516160,0,NakedBondBear,"['Fucking', 'furious', 'at', 'the', 'SEC', 'THey', 'get', 'worse', 'every', 'day']",[],16:15:51,243214365
57,2011-12-16,Fri,2199,147779435775524864,0,NakedBondBear,"['The', 'SEC', 'sues', 'ex-FNM', 'FRE', 'execs', '4', 'years', 'later', 'and', 'still', 'get', 'it', 'wrong', 'Time', 'to', 'reboot', 'the', 'SEC']",[],20:45:37,243214365
58,2011-12-16,Fri,2199,147778969444433921,0,NakedBondBear,['ZZZZ'],[],20:43:46,243214365
59,2011-12-16,Fri,2199,147778226633195522,0,NakedBondBear,"['TY', 'RT', '@marclocher', 'FF', '@NicTrades', '@NigelFarage', '@TheBullnBear', '@OlafStorbeck', '@OptionRadar', '@optionmonster', '@Pawelmorski', '@pdacosta', '@petertl']",[],20:40:49,243214365
60,2011-12-12,Mon,2199,146309901034070016,0,NakedBondBear,"['Looks', 'like', 'the', 'fed', 'is', 'out', 'of', 'ammo']",[],19:26:13,243214365
61,2011-11-30,Wed,2199,141846811643092993,0,NakedBondBear,"['Ive', 'been', 'doing', 'a', 'lot', 'of', 'pondering', 'about', 'the', 'US', 'Mortgage', 'market', 'lately', 'Can', 'the', 'US', 'Homeowner', 'live', 'without', 'the', '30', 'yr', 'fixed', 'rate', 'mortgage']",[],11:51:29,243214365
62,2011-11-21,Mon,2199,138664879614738432,0,NakedBondBear,"['RT', '@dvandeventer', 'From', '@SapienQuis', 'I', 'had', 'stopped', 'believing', 'in', 'the', 'rating', 'agencies', 'when', 'I', 'saw', 'how', 'they', 'due', 'diligenced', 'my', 'CDOs']",[],17:07:38,243214365
63,2011-11-21,Mon,2199,138644466889273344,1,NakedBondBear,"['Only', 'the', 'delusional', 'optimist', 'didnt', 'foresee', 'the', 'failure', 'of', 'the', 'super', 'committee', 'There', 'is', 'only', 'political', 'downside', 'for', 'compromise']",[],15:46:31,243214365
64,2011-11-14,Mon,2199,135905019387056128,0,NakedBondBear,"['1k', 'RT', '@adamdani', 'Even', 'if', 'insider', 'trading', 'was', 'illegal', 'for', 'members', 'of', 'congress', 'the', 'inept', 'SEC', 'would', 'never', 'go', 'after', 'those', 'that', 'give', 'it', 'funding']",[],02:20:56,243214365
65,2011-11-11,Fri,2199,134970110225022976,0,NakedBondBear,"['Citi', 'owned', 'EMI', 'RT', '@danacimilluca', 'Breaking', 'Citigroup', 'to', 'Sell', 'EMI', 'recorded-music', 'unit', 'to', 'Universal', 'for', '$19', 'B']",[],12:25:56,243214365
66,2011-11-02,Wed,2199,131722123176706048,0,NakedBondBear,"['Be', 'afraid', 'wwwpeopleofwalmartcom', 'RT', '@Prospectus', '@hipstermusic', 'I', 'dont', 'fear', 'Walmart', 'I', 'fear', 'Walmart', 'customers']",[],13:19:36,243214365
67,2011-10-26,Wed,2199,129316748481667072,0,NakedBondBear,"['I', 'want', 'to', 'know', 'as', 'well', 'RT', '@TheAnalyst', 'can', 'someone', 'summarize', 'the', 'apparent', 'twitter', 'fight', 'btw', 'liesman', 'and', 'mccullough', 'in', '140', 'characters']",[],22:01:30,243214365
68,2011-10-23,Sun,2199,127927886991736832,0,NakedBondBear,"['Who', 'remembers', 'the', 'fantastic', 'Mets', 'Pitcher', 'Sid', 'Finch']",[],02:02:39,243214365
69,2011-10-05,Wed,2199,121725651530158081,0,NakedBondBear,"['Good', 'evening', 'everyone', 'What', 'did', 'I', 'miss', 'otday']",[],23:17:11,243214365
70,2011-09-27,Tue,2199,118696671826808833,0,NakedBondBear,"['Just', 'day', 'a', 'DBRS', 'report', 'saying', 'timeshare', 'underwriting', 'now', 'uses', 'FICO', 'Lousy', 'asset', 'class', 'but', 'great', 'for', 'CDO', 'diversity', 'score']",[],14:41:06,243214365
71,2011-09-16,Fri,2199,114785132153544704,1,NakedBondBear,"['In', 'the', 'who-gives-a-fuck-dept', 'Mike', 'Perry', 'failed', 'IndyMac', 'CE0', 'whines', 'about', 'the', 'FDIC', 'Fed', 'not', 'saving', 'them', 'No', 'thrift', 'was', 'saved']",[],19:38:02,243214365
72,2011-09-16,Fri,2199,114693846016860160,0,NakedBondBear,"['NOMURA', 'Foreign', 'holdings', 'of', 'Agency', 'MBS', 'declines', '$222', 'B', 'in', 'June', 'and', '$45', 'B', 'since', 'the', 'beginning', 'of', 'the', 'year']",[],13:35:18,243214365
73,2011-09-16,Fri,2199,114693138152558592,0,NakedBondBear,"['Id', 'also', 'like', 'to', 'point', 'out', '$BAC', 'went', 'to', 'the', 'Frank', 'Raines', 'school', 'of', 'pissing', 'off', 'business', 'partners', 'and', 'regulators']",['BAC'],13:32:29,243214365
74,2011-09-16,Fri,2199,114686693881298946,0,NakedBondBear,"['BAC', 'will', 'have', 'significant', 'reputation', 'issues', 'for', 'several', 'years', 'if', 'they', 'bankrupt', 'CW', 'Regulators', 'will', 'not', 'pleased']",[],13:06:53,243214365
75,2011-09-15,Thu,2199,114434032934199296,0,NakedBondBear,"['1', 'RT', '@TheAnalyst', 'Stone', 'Street', 'Advisors', 'is', 'converting', 'into', 'an', 'activist', 'hedge', 'fund', 'tonight', 'launching', 'a', 'battle', 'against', 'Basille', '$RIMM', 'tmw']",[],20:22:54,243214365
76,2011-09-15,Thu,2199,114412390401060864,0,NakedBondBear,"['They', 'have', 'shos', 'for', 'that', 'now', 'RT', '@amaeryllis', 'matt', 'taibbi', 'has', 'brain', 'herpes']",[],18:56:54,243214365
77,2011-09-15,Thu,2199,114318094826082304,0,NakedBondBear,"['Capital', 'Markets', 'Truth', 'All', 'traders', 'hit', 'a', 'dry', 'patch', 'when', 'a', 'fundamental', 'or', 'cyclical', 'shift', 'causes', 'the', 'profitable', 'arb', 'to', 'go', 'away', 'causing', 'a', 'loss']",[],12:42:12,243214365
78,2011-09-12,Mon,2199,113393044434321408,0,NakedBondBear,"['Fantastic', 'ideaRT', '@AntDeRosa', 'Deport', 'Fergie']",[],23:26:23,243214365
79,2011-09-08,Thu,2199,111808082614562816,0,NakedBondBear,"['Fascinating', 'if', 'true', 'RT', '@ExWSG', 'Time', 'claims', 'Banks', 'pulling', 'out', 'of', 'AG', 'agreement', 'due', 'to', 'FHFA', 'suit']",[],14:28:18,243214365
80,2011-08-29,Mon,2199,108327897630121985,0,NakedBondBear,"['Reviewed', 'the', 'FDIC', 'objection', 'of', 'the', 'Bank', 'of', 'America', '$85', 'B', 'settlement', 'Its', 'more', 'like', 'a', 'Hey', 'can', 'we', 'get', 'more', 'info', 'on', 'this', 'deal', 'yperbole']",[],23:59:18,243214365
81,2011-08-29,Mon,2199,108164134960496642,0,NakedBondBear,"['RT', '@GTWNJACK', 'Before', 'you', 'dump', 'insurance', 'stocks', 'remember', 'that', 'they', 'typically', 'dont', 'cover', 'flood', 'damage', 'Business', 'interruption', 'is', 'the', 'big', 'one']",[],13:08:34,243214365
82,2011-08-27,Sat,2199,107578114032406528,0,NakedBondBear,"['VERY', 'IMPORTANT', 'PUBLIC', 'ANNOUNCEMENT', 'FEMA', 'Internet', 'Outage', 'Warning']",[],22:19:55,243214365
83,2011-08-27,Sat,2199,107503687143919616,0,NakedBondBear,"['Does', 'a', 'Bear', 'shit', 'in', 'the', 'woods', 'We', 'have', 'pepco', 'RT', '@Siouxsie212', 'DC', 'people', 'Do', 'you', 'think', 'the', 'District', 'will', 'lose', 'power', 'I', 'need', 'input', 'Irene']",[],17:24:10,243214365
84,2011-08-24,Wed,2199,106319382329831425,1,NakedBondBear,"['New', 'Stone', 'Street', 'Advisors', 'post', 'Why', 'the', 'ratings', 'change', 'didnt', 'cause', 'an', 'Agency', 'MBS', 'Sell', 'off']",[],10:58:10,243214365
85,2011-08-24,Wed,2199,106194502594740224,0,NakedBondBear,"['New', 'Blog', 'post', 'A', 'Rare', 'Mea', 'Culpa', 'Dont', 'get', 'used', 'to', 'it']",[],02:41:57,243214365
86,2011-08-24,Wed,2199,106176666128232448,0,NakedBondBear,"['I', 'hate', 'when', 'Im', 'wrong']",[],01:31:04,243214365
87,2011-08-22,Mon,2199,105448234431954944,0,NakedBondBear,"['Thank', 'GOP', 'RT', '@amaeryllis', 'man', 'the', 'united', 'states', 'sure', 'has', 'a', 'knack', 'for', 'dodging', 'the', 'successful', 'wars', 'and', 'refusing', 'to', 'leave', 'the', 'losing', 'ones']",[],01:16:32,243214365
88,2011-08-21,Sun,2199,105426651457925121,0,NakedBondBear,"['Wimp', 'Taking', 'lessons', 'from', 'Obama', 'RT', '@ExWSG', 'Time', 'for', 'some', 'Jamine', 'Tea']",[],23:50:47,243214365
89,2011-08-21,Sun,2199,105424005581910016,0,NakedBondBear,"['Can', 'I', 'punch', 'him', 'RT', '@ruthlessgravity', 'I', 'wont', 'consider', 'any', 'of', 'this', 'legit', 'until', 'Anderson', 'Cooper', 'is', 'shown', 'getting', 'punched', 'in', 'the', 'face', 'again']",[],23:40:16,243214365
90,2011-08-16,Tue,2199,103560834520842240,0,NakedBondBear,"['Bank', 'Of', 'America', 'Scores', 'A', 'Victory', 'Forbes', 'Thanks', '@tbuhl']",[],20:16:41,243214365
91,2011-08-16,Tue,2199,103306547978964994,0,NakedBondBear,"['And', 'recommending', 'Texas', 'leaving', 'the', 'union', 'not', 'RT', '@moorehn', 'Rick', 'Perry', 'considers', 'Ben', 'Bernanke', 'treasonous', 'for', 'QE2', 'So']",[],03:26:15,243214365
92,2011-08-16,Tue,2199,103305301305999360,0,NakedBondBear,"['Why', 'cant', 'my', 'lawyers', 'keep', 'the', 'schedule', 'they', 'promised', 'Why']",[],03:21:17,243214365
93,2011-08-16,Tue,2199,103305078949154816,0,NakedBondBear,"['Mea', 'Culpa', 'RT', '@DutchBook', '@NakedBondBear', 'sorry', 'buddy', 'but', 'Norway', 'Switzerland', 'Canada', 'Hong', 'Kong', 'Singapore', 'are', 'also', 'lower', 'on', '5yr', 'sov', 'CDS']",[],03:20:24,243214365
94,2011-08-16,Tue,2199,103265364758114304,1,NakedBondBear,"['GO', 'USA', 'GO', 'USA', 'Only', 'Sweden', 'has', 'a', 'lower', '5', 'yr', 'CDS', 'than', 'the', 'AA', 'ratied', 'USA']",[],00:42:36,243214365
95,2011-08-14,Sun,2199,102846137484062720,0,NakedBondBear,"['The', 'problem', 'is', 'Massive', 'Lawsuits', 'are', 'finally', 'starting', 'in', 'earnest', 'Everyone', 'is', 'suing', 'at', 'this', 'point', '@TheAnalyst', '@TJA3']",[],20:56:44,243214365
96,2011-08-12,Fri,2199,102160453903466496,0,NakedBondBear,"['FF', '@MaidenLaneiii', '@TJA3', 'for', 'putting', 'up', 'with', 'my', 'bullshit']",[],23:32:04,243214365
97,2011-08-12,Fri,2199,102146067688206336,1,NakedBondBear,"['Follow', 'them', 'or', 'die', 'FF', '@Theanalyst', '@StoneStAdvisors', '@bondwimp', '@GTWNJACK', '@DutchBook', '@Macrotradr', '@NotStevieCohen', '@ExWSG']",[],22:34:54,243214365
98,2011-08-10,Wed,2199,101259696622669824,0,NakedBondBear,"['My', 'feelings', 'exactly', 'RT', '@DylanRatigan', 'I', 'm', 'Mad', 'As', 'Hell', 'How', 'About', 'You']",[],11:52:47,243214365
99,2011-08-09,Tue,2199,100731708239912961,1,NakedBondBear,"['1', 'RT', '@ExWSG', 'I', 'really', 'hope', 'the', 'SEC', 'does', 'a', 'full', 'bore', 'proctology', 'exam', 'on', 'S', 'P']",[],00:54:45,243214365
100,2011-08-08,Mon,2199,100711203768246272,1,NakedBondBear,"['I', 'bet', 'the', 'Senate', 'cant', 'even', 'spell', 'AAA', 'RT', '@jennablan', 'Senate', 'panel', 'reviewing', 'S', 'P', 'downgrade']",[],23:33:16,243214365
101,2011-08-08,Mon,2199,100678737573593088,0,NakedBondBear,"['What', 'Soveriegn', 'CDS', 'markets', 'think', 'about', 'the', 'S', 'P', 'Downgrade', 'wwwstonestreetadvisorscom']",[],21:24:16,243214365
102,2011-08-07,Sun,2199,100264396298797056,0,NakedBondBear,"['RT', '@ReformedBroker', 'Just', 'took', 'the', 'kids', 'to', 'Smurfs', 'Little', 'disappointed', 'they', 'left', 'out', 'all', 'the', 'nudity', 'and', 'drugs', 'I', 'remember', 'from', 'the', 'TV', 'show']",[],17:57:49,243214365
103,2011-08-03,Wed,2199,98720733399760897,16,NakedBondBear,"['Raising', 'Taxes', 'wont', 'create', 'jobs', 'Lowering', 'taxes', 'wont', 'create', 'jobs', 'Consumer', 'and', 'corporate', 'delevering', 'once', 'finished', 'will', 'create', 'jobs']",[],11:43:51,243214365
104,2011-08-01,Mon,2199,97845391302733824,0,NakedBondBear,"['I', 'just', 'hope', 'S', 'P', 'or', 'Moodys', 'downgrades', 'US', 'debt', 'to', 'show', 'what', 'a', 'bunch', 'of', 'ninnies', 'congress', 'is']",[],01:45:33,243214365
105,2011-08-01,Mon,2199,97841188895334400,0,NakedBondBear,"['Obama', 'and', 'Boehner', 'Weakest', 'President', 'Speaker', 'combo', 'EVER']",[],01:28:51,243214365
106,2011-07-31,Sun,2199,97503735571423232,0,NakedBondBear,"['Who', 'wants', 'to', 'buy', 'office', 'space', 'if', 'the', 'US', 'economy', 'is', 'going', 'to', 'tank', 'again']",[],03:07:56,243214365
107,2011-07-31,Sun,2199,97503557028286464,0,NakedBondBear,"['Two', 'CMBS', 'deals', 'fail', 'to', 'close', 'due', 'to', 'investor', 'concerns', 'around', 'the', 'US', 'economy', 'GS', 'Citi', 'set', 'to', 'possibly', 'loose', '$50', 'm']",[],03:07:14,243214365
108,2011-07-31,Sun,2199,97502333155553280,0,NakedBondBear,"['A', 'Case', 'of', 'Regulatory', 'Capture', 'OTS', 'Deconstructed', 'finreg']",[],03:02:22,243214365
109,2011-07-30,Sat,2199,97341080768483329,0,NakedBondBear,"['New', 'Post', 'A', 'Case', 'of', 'Regulatory', 'Failure', 'OTS', 'Deconstructured']",[],16:21:36,243214365
110,2011-07-30,Sat,2199,97306011496480768,0,NakedBondBear,"['Just', 'confused', 'Wu', 'Tang', 'Clan', 'with', 'Wang', 'Chung', 'OldFart']",[],14:02:15,243214365
111,2011-07-30,Sat,2199,97132964315545600,0,NakedBondBear,"['I', 'fucking', 'hate', 'Congress', 'A', 'pox', 'on', 'all', 'three', 'parties']",[],02:34:37,243214365
112,2011-07-30,Sat,2199,97129449564274689,1,NakedBondBear,"['FF', 'And', 'Name', 'Names', '@bondwimp', '@TheAnalyst', '@ComfortablySmug', '@DutchBook', '@GTWNJACK', '@macrotradr']",[],02:20:40,243214365
113,2011-07-29,Fri,2199,96947169407414272,0,NakedBondBear,"['1', 'RT', '@Bankrchick', 'Only', 'recession', 'I', 'know', 'of', 'is', 'my', 'daily', 'calorie', 'intake']",[],14:16:21,243214365
114,2011-07-29,Fri,2199,96911332498087936,1,NakedBondBear,"['Boehners', 'limp', 'performance', 'last', 'night', 'will', 'require', 'the', 'GOP', 'rethink', 'its', 'Know', 'Nothing', 'Tea', 'party', 'members']",[],11:53:56,243214365
115,2011-07-28,Thu,2199,96726827686576128,0,NakedBondBear,"['Evening', 'everyone', 'How', 'is', 'everyone', 'today']",[],23:40:47,243214365
116,2011-07-25,Mon,2199,95512648610889729,0,NakedBondBear,"['$NFLX', 'is', 'up', 'because', 'people', 'would', 'rather', 'escape', 'with', 'movies', 'than', 'deal', 'with', 'the', 'reality', 'of', 'this', 'congress', 'and', 'upcoming', 'double', 'dip']",['NFLX'],15:16:04,243214365
117,2011-07-24,Sun,2199,94969430219567104,0,NakedBondBear,"['OTS', 'deserved', 'to', 'die', 'RT', '@NakedBondBear', 'Good', 'bye', 'OTS', 'They', 'removed', 'your', 'sign', 'before', 'the', 'body', 'was', 'cold']",[],03:17:31,243214365
118,2011-07-24,Sun,2199,94969306030419968,0,NakedBondBear,"['Good', 'bye', 'OTS', 'They', 'removed', 'your', 'sign', 'before', 'the', 'body', 'was', 'cold']",[],03:17:01,243214365
119,2011-07-22,Fri,2199,94551282794250240,0,NakedBondBear,"['RT', '@markknoller', 'WH', 'officials', 'more', 'than', 'a', 'little', 'stunned', 'by', 'developments', 'and', 'Boehners', 'walk-away', 'They', 'thought', 'they', 'were', 'close', 'a', 'deal', 'ystdy']",[],23:35:57,243214365
120,2011-07-22,Fri,2199,94548692316585984,1,NakedBondBear,"['1', 'RT', '@ExWSG', 'Can', 'we', 'fire', 'the', 'President', 'and', 'all', '535', 'members', 'of', 'congress', 'and', 'start', 'over']",[],23:25:39,243214365
121,2011-07-15,Fri,2199,91680040940601345,0,NakedBondBear,"['Ill', 'take', 'a', 'a', '50', 'chance', 'from', 'a', 'rating', 'agency', 'because', 'Im', 'sure', 'it', 'means', 'they', 'are', 'going', 'downgrade', 'US', 'Tsy']",[],01:26:39,243214365
122,2011-07-14,Thu,2199,91510285382332417,0,NakedBondBear,"['For', 'those', 'with', 'no', 'life', 'like', 'me', 'here', 'is', 'the', 'entire', 'public', 'legal', 'docs', 'for', 'the', '$BAC', '$85', 'B', 'RMBS', 'settlement']",['BAC'],14:12:06,243214365
123,2011-07-13,Wed,2199,91293028706295808,0,NakedBondBear,"['Mazel', 'Tov', 'on', 'the', 'upcoming', 'happy', 'event', 'If', 'its', 'a', 'boy', 'can', 'I', 'perform', 'the', 'bris', '@amaeryllis', '@EpicureanDeal']",[],23:48:48,243214365
124,2011-07-13,Wed,2199,91287626996396035,0,NakedBondBear,"['Stuck', 'in', 'the', 'f', 'g', 'rain', 'in', 'Jersey', 'City', 'Next', 'ime', 'Im', 'staying', 'in', 'Manhattan']",[],23:27:20,243214365
125,2011-07-12,Tue,2199,90802544049258496,0,NakedBondBear,"['More', 'deserved', 'bashing', 'of', 'the', 'FRB', 'SEC', 'OCC', 'More', 'congress', 'oversight', 'Oversight', 'by', 'politicians', 'who', 'are', 'bought', 'by', 'spcl', 'interest', 'groups', 'SMH']",[],15:19:48,243214365
126,2011-07-12,Tue,2199,90801075891863552,0,NakedBondBear,"['Why', 'do', 'they', 'have', 'Harvey', 'Pitt', 'on', 'the', 'stand', 'He', 'was', 'a', 'stooge', 'of', 'the', 'GOP', 'and', 'still', 'is', 'He', 'led', 'the', 'effort', 'to', 'weaken', 'the', 'SEC']",[],15:13:58,243214365
127,2011-07-12,Tue,2199,90798352274440192,0,NakedBondBear,"['Wow', 'An', 'investor', 'actual', 'blaming', 'themselves', 'as', 'part', 'of', 'the', 'problem', 'Clearly', 'regulators', 'werent', 'empowered', 'or', 'staffed', 'and', 'were', 'part', 'of', 'the', 'prob']",[],15:03:08,243214365
128,2011-07-12,Tue,2199,90795837172625410,0,NakedBondBear,"['Dodd-Frank', 'which', 'has', 'issues', 'didnt', 'cause', 'the', 'problem', 'wont', 'fix', 'the', 'problem', 'and', 'will', 'be', 'arbd', 'when', 'finalized']",[],14:53:09,243214365
129,2011-07-12,Tue,2199,90795544708001793,0,NakedBondBear,"['Atkins', 'of', 'the', 'SEC', 'is', 'whining', 'about', 'lack', 'of', 'resources', 'Maybe', 'if', 'they', 'have', 'enforcement', 'who', 'actually', 'know', 'the', 'business']",[],14:51:59,243214365
130,2011-07-12,Tue,2199,90795092746571776,0,NakedBondBear,"['Watching', 'the', 'Enhanced', 'Investor', 'Protection', 'After', 'the', 'Financial', 'Crisis', 'hearing', 'I', 'love', 'listening', 'to', 'investors', 'masking', 'talking', 'about', 'their', 'book']",[],14:50:11,243214365
131,2011-07-07,Thu,2199,88957208636825600,0,NakedBondBear,"['RT', '@ruthlessgravity', '525', 'floppy', 'disk', 'ECBCollateral', 'Im', 'old', 'enough', 'to', 'remember', '8', 'disks']",[],13:07:05,243214365
132,2011-06-15,Wed,2199,81001273104662529,0,NakedBondBear,"['1', 'RT', '@ReformedBroker', 'The', 'Real', 'Wall', 'Street', 'Dress', 'Code']",[],14:13:03,243214365
133,2011-06-06,Mon,2199,77723170282549248,1,NakedBondBear,"['Shit', 'My', 'new', 'Servicer', 'is', 'BoA', 'RT', '@matthewstoller', 'BoA', 'Remit', '$000', 'immediately', 'or', 'else', 'we', 'will', 'foreclose']",[],13:07:02,243214365
134,2011-06-04,Sat,2199,77123669767372800,0,NakedBondBear,"['Everyone', 'ready', 'to', 'say', 'farewell', 'to', 'the', '30', 'year', 'mortgage', 'Adios', 'amigo', 'It', 'was', 'a', 'great', '80', 'year', 'run']",[],21:24:50,243214365
135,2011-05-19,Thu,2199,71167910365761537,0,NakedBondBear,"['No', 'coffee', 'and', 'Im', 'in', 'a', 'really', 'pissy', 'mood']",[],10:58:46,243214365
136,2011-05-19,Thu,2199,71032227194089472,0,NakedBondBear,"['Now', 'we', 'need', '$500', 'mm', 'of', 'assets', 'to', 'manage', 'cc', '@ComfortablySmug', '@bondwimp', '@TheAnalyst', '@StoneStAdvisors', '@DutchBook', '@GTWNJACK']",[],01:59:37,243214365
137,2011-05-19,Thu,2199,71030558494437376,0,NakedBondBear,"['Wall', 'Street', 'is', 'trill', 'going', 'through', 'the', 'growing', 'pains', 'of', 'dealing', 'with', 'empowered', 'and', 'embolden', 'regulators']",[],01:52:59,243214365
138,2011-05-18,Wed,2199,70646449376993280,0,NakedBondBear,"['I', 'just', 'got', 'butt', 'dialed', 'by', '@TheAnalyst', 'Should', 'I', 'be', 'happy', 'or', 'disturbed']",[],00:26:40,243214365
139,2011-05-18,Wed,2199,70642901771755520,0,NakedBondBear,"['Rolling', 'Stones', 'Hyperbole', 'vs', 'Goldman', 'Sachs', 'Reality', 'Taibbi', 'is', 'the', 'Vampire', 'Squid']",[],00:12:34,243214365
140,2011-05-06,Fri,2199,66324505202659328,0,NakedBondBear,"['Why', 'would', 'anyone', 'in', 'their', 'right', 'mind', 'or', 'getting', 'a', 'payola', 'would', 'latch', 'on', 'to', 'Bushs', 'legacy']",[],02:12:48,243214365
141,2011-05-05,Thu,2199,66094697277427713,0,NakedBondBear,"['To', 'Brazil', 'When', 'Im', 'there', 'I', 'follow', 'something', 'else', 'TailriskRT', '@NotStevieCohen', '@ZeroHedge2011', 'follow', 'the', 'money']",[],10:59:38,243214365
142,2011-05-04,Wed,2199,65739959063166976,0,NakedBondBear,"['30', 'year', 'Fixed', 'Mortgage', 'and', 'TBA', 'market', 'will', 'be', 'come', 'a', 'thing', 'of', 'the', 'past']",[],11:30:02,243214365
143,2011-04-29,Fri,2199,63922987346309120,0,NakedBondBear,"['Horses', 'Native', 'to', 'UK']",[],11:10:02,243214365
144,2011-04-29,Fri,2199,63922247273955329,0,NakedBondBear,"['Prince', 'William', 'looks', 'to', 'one', 'of', 'his', 'friends', 'with', 'the', 'look', 'of', 'Im', 'getting', 'some', 'tonight']",[],11:07:06,243214365
145,2011-04-29,Fri,2199,63921211821920256,0,NakedBondBear,"['Is', 'it', 'me', 'or', 'does', 'Prince', 'Phil', 'look', 'really', 'pissed']",[],11:02:59,243214365
146,2011-04-29,Fri,2199,63920968686514176,0,NakedBondBear,"['Right', 'You', 'work', 'for', 'the', 'government', 'RT', '@ExWSG', 'Im', 'getting', 'back', 'to', 'making', 'money']",[],11:02:01,243214365
147,2011-04-15,Fri,2199,58979390742212608,0,NakedBondBear,"['I', 'have', 'feel', 'a', 'blog', 'post', 'coming', 'very', 'soon']",[],19:45:57,243214365
148,2011-04-15,Fri,2199,58970722944548864,0,NakedBondBear,"['RT', '@TheAnalyst', 'What', 'The', 'E', 'Trade', 'Baby', 'Is', 'REALLY', 'Saying', 'Really', 'true', 'and', 'funny']",[],19:11:30,243214365
149,2011-04-14,Thu,2199,58574562320855040,0,NakedBondBear,"['Good', 'bye', 'TBA', 'it', 'was', 'nice', 'knowing', 'you']",[],16:57:18,243214365
150,2011-04-12,Tue,2199,57603465454698496,1,NakedBondBear,"['Gotta', 'love', 'it', 'Overheard', 'at', 'a', 'CMBS', 'sales', 'pitch', 'Weve', 'learned', 'from', 'our', 'mistakes', 'and', 'this', 'time', 'it', 'will', 'be', 'different', 'BuyGold']",[],00:38:31,243214365
151,2011-04-11,Mon,2199,57239196162727937,0,NakedBondBear,"['RT', '@ExWSG', 'I', 'think', 'Im', 'going', 'to', 'block', 'and', 'report', 'as', 'spam', 'anyone', 'who', 'RT', 'Trumps', 'birther', 'BS', 'There', 'are', 'so', 'many', 'real', 'reasons', 'to', 'dislike', 'Obama']",[],00:31:02,243214365
152,2011-04-10,Sun,2199,57228436363673600,0,NakedBondBear,"['The', 'only', 'thing', 'golf', 'is', 'good', 'for', 'is', 'Monday', 'water', 'cooler', 'talk', 'and', 'Beohners', 'tan']",[],23:48:17,243214365
153,2011-04-06,Wed,2199,55445911916130304,0,NakedBondBear,"['In', 'other', 'news', 'The', 'Office', 'of', 'Thrift', 'Supervision', 'or', 'better', 'known', 'as', 'FinReg', 'Keystone', 'Cops', 'will', 'be', 'official', 'GONE', 'at', 'the', 'end', 'of', 'this', 'qtr']",[],01:45:10,243214365
154,2011-04-05,Tue,2199,55207288323063808,0,NakedBondBear,"['Im', 'getting', 'tired', 'of', 'people', 'complaining', 'without', 'offer', 'a', 'better', 'alternative']",[],09:56:57,243214365
155,2011-04-05,Tue,2199,55205358142107648,0,NakedBondBear,"['RT', '@NotStevieCohen', 'Fuck', 'Portugal', 'turn', 'it', 'into', 'one', 'big', 'golf', 'course', 'and', 'sell', 'off', 'all', 'the', 'real', 'estate', 'to', 'the', 'Japanese', 'looking', 'to', 'move']",[],09:49:17,243214365
156,2011-04-01,Fri,2199,53756922775613440,0,NakedBondBear,"['RT', '@AmyResnick', 'Tax', 'proposals', 'circulating', 'would', 'eliminate', 'deduction', 'of', 'state', 'local', 'taxes', 'mtg', 'interest', 'from', 'federal']",[],09:53:43,243214365
157,2011-03-30,Wed,2199,53190888314249218,0,NakedBondBear,"['For', 'my', 'buddy', '@Theanalyst', '20Analyst']",[],20:24:30,243214365
158,2011-03-29,Tue,2199,52678697228050432,0,NakedBondBear,"['RT', '@izakaminska', 'The', 'Germans', 'are', 'lashing', 'out', 'on', '@HomerJSimpson', 'because', 'hes', 'not', 'so', 'good', 'at', 'his', 'nuclear', 'plant', 'job']",[],10:29:14,243214365
159,2011-03-25,Fri,2199,51408727470915584,0,NakedBondBear,"['Im', 'Angry', 'and', 'feel', 'like', 'wtiring', 'something', 'scathing', 'What', 'do', 'you', 'want', 'to', 'read']",[],22:22:50,243214365
160,2011-03-25,Fri,2199,51248028237053952,0,NakedBondBear,"['RT', '@japhychron', 'gave', 'me', 'feedback', 'and', 'I', 'incorporated', 'it', 'At', '@Minyanville', 'FU', 'Im', 'not', 'ANGRY', 'Oh', 'wait']",[],11:44:16,243214365
161,2011-03-23,Wed,2199,50633595206893568,0,NakedBondBear,"['$B', 'of', 'CMBS', 'last', 'month', '$9', 'B', 'for', 'all', 'of', '2010']",['B'],19:02:44,243214365
162,2011-03-23,Wed,2199,50633058780594176,0,NakedBondBear,"['RT', '@dvandeventer', '@TheAnalyst', 'RE', 'MCO', 'back', 'to', '2007', 'because', 'there', 'are', 'still', 'plenty', 'of', 'suckers', 'that', 'believe', 'ratings', 'have', 'meaning']",[],19:00:36,243214365
163,2011-03-23,Wed,2199,50565591513305088,1,NakedBondBear,"['Why', 'is', 'ANYONE', 'surprised', 'about', 'the', 'very', 'low', 'new', 'home', 'sales', 'number', 'The', 'current', 'REO', 'overhang', 'is', 'enormous']",[],14:32:31,243214365
164,2011-03-22,Tue,2199,50004940600524801,0,NakedBondBear,"['Im', 'BAAAACKKKKK', 'New', 'Post', 'Treasury', 'Selling', 'MBS', 'Round', '1', 'to', 'Obama', 'Administration']",[],01:24:41,243214365
165,2011-03-22,Tue,2199,49984240980471808,0,NakedBondBear,"['Guess', 'who', 'over', 'bought', 'MBS', '45', 'and', '50', 'Guess', 'whose', 'now', 'trying', 'to', 'sell', 'several', '100', 'bullion', 'of', 'the', 'stuff', 'US', 'Govt', 'Thats', 'who']",[],00:02:26,243214365
166,2011-03-03,Thu,2199,43130780901326848,0,NakedBondBear,"['Im', 'baaack', 'after', 'some', 'serious', 'eye', 'problems', 'Tonights', 'blog', 'Those', 'Regulation', 'Blues']",[],02:09:14,243214365
167,2011-03-02,Wed,2199,43032283984314368,0,NakedBondBear,"['Im', 'back', 'Having', 'serious', 'eye', 'problems']",[],19:37:50,243214365
168,2011-03-02,Wed,2199,42746743699406848,0,NakedBondBear,"['RT', '@ExWSG', 'Somebody', 'needs', 'to', 'be', 'fired', 'over', 'this', 'leak', 'Looks', 'like', 'Sheila', 'Bair', 'is', 'the', 'FDICs', 'Charlie', 'Sheen']",[],00:43:12,243214365
169,2011-02-23,Wed,2199,40543725641793539,0,NakedBondBear,"['Ive', 'been', 'called', 'crazy', 'cause', 'I', 'believe', 'in', 'single', 'payer', 'So', 'I', 'hate', 'everybodys', 'position', 're', 'healthcare', 'reform']",[],22:49:12,243214365
170,2011-02-23,Wed,2199,40512241329504256,0,NakedBondBear,"['Seriously', 'funny', 'for', 'Jews', 'and', 'Goyim', 'alike', 'JewishBondFilms']",[],20:44:05,243214365
171,2011-02-23,Wed,2199,40508659234508800,1,NakedBondBear,"['The', 'MBA', 'and', 'NAR', 'make', 'unions', 'like', 'SEIU', 'look', 'angelic']",[],20:29:51,243214365
172,2011-02-23,Wed,2199,40508428627480576,0,NakedBondBear,"['I', 'fucking', 'hate', 'the', 'MBA', 'and', 'NAR']",[],20:28:56,243214365
173,2011-02-23,Wed,2199,40238485524852736,1,NakedBondBear,"['RAHM', 'I', 'FUCKING', 'STOLEerr', 'WON', 'THE', 'ELECTION']",[],02:36:17,243214365
174,2011-02-23,Wed,2199,40227027042832384,0,NakedBondBear,"['RT', '@nycsouthpaw', 'RAHMPAGE', 'Sounds', 'like', 'me', 'today']",[],01:50:45,243214365
175,2011-02-22,Tue,2199,39877538004213760,0,NakedBondBear,"['Snidely', 'Whiplash', 'Best', 'S', 'M', 'Villain', 'EVER']",[],02:42:00,243214365
176,2011-02-22,Tue,2199,39872027586342912,1,NakedBondBear,"['RT', '@ComfortablySmug', 'Stevie', 'Wonder', 'should', 'go', 'to', 'the', 'line', 'to', 'shoot', 'free', 'throws', 'for', 'Syracuse', 'LMAO']",[],02:20:06,243214365
177,2011-02-21,Mon,2199,39789950950064129,0,NakedBondBear,"['Did', 'I', 'miss', 'anything', 'fun']",[],20:53:58,243214365
178,2011-02-21,Mon,2199,39789900169621504,0,NakedBondBear,"['Was', 'away', 'this', 'long', 'weekend', 'doing', 'Naked', 'Bear', 'stuff']",[],20:53:46,243214365
179,2011-02-21,Mon,2199,39698608928333825,0,NakedBondBear,"['RT', '@Nouriel', 'Gaddafis', 'regime', 'is', 'collapsing', 'ME', 'revolutions', 'spreading', 'and', 'oil', 'are', 'up', 'again', 'Stagflationary', 'risks', 'are', 'rising', 'Cheery']",[],14:51:00,243214365
180,2011-02-16,Wed,2199,37973130840510465,0,NakedBondBear,"['I', 'hate', 'and', 'vote', 'against', 'which', 'ever', 'political', 'party', 'person', 'I', 'heard', 'last']",[],20:34:34,243214365
181,2011-02-16,Wed,2199,37916176013205504,0,NakedBondBear,"['Err', 'RMBS', 'in', '2012']",[],16:48:15,243214365
182,2011-02-16,Wed,2199,37902606210826240,0,NakedBondBear,"['RT', '@SteelMtnCap', 'SEC', 'Files', 'Fraud', 'Lawsuit', 'Against', 'Former', 'IndyMac', 'Executives', 'dsnews', '3', 'yrs', 'too', 'late']",[],15:54:20,243214365
183,2011-02-15,Tue,2199,37479856728055808,0,NakedBondBear,"['$MAR', 'finally', 'dumping', 'timeshare', 'business', 'They', 'are', 'like', 'second', 'mobile', 'home']",['MAR'],11:54:28,243214365
184,2011-02-15,Tue,2199,37478271020961792,0,NakedBondBear,"['And', 'why', 'arent', 'you', 'at', 'your', 'desks', 'Someone', 'is', 'trading', 'something', 'somewhere']",[],11:48:10,243214365
185,2011-02-15,Tue,2199,37478090477273088,0,NakedBondBear,"['Good', 'morning', '@macrotradr', '@ExWSG', 'and', 'everyone', 'else']",[],11:47:27,243214365
186,2011-02-15,Tue,2199,37346993982410752,0,NakedBondBear,"['Going', 'to', 'NYC', 'last', 'weekend', 'to', 'hang', 'with', '@stonestadvisors']",[],03:06:31,243214365
187,2011-02-14,Mon,2199,37168723336888322,1,NakedBondBear,"['Radical', 'idea', 'Fire', 'incompetent', 'govt', 'employees', 'and', 'pay', 'competent', 'ones', 'much', 'more']",[],15:18:08,243214365
188,2011-02-14,Mon,2199,37139823646998529,0,NakedBondBear,"['Watch', 'out', 'world', 'Im', 'one', 'very', 'angry', 'NY-er', 'in', 'diaspora']",[],13:23:18,243214365
189,2011-02-14,Mon,2199,36986713452580864,0,NakedBondBear,"['Why', 'Treasurys', 'GSE', 'Reform', 'report', 'to', 'Congress', 'sucks']",[],03:14:54,243214365
190,2011-02-14,Mon,2199,36969222928072704,1,NakedBondBear,"['Grammys', 'suck', 'and', 'so', 'does', 'the', 'Treasurys', 'Report', 'on', 'GSE', 'reform']",[],02:05:24,243214365
191,2011-02-13,Sun,2199,36838012285501440,1,NakedBondBear,"['ASF', '2011', 'An', 'Insiders', 'view', 'Part', '1', 'Renewal']",[],17:24:01,243214365
192,2011-02-11,Fri,2199,36173271892230144,0,NakedBondBear,"['Time', 'for', 'Ol', 'NBB', 'to', 'teach', 'you', 'youngings', 'about', 'govt', 'speech', 'Ask', 'yourselves', 'What', 'was', 'missing', 'from', 'Treasury', 'Depts', 'paper', 'on', 'GSE', 'reform']",[],21:22:34,243214365
193,2011-02-11,Fri,2199,36106863846236160,0,NakedBondBear,"['JPM', 'GSE', 'Conf', 'US', 'covered', 'market', 'not', 'happening']",[],16:58:41,243214365
194,2011-02-11,Fri,2199,36106300949536768,0,NakedBondBear,"['JPM', 'GSE', 'Conf', 'Servicing', 'reform', 'on', 'fast', 'track', 'based', 'on', 'regulation', 'GSE', 'reform', 'timeline', 'will', 'take', 'years', 'and', 'not', 'started', 'until', 'after', '2012']",[],16:56:27,243214365
195,2011-02-11,Fri,2199,36105111839186944,0,NakedBondBear,"['JPM', 'GSE', 'Conf', 'Q', 'How', 'to', 'price', 'old', 'vs', 'New', 'asset', 'Old', 'will', 'be', 'more', 'valuable', 'unless', 'option', 'three']",[],16:51:44,243214365
196,2011-02-11,Fri,2199,36104805927620608,0,NakedBondBear,"['JPM', 'GSE', 'Conf', 'Bad', 'questions', 'Stupid', 'investors']",[],16:50:31,243214365
197,2011-02-11,Fri,2199,36104586565525505,0,NakedBondBear,"['JPM', 'GSE', 'Conf', 'Expect', 'higher', 'rates']",[],16:49:38,243214365
198,2011-02-11,Fri,2199,36103800368406528,0,NakedBondBear,"['JPM', 'GSE', 'Conf', 'Now', 'to', 'questions']",[],16:46:31,243214365
199,2011-02-11,Fri,2199,36102530500923393,0,NakedBondBear,"['JPM', 'GSE', 'Conf', 'Now', 'to', 'servicing', 'changes', 'Basel', '3', 'consideration', 'and', 'non', 'performing', 'compensation', 'Expect', 'fee', 'based', 'model']",[],16:41:28,243214365
200,2011-02-11,Fri,2199,36102133338083329,0,NakedBondBear,"['JPM', 'GSE', 'Conf', 'Thinks', 'HARP', 'changes', 'will', 'have', 'limited', 'effect', 'on', 'prepay']",[],16:39:53,243214365
201,2011-02-11,Fri,2199,36101586883330048,0,NakedBondBear,"['JPM', 'GSE', 'Conf', 'Talking', 'about', 'MBAs', 'HARP', 'wish', 'list']",[],16:37:43,243214365
202,2011-02-11,Fri,2199,36101178668490752,0,NakedBondBear,"['JPM', 'GSE', 'Conf', 'Now', 'talking', 'about', 'HARP', '[', 'NBB', 'Who', 'cares', ']']",[],16:36:06,243214365
203,2011-02-11,Fri,2199,36099124369559553,0,NakedBondBear,"['JPM', 'GSE', 'Conf', 'Now', 'talking', 'about', 'HARPHAMP', '[', 'NBB', 'Who', 'the', 'fuck', 'cares', 'as', 'both', 'programs', 'are', 'failures', ']']",[],16:27:56,243214365
204,2011-02-11,Fri,2199,36098670025768961,0,NakedBondBear,"['JPM', 'GSE', 'Conf', 'Market', 'Implications', '4', 'Continued', 'support', 'for', 'agency', 'MBS', 'from', 'a', 'credit', 'prespective']",[],16:26:08,243214365
205,2011-02-11,Fri,2199,36098481609252864,0,NakedBondBear,"['JPM', 'GSE', 'Conf', 'Market', 'Implications', '3', 'Agency', 'MBS', 'issuance', 'will', 'decline', '[', 'NBB', 'Old', 'news', 'Current', 'requirements', 'require', 'a', '10', 'yr', 'reduction', ']']",[],16:25:23,243214365
206,2011-02-11,Fri,2199,36098245377658880,0,NakedBondBear,"['JPM', 'GSE', 'Conf', 'Market', 'Implications', '2', 'Prepayments', 'should', 'decline', '[', 'NBB', 'Durations', 'will', 'blow', 'out', ']']",[],16:24:27,243214365
207,2011-02-11,Fri,2199,36098055459577856,0,NakedBondBear,"['JPM', 'GSE', 'Conf', 'Market', 'Implications', '1', 'Cost', 'to', 'borrow', 'to', 'increase', 'esp', 'GNMA']",[],16:23:41,243214365
208,2011-02-11,Fri,2199,36097744456130562,0,NakedBondBear,"['JPM', 'GSE', 'Conf', 'Treas', 'Option', '3', 'Govt', 'catastrophic', 'reinsurance', 'More', 'close', 'to', 'current', 'system', '[', 'NBB', 'Political', 'non-starter', ']']",[],16:22:27,243214365
209,2011-02-11,Fri,2199,36097249050099712,0,NakedBondBear,"['JPM', 'GSE', 'Conf', 'Treas', 'GSE', 'Option', '2', 'Use', 'Gfee', 'but', 'at', 'much', 'higher', 'Creates', 'ceiling', 'Unclear', 'it', 'keeps', 'TBA', 'going', 'Would', 'govt', 'scale', 'up', 'quickly']",[],16:20:29,243214365
210,2011-02-11,Fri,2199,36096910297145345,0,NakedBondBear,"['JPM', 'GSE', 'Conf', 'Mentions', 'the', 'pre', 'GSE', 'S', 'P', 'crisis', 'which', 'led', 'to', 'RTC', 'govt', 'intervention']",[],16:19:08,243214365
211,2011-02-11,Fri,2199,36096742634029056,1,NakedBondBear,"['JPM', 'GSE', 'Conf', 'Treas', 'GSE', 'Option', '1', 'Fully', 'privatized', 'Good', 'Less', 'public', 'scope', 'Bad', 'No', 'TBA', 'and', 'no', 'mortgage', 'benchmark']",[],16:18:28,243214365
212,2011-02-11,Fri,2199,36096405785284608,0,NakedBondBear,"['JPM', 'GSE', 'Conf', 'Need', 'something', 'to', 'fill', 'the', 'gap', 'when', 'the', 'govt', 'pulls', 'out', '[', 'NBB', 'Unsatisfied', 'sex', 'analogy', 'comes', 'to', 'mind', ']']",[],16:17:08,243214365
213,2011-02-11,Fri,2199,36096049277837312,0,NakedBondBear,"['JPM', 'GSE', 'Conf', 'Near', 'term', 'Lower', 'loan', 'limits', 'higher', 'gfee', 'continue', 'glad', 'path', 'or', 'portfolio', 'reduction']",[],16:15:43,243214365
214,2011-02-11,Fri,2199,36095390725971968,0,NakedBondBear,"['JPM', 'GSE', 'Conf', 'Support', 'rental', 'markets', 'needed', 'if', 'homeownership', 'isnt']",[],16:13:06,243214365
215,2011-02-11,Fri,2199,36095088455061504,0,NakedBondBear,"['JPM', 'GSE', 'Conf', 'Lowering', 'GSE', 'portfolio', '[', 'NBB', 'Old', 'news', 'Snore', ']', 'but', 'not', 'accelerated', 'Establish', 'natl', 'for', 'servicing', 'standards', 'and', 'pricing']",[],16:11:54,243214365
216,2011-02-11,Fri,2199,36094708358840320,0,NakedBondBear,"['JPM', 'GSE', 'Conf', 'Most', 'pain', 'from', 'US', 'Coasts', 'NY', 'CA', 'Also', 'narrowing', 'the', 'credit', 'box', 'Discourage', 'broker', 'originations']",[],16:10:23,243214365
217,2011-02-11,Fri,2199,36094433040535554,0,NakedBondBear,"['JPM', 'GSE', 'Conf', 'Main', 'theme', 'of', 'Govt', 'GSE', 'reform', '1', 'Higher', 'GFee', 'esp', 'GNMA', 'by', '25', '2', 'Lower', 'conforming', 'limit', 'to', '$625', 'cut', '3', 'Evenutally', '$147', '10']",[],16:09:18,243214365
218,2011-02-11,Fri,2199,36094088906276864,0,NakedBondBear,"['JPM', 'GSE', 'Conf', 'Begining', '07', 'Private', '67', 'underwriting', 'mortgages', 'GSEGNMA', 'is', '95']",[],16:07:56,243214365
219,2011-02-11,Fri,2199,36093572184805376,0,NakedBondBear,"['Live', 'blogging', 'JP', 'Morgan', 'GSE', 'conference', 'call']",[],16:05:52,243214365
220,2011-02-11,Fri,2199,36073678928089088,1,NakedBondBear,"['RBS', 'says', 'even', 'though', 'it', 'isnt', 'mentioned', 'govt', 'will', 'combine', 'FNM', 'FRE', 'and', 'continue', 'the', 'TBA', 'markets', 'The', 'govt', 'cant', 'even', 'spell', 'TBA']",[],14:46:49,243214365
221,2011-02-11,Fri,2199,36069855413141506,0,NakedBondBear,"['Treasury', 'reliance', 'on', 'FHA', 'will', 'actually', 'increase', 'credit', 'losses', 'to', 'the', 'US', 'govt', 'Reliance', 'on', 'CFPA', 'is', 'a', 'joke', 'as', 'well']",[],14:31:38,243214365
222,2011-02-11,Fri,2199,36066669352718337,2,NakedBondBear,"['Kiss', '30yr', 'FRM', 'mortgage', 'and', 'the', 'TBA', 'market', 'goodbye', 'No', 'mortgage', 'buyer', 'of', 'last', 'resort', 'Treasury', 'announces', 'GSE', 'reform']",[],14:18:58,243214365
223,2011-02-10,Thu,2199,35781269446991872,0,NakedBondBear,"['A', 'game', 'of', 'GSE', 'chicken', 'is', 'going', 'on', 'in', 'Congress', 'Treas', 'will', 'present', '3', 'options', 'and', 'the', 'GOP', 'have', 'none', 'The', 'sound', 'byte', 'Bad', 'GSE', 'doesnt', 'count']",[],19:24:54,243214365
224,2011-02-09,Wed,2199,35465438720823296,0,NakedBondBear,"['Working', 'on', 'the', 'ASF', 'blog', 'so', '@TheAnalyst', 'doesnt', 'rips', 'my', 'head', 'off']",[],22:29:54,243214365
225,2011-02-09,Wed,2199,35448119344758784,0,NakedBondBear,"['RT', '@zerohedge', 'Freddie', 'Mac', 'said', 'Bruce', 'M', 'Witherell', 'resigned', 'as', 'chief', 'operating', 'officer', 'Dont', 'blame', 'hime']",[],21:21:04,243214365
226,2011-02-09,Wed,2199,35447972594458624,0,NakedBondBear,"['Of', 'course', 'it', 'will', 'take', '20', 'years', 'to', 'unwind', 'FNMFRE', 'positions', 'Kiss', '10K', 'jobs', 'good', 'bye', 'Expect', 'mortgages', 'to', 'widen', 'by', '125', '250', 'bps', 'to', 'Treasury']",[],21:20:29,243214365
227,2011-02-09,Wed,2199,35447114444193792,0,NakedBondBear,"['Amer', 'Bank', 'Assoc', 'wants', 'no', 'more', 'FNM', 'or', 'FRE', 'I', 'cant', 'wait', 'for', 'the', 'next', 'credit', 'crisis', 'when', 'no', 'buyer', 'of', 'last', 'resort', 'finance', 'option', 'exists']",[],21:17:05,243214365
228,2011-02-09,Wed,2199,35446580526059520,0,NakedBondBear,"['So', 'according', 'to', 'press', 'reports', 'the', 'administration', 'will', 'not', 'provide', 'one', 'suggestion', 'but', 'three', 'for', 'the', 'GSEs', 'Cant', 'make', 'up', 'their', 'mind']",[],21:14:58,243214365
229,2011-02-09,Wed,2199,35300153590153216,0,NakedBondBear,"['Survived', 'last', 'night', 'but', 'just', 'barely', 'A', 'couple', 'of', 'the', 'strippers', 'used', 'to', 'be', 'New', 'Century', 'loan', 'processors', 'They', 'asked', 'when', 'subprime', 'will', 'be', 'back']",[],11:33:07,243214365
230,2011-02-09,Wed,2199,35126481084612608,0,NakedBondBear,"['You', 'know', 'you', 'are', 'low', 'man', 'at', 'the', 'ASF', 'Conference', 'when', 'trustee', 'services', 'guy', 'blows', 'off', 'you', 'meeting', 'ASF2011', 'FML']",[],00:03:00,243214365
231,2011-02-08,Tue,2199,35115978018787328,0,NakedBondBear,"['Question', 'Should', 'I', 'go', 'to', 'a', 'strip', 'club', 'and', 'incur', '@TheAnalyst', 's', 'wrath', 'or', 'write', 'an', 'ASF2011', 'blog', 'post']",[],23:21:16,243214365
232,2011-02-08,Tue,2199,35090957267374080,0,NakedBondBear,"['Wow', 'these', 'lawyers', 'are', 'pasty', 'white', 'ASF2011']",[],21:41:50,243214365
233,2011-02-08,Tue,2199,35090267988041728,0,NakedBondBear,"['Finally', 'slamming', 'of', 'MERS', 'as', 'it', 'deserves', 'ASF2011', 'Follow', 'the', 'chain', 'ownership', 'matters']",[],21:39:06,243214365
234,2011-02-08,Tue,2199,35089457036263424,0,NakedBondBear,"['All', 'of', 'robo-signed', 'foreclosures', 'were', 'actually', 'on', 'people', 'who', 'didnt', 'pay', 'Spoken', 'like', 'a', 'lawyer']",[],21:35:53,243214365
235,2011-02-08,Tue,2199,35088237919731712,1,NakedBondBear,"['Cant', 'handle', 'the', 'lawyer', 'talk', 'One', 'more', 'robo-signing', 'comment', 'Im', 'going', 'to', 'puke']",[],21:31:02,243214365
236,2011-02-08,Tue,2199,35086524609605632,0,NakedBondBear,"['Now', 'talking', 'abt', 'serving', 'Review', 'loan', 'level', 'servicing', 'and', 'loving', 'it', 'for', '50', 'bps', 'ASF2011']",[],21:24:14,243214365
237,2011-02-08,Tue,2199,35085323478376449,0,NakedBondBear,"['Listening', 'to', 'lawyers', 'Litigation', 'of', 'non', 'agency', 'MBS', 'is', 'so', 'HOT', 'ASF2011']",[],21:19:27,243214365
238,2011-02-08,Tue,2199,35071535026806785,0,NakedBondBear,"['BINGO', 'Pricing', 'said', 'BWIC', 'Cover', 'How', 'real', 'trading', 'gets', 'done', 'but', 'not', 'great', 'for', 'pleasing', 'auditors', 'and', 'asshole', 'regulators', 'ASF2011']",[],20:24:40,243214365
239,2011-02-08,Tue,2199,35069629453836288,0,NakedBondBear,"['FINRA', 'TRACE', 'is', 'only', 'available', 'to', 'members', 'so', 'fuck', 'you', 'investors', 'Will', 'track', 'ABS', 'trades', 'starting', 'Wednesday']",[],20:17:05,243214365
240,2011-02-08,Tue,2199,35068179558576128,1,NakedBondBear,"['Amherts', 'Goodman', 'who', 'is', 'the', 'best', 'predicts', 'an', 'additional', '11', 'million', 'foreclosures', 'in', 'the', 'next', '2', 'years', 'ASF2011']",[],20:11:20,243214365
241,2011-02-08,Tue,2199,35066800190259200,1,NakedBondBear,"['Everyone', 'is', 'Bullish', 'on', 'auto', 'Credit', 'cards', 'No', 'one', 'is', 'talking', 'about', 'the', 'massive', 'investing', 'in', 'thos', 'ABS', 'by', 'foreign', 'companies', 'ASF2011']",[],20:05:51,243214365
242,2011-02-08,Tue,2199,35066011224899584,0,NakedBondBear,"['PwC', 'guy', 'says', 'Investors', 'are', 'looking', 'at', 'collateral', 'more', 'in', 'depth', 'About', 'Fucking', 'Time', 'ASF2011', 'MasterOfTheObvious']",[],20:02:43,243214365
243,2011-02-08,Tue,2199,35065365293703168,0,NakedBondBear,"['Hot', '6', 'blond', 'with', 'insane', 'short', 'skirt', 'sitting', 'near', 'me', 'Getting', 'distracted', 'ASF2011']",[],20:00:09,243214365
244,2011-02-08,Tue,2199,35064580807991296,0,NakedBondBear,"['PwC', 'guy', 'now', 'says', 'regulators', 'will', 'catch', 'process', 'violations', 'BlindLeadingBlind', 'ASF2011']",[],19:57:02,243214365
245,2011-02-08,Tue,2199,35064143828623360,0,NakedBondBear,"['PwC', 'guy', 'likes', 'independent', 'pricing', 'valuation', 'groups', 'in', 'clients', 'Of', 'course', 'he', 'does', 'cause', 'less', 'work', 'needed', 'while', 'charging', 'same', 'fees', 'ASF2011']",[],19:55:18,243214365
246,2011-02-08,Tue,2199,35063690038353920,0,NakedBondBear,"['Lawyer', 'talking', 'about', 'pricing', 'and', 'valuations', 'Still', 'talking', 'about', 'prices', 'If', 'you', 'are', 'long', 'short', 'your', 'prices', 'can', 'deviate', 'from', 'process', 'WTF']",[],19:53:29,243214365
247,2011-02-08,Tue,2199,35063025480380416,0,NakedBondBear,"['Pricing', 'guy', 'just', 'said', 'Fat', 'Tails', 'Beavis', 'and', 'Butthead', 'moment', 'ASF2011']",[],19:50:51,243214365
248,2011-02-08,Tue,2199,35062680834277376,0,NakedBondBear,"['Listening', 'to', 'PwC', 'partner', 'say', 'clients', 'revisit', 'model', 'results', 'to', 'get', 'to', 'a', 'price', 'they', 'like', 'Just', 'need', 'ti', 'document', 'ASF2011']",[],19:49:29,243214365
249,2011-02-08,Tue,2199,35062244584722432,0,NakedBondBear,"['Just', 'saw', 'an', 'old', 'colleague', 'Great', 'remembering', 'when', 'I', 'was', 'young', 'and', 'had', 'an', 'expense', 'account', 'to', 'go', 'to', 'strip', 'clubs', 'ASF2011']",[],19:47:45,243214365
250,2011-02-08,Tue,2199,35061752181817344,0,NakedBondBear,"['CMBS', 'pricing', 'getting', 'to', 'tight', 'especially', 'AM', 'AJs', 'Pricing', 'is', 'getting', 'easier', 'as', 'trades', 'happen', 'ASF2011']",[],19:45:47,243214365
251,2011-02-08,Tue,2199,35061326535462912,0,NakedBondBear,"['The', 'crisis', 'is', 'just', 'an', 'afterthought', 'said', 'by', 'a', 'pricing', 'guy', 'True', 'sentiment', 'is', 'bullish', 'but', 'issues', 'remain', 'ASF2011']",[],19:44:06,243214365
252,2011-02-08,Tue,2199,35060755359342593,0,NakedBondBear,"['I', 'should', 'have', 'said', 'it', 'was', '@', 'ASF2011']",[],19:41:50,243214365
253,2011-02-08,Tue,2199,35060561863516160,0,NakedBondBear,"['Be', 'afraid', 'everyone', 'I', 'just', 'heard', 'This', 'time', 'it', 'will', 'be', 'different', 'Overheard', '2', 'pro-forma', 'commercial', 'mortgage', 'deals', 'are', 'in', 'the', 'works']",[],19:41:04,243214365
254,2011-02-08,Tue,2199,35019883754295296,0,NakedBondBear,"['Bush', 'appointee', 'says', 'multifamily', 'program', 'at', 'GSEs', 'are', 'a', 'success']",[],16:59:25,243214365
255,2011-02-08,Tue,2199,35019733283770368,0,NakedBondBear,"['ALERT', 'Clinton', 'appointee', 'says', 'Treasury', 'will', 'have', 'their', 'GSE', 'proposal', 'on', 'Friday', 'ASF2011']",[],16:58:49,243214365
256,2011-02-08,Tue,2199,35018891566514176,0,NakedBondBear,"['Bush', 'appointee', 'admits', 'Bush', 'believed', 'in', 'and', 'pushed', 'home', 'ownership', 'Rep', 'Garrett', 'seemed', 'to', 'forget', 'that', 'part', 'ASF2011', 'tcot']",[],16:55:29,243214365
257,2011-02-08,Tue,2199,35018546924756992,0,NakedBondBear,"['Now', 'to', 'Govt', 'markets', 'Do', 'we', 'need', 'affordable', 'housing', 'mandates', 'Black', 'home', 'ownership', '468', 'Hispanic', '45', 'Whites', '74', 'ASF2011']",[],16:54:06,243214365
258,2011-02-08,Tue,2199,35017529306906627,0,NakedBondBear,"['No', 'origination', 'outside', 'of', 'GSEs', 'until', 'Dodd', 'Frank', 'comes', 'out', 'Also', 'too', 'high', 'rating', 'agency', 'levels', 'investor', 'yld', 'ASF2011']",[],16:50:04,243214365
259,2011-02-08,Tue,2199,35016685199036416,0,NakedBondBear,"['Option', 'ARM', 'and', 'little', 'tweaks', 'coupled', 'with', 'investor', 'buying', 'on', 'ratings', 'drove', 'to', 'significant', 'leverages', 'Stupid', 'investors']",[],16:46:42,243214365
260,2011-02-08,Tue,2199,35016028886929408,0,NakedBondBear,"['Live', 'blogging', 'at', 'ASF2011', 'now', 'that', 'meetings', 'are', 'over']",[],16:44:06,243214365
261,2011-02-08,Tue,2199,34946627110318080,0,NakedBondBear,"['Working', 'on', 'my', 'ASF2011', 'blog', 'post', 'Full', 'of', 'snarky', 'goodness']",[],12:08:19,243214365
262,2011-02-05,Sat,2199,34002176766513152,0,NakedBondBear,"['RT', '@johnsoncwj', 'ff', '@doubledeuce', '@volatilitysmile', '@dorothyfriedman', '@comfortablysmug', '@nakedbondbear', '@dutchbook', '@macrotradr', 'Thanks']",[],21:35:25,243214365
263,2011-02-05,Sat,2199,33908137736019970,0,NakedBondBear,"['Formerly', 'known', 'as', 'Lehman', 'Brothers']",[],15:21:44,243214365
264,2011-02-04,Fri,2199,33547134141726720,1,NakedBondBear,"['Starting', 'Sunday', 'Ill', 'be', 'blogging', 'from', 'the', 'American', 'Securitization', 'Forum', 'in', 'Orlando', 'Thanks', 'to', 'Stone', 'Street', 'Advisors', 'for', 'the', 'Penthouse', 'room']",[],15:27:14,243214365
265,2011-02-02,Wed,2199,32903057025007616,0,NakedBondBear,"['I', 'was', 'too', 'quick', 'to', 'judge', 'I', 'need', 'to', 'apologize', 'to', 'the', 'author', 'of', 'Humbliest', 'of', 'apologies']",[],20:47:54,243214365
266,2011-02-02,Wed,2199,32869378445807616,0,NakedBondBear,"['RT', '@dealjunkieblog', 'Havard', 'Biz', 'Law', 'Review', 'Understanding', 'the', 'CRE', 'Debt', 'Crisis', 'CRE', 'Another', 'prof', 'who', 'doesnt', 'know']",[],18:34:05,243214365
267,2011-02-02,Wed,2199,32854366880792576,1,NakedBondBear,"['Just', 'overheard', 'in', 'a', 'CMBS', 'v20', 'sales', 'pitch', 'Dont', 'worry', 'Weve', 'learned', 'our', 'lessons', 'This', 'time', 'will', 'be', 'different', 'Me', 'Ill', 'pass']",[],17:34:26,243214365
268,2011-02-02,Wed,2199,32608420750168064,0,NakedBondBear,"['Developing', 'story', 'Federal', 'Housing', 'Finance', 'Agency', 'HUD', 'Fannie', 'Mae', 'and', 'Freddie', 'Mac', 'talk', 'to', 'industry', 'participants', 'to', 'better', 'align', 'servicing']",[],01:17:07,243214365
269,2011-02-01,Tue,2199,32280547648610304,0,NakedBondBear,"['CMBS', 'Conference', 'Review', 'and', 'general', 'disbelief', 'at', 'market', 'participants', 'myopia']",[],03:34:16,243214365
270,2011-02-01,Tue,2199,32238593745362944,0,NakedBondBear,"['Ply', 'traders', 'with', 'enough', 'Alcohol', 'and', 'Baltimore', 'strip', 'clubs', 'theyll', 'tell', 'you', 'everything']",[],00:47:34,243214365
271,2011-01-30,Sun,2199,31857043862192128,0,NakedBondBear,"['1', 'ABACAS', 'is', 'a', 'synthetic', 'CDO', '2', 'Counterparty', 'not', 'relevant', 'unless', 'they', 'dont', 'pay', 'Ergo', 'Any', 'investor', 'who', 'bought', 'ABACAS', 'is', 'too', 'stupid', 'to', 'live']",[],23:31:25,243214365
272,2011-01-29,Sat,2199,31471572971687936,0,NakedBondBear,"['RT', '@johnsoncwj', '@TheAnalyst', 'alcoholics', 'go', 'to', 'meetings', 'Truth', 'Step', '1', 'We', 'admitted', 'we', 'were', 'powerless', 'over', 'markets', 'and']",[],21:59:42,243214365
273,2011-01-29,Sat,2199,31449050133831680,0,NakedBondBear,"['RT', '@macrotradr', 'Lambo', 'for', 'you', 'BSDs', 'My', 'SD', 'isnt', 'B', 'enough']",[],20:30:12,243214365
274,2011-01-29,Sat,2199,31443250820677632,0,NakedBondBear,"['Time', 'to', 'get', 'short', 'CMBX', 'Too', 'fucking', 'rich']",[],20:07:09,243214365
275,2011-01-28,Fri,2199,31132191056461824,0,NakedBondBear,"['Doesnt', 'anyone', 'learn', 'from', 'past', 'Multifamily', 'builders', 'dont', 'see', 'an', 'oversupply', 'problems']",[],23:31:07,243214365
276,2011-01-28,Fri,2199,31046539761688576,0,NakedBondBear,"['LMAO', 'Funny', 'You', 'should', 'trust', 'me', 'I', 'know', 'risk', 'I', 'was', 'a', 'VP', 'of', 'Risk', 'Management', 'at', 'Freddie', 'Mac']",[],17:50:46,243214365
277,2011-01-28,Fri,2199,31016568141905920,0,NakedBondBear,"['Id', 'like', 'to', 'thank', '@TheAnalyst', 'holding', 'a', 'luger', 'to', 'my', 'head', 'to', 'force', 'me', 'to', 'write', 'my', 'first', 'post', 'DBs', '2011', 'MBS', 'Conference']",[],15:51:40,243214365
278,2011-01-28,Fri,2199,31015628374548480,0,NakedBondBear,"['Hello', 'World', 'Naked', 'Bond', 'Bear', 'to', 'talk', 'about', 'the', 'inside', 'world', 'of', 'RMBS', 'CMBS', 'ABS', 'and', 'other', 'sorts', 'of', 'BS']",[],15:47:56,243214365
