0,2014-09-26,Fri,21163,515559347490152448,0,Pawelmorski,"['OH', 'wow', 'they', 'have', 'Mac', 'and', 'Cheese', 'without', 'truffles']",[],17:51:41,164256304
1,2014-09-26,Fri,21163,515533465421627394,1,Pawelmorski,"['Unfounded', 'Fears', 'RT', '@t0nyyates', 'Lest', 'conference', 'season', 'lend', 'air', 'of', 'reasonableness', 'to', 'UKIP']",[],16:08:50,164256304
2,2014-09-26,Fri,21163,515526145614573569,1,Pawelmorski,"['Does', 'front-running', 'guesses', 'of', 'someone', 'elses', 'liquidations', 'sound', 'like', 'a', 'job', 'for', 'an', 'adult', 'Asking', 'for', 'a', 'friend']",[],15:39:45,164256304
3,2014-09-26,Fri,21163,515510911160037376,5,Pawelmorski,"['Market', 'final', 'verdict', 'on', 'PIMCO', 'impact', '\\', '\xe3\x82\xb7']",[],14:39:13,164256304
4,2014-09-26,Fri,21163,515506125874425856,0,Pawelmorski,"['Miaow', 'RT', '@alanbeattie', '@Pawelmorski', 'right', 'now']",[],14:20:12,164256304
5,2014-09-26,Fri,21163,515505772277825536,5,Pawelmorski,"['Markets', 'right', 'now', 'nobody', 'knowing', 'anything', 'loudly']",[],14:18:48,164256304
6,2014-09-26,Fri,21163,515496269029330944,0,Pawelmorski,"['Ratio', 'heatlight', 'going', 'exponential']",[],13:41:02,164256304
7,2014-09-26,Fri,21163,515494197244481536,0,Pawelmorski,"['FOURTH', 'on', 'MVP', 'Lame']",[],13:32:48,164256304
8,2014-09-26,Fri,21163,515487289817182208,3,Pawelmorski,"['Ok', 'ok', 'got', 'it']",[],13:05:21,164256304
9,2014-09-26,Fri,21163,515484604586004480,1,Pawelmorski,"['People', 'I', 'have', 'heard', 'being', 'hilariously', 'asked', 'if', 'theyve', 'been', 'offered', 'the', 'PIMCO', 'job', 'so', 'far', '4']",[],12:54:41,164256304
10,2014-09-26,Fri,21163,515478846066667520,0,Pawelmorski,"['Not', 'even', 'gardening', 'leave']",[],12:31:48,164256304
11,2014-09-26,Fri,21163,515434546893180929,2,Pawelmorski,"['Neutrality', 'is', 'no', 'longer', 'enough', 'oligarchs', 'forced', 'to', 'pick', 'sides']",[],09:35:46,164256304
12,2014-09-26,Fri,21163,515427186657210368,2,Pawelmorski,"['S', 'ampP', 'takes', 'India', 'off', 'negative', 'Ratings', 'Watch']",[],09:06:32,164256304
13,2014-09-26,Fri,21163,515418401674895360,5,Pawelmorski,"['Russian', 'government', 'gives', 'itself', 'the', 'right', 'to', 'grab', 'peoples', 'assets', 'Well', 'thats', 'a', 'huge', 'change']",[],08:31:37,164256304
14,2014-09-26,Fri,21163,515392310256107520,0,Pawelmorski,"['Turkish', 'Central', 'Bank', 'steps', 'up', 'daily', 'intervention', 'Min', '$40', 'm', 'from', '$10', 'm']",[],06:47:56,164256304
15,2014-09-24,Wed,21163,514836937627430913,7,Pawelmorski,"['iOS8', 'Twitter', 'is', 'the', 'worst', 'Twitter']",[],18:01:05,164256304
16,2014-09-24,Wed,21163,514807858484232192,2,Pawelmorski,"['Mark', 'always', 'worth', 'reading', 'RT', '@markdow', 'Behavioral', 'Macro', 'Of', 'Trends', 'Yields', 'and', 'Metals']",[],16:05:32,164256304
17,2014-09-24,Wed,21163,514742594887483392,1,Pawelmorski,"['Wasnt', 'someone', 'slating', 'this', 'view', 'MT', '@chrisadamsmkts', 'The', '5y5y', 'euro', 'inflation', 'swap', 'rate', 'is', 'the', 'biggest', 'thing', 'in', 'markets', 'right', 'now']",[],11:46:12,164256304
18,2014-09-23,Tue,21163,514521602013560832,0,Pawelmorski,"['This', 'blokes', 'on', 'telly']",[],21:08:03,164256304
19,2014-09-23,Tue,21163,514512165236396032,0,Pawelmorski,"['Winner', 'RT', '@RexPeretz', '@SaoSasha', '@Pawelmorski', 'I', 'was', 'thinking', 'an', 'ISIS', 'reality', 'show', 'with', 'the', 'Kardashians', 'would', 'do', 'it']",[],20:30:34,164256304
20,2014-09-23,Tue,21163,514505787751006208,1,Pawelmorski,"['Now', 'clocked', '68', 'hours', 'of', 'reading', 'time', 'without', 'making', 'a', 'real', 'dent', 'in', 'Piketty']",[],20:05:13,164256304
21,2014-09-23,Tue,21163,514460486298255360,4,Pawelmorski,"['Mrs', 'M', 'youre', 'not', 'addicted', 'to', 'Twitter', 'Youre', 'addicted', 'to', 'annoying', 'people']",[],17:05:12,164256304
22,2014-09-23,Tue,21163,514458428782034944,2,Pawelmorski,"['terroristhipster', 'RT', '@samgadjones', 'Everyone', 'talking', 'about', 'Khorasan', 'like', 'its', 'some', 'new', 'jihadi', 'group', 'Its', 'not', 'new', 'Its', 'just', 'al-Qaeda']",[],16:57:02,164256304
23,2014-09-23,Tue,21163,514450915408216065,2,Pawelmorski,"['Imagine', 'a', 'world', 'where', 'a', 'German', 'Himmler', 'Division', 'was', 'acceptable', 'Previous', 'RT']",[],16:27:10,164256304
24,2014-09-23,Tue,21163,514449338098270208,0,Pawelmorski,"['Doing', 'Twitter', 'Wrong', 'RT', '@MCKlein', '@richdhw', 'oh', 'I', 'see', 'your', 'point']",[],16:20:54,164256304
25,2014-09-23,Tue,21163,514446234871164928,1,Pawelmorski,"['Grandfather', 'noisily', 'skypeing', 'with', 'grandchild', 'for', 'first', 'time', 'airport', 'lounge', 'furious']",[],16:08:35,164256304
26,2014-09-23,Tue,21163,514437161039712256,0,Pawelmorski,"['Gareth', 'is', 'funny', 'name', 'Says', 'Richard']",[],15:32:31,164256304
27,2014-09-23,Tue,21163,514430255839604738,0,Pawelmorski,"['If', 'I', 'ask', 'about', 'this', 'Gareth', 'thing', 'Ill', 'regret', 'it', 'right']",[],15:05:05,164256304
28,2014-09-23,Tue,21163,514421848231378944,8,Pawelmorski,"['Er', 'Guys', 'RT', '@AlbertoNardelli', 'CDC', 'Ebola', 'cases', 'could', 'reach', '14', 'million', 'in', 'four', 'months']",[],14:31:40,164256304
29,2014-09-23,Tue,21163,514370961022652416,0,Pawelmorski,"['Er', 'me', 'RT', '@finansakrobat', '@econhedge', '@SardonicaX', '@KellyEvans', 'I', 'dont', 'know', 'a', 'single', 'iphone', 'user', 'not', 'looking', 'to', 'upgrade', 'to', 'Android']",[],11:09:28,164256304
30,2014-09-23,Tue,21163,514310261092925440,0,Pawelmorski,"['I', 'did', 'not']",[],07:08:16,164256304
31,2014-09-23,Tue,21163,514310096034463744,0,Pawelmorski,"['Gann', 'day', 'Do', 'I', 'want', 'to', 'know']",[],07:07:36,164256304
32,2014-09-22,Mon,21163,514107051703033857,2,Pawelmorski,"['Any', 'reason', 'why', 'Photos', 'print', 'fine', 'from', 'PC', 'but', 'with', 'lines', 'from', 'Apple', 'on', 'same', 'printer', 'Apart', 'from', 'macs', 'being', 'generically', 'rubbish']",[],17:40:47,164256304
33,2014-09-22,Mon,21163,514017763757936640,0,Pawelmorski,"['If', 'you', 'tolerate', 'this', 'Russia', 'will', 'be', 'next']",[],11:45:59,164256304
34,2014-09-22,Mon,21163,514015637300334592,2,Pawelmorski,"['Qatar', 'confirmed']",[],11:37:32,164256304
35,2014-09-22,Mon,21163,514003594883137536,3,Pawelmorski,"['If', 'the', 'Latin', 'phrase', 'you', 'drop', 'into', 'conversation', 'is', 'ceteris', 'paribus', 'youre', 'not', 'posh']",[],10:49:41,164256304
36,2014-09-22,Mon,21163,513965455590313984,4,Pawelmorski,"['China', 'manufacturing', 'powerhouse', 'services', 'not', 'so', 'much']",[],08:18:08,164256304
37,2014-09-22,Mon,21163,513948541191196672,1,Pawelmorski,"['My', 'timeline', 'includes', 'Norway', 'twice', 'Clearly', 'a', 'quiet', 'weekend']",[],07:10:55,164256304
38,2014-09-21,Sun,21163,513796216396988416,0,Pawelmorski,"['Visegrad', 'gt', 'BRICS']",[],21:05:38,164256304
39,2014-09-21,Sun,21163,513767850918821888,1,Pawelmorski,"['Lot', 'of', 'volleyball', 'in', 'my', 'timeline', 'This', 'is', 'new']",[],19:12:55,164256304
40,2014-09-21,Sun,21163,513709238221565953,1,Pawelmorski,"['Looking', 'for', 'theoretical', 'dimension', 'where', 'both', 'sides', 'can', 'lose', 'a', 'football', 'match']",[],15:20:01,164256304
41,2014-09-21,Sun,21163,513695663646072833,1,Pawelmorski,"['But', 'we', 'need', 'an', 'earthquake', 'to', 'swallow', 'the', 'Etihad', 'now', 'RT', '@AllThatIsSolid', 'What', 'a', 'wonderful', 'afternoon']",[],14:26:04,164256304
42,2014-09-21,Sun,21163,513692832599904257,0,Pawelmorski,"['We', 'want', '6']",[],14:14:49,164256304
43,2014-09-21,Sun,21163,513692728342097923,3,Pawelmorski,"['I', 'wouldnt', 'have', 'the', 'courage', 'to', 'go', 'on', 'the', 'Peace', 'Marches', 'in', 'Russia', 'today']",[],14:14:25,164256304
44,2014-09-20,Sat,21163,513405791467208708,1,Pawelmorski,"['Click', 'RT', '@AlbertoNardelli', 'And', 'a', 'brief', 'thought', 'on', 'indyref', 'polls', 'vs', 'betting', 'markets']",[],19:14:13,164256304
45,2014-09-20,Sat,21163,513339434696466432,0,Pawelmorski,"['31', 'favs', 'for', 'subtweeting', '@COdendahl']",[],14:50:33,164256304
46,2014-09-20,Sat,21163,513338418856992768,0,Pawelmorski,"['so', 'why', 'was', 'Welbeck', 'such', 'a', 'comedy', 'signing']",[],14:46:31,164256304
47,2014-09-20,Sat,21163,513328701183111168,5,Pawelmorski,"['Unlucky', 'the', 'land', 'that', 'has', 'need', 'of', 'heroes', 'We', 'appear', 'to', 'be', 'fine']",[],14:07:54,164256304
48,2014-09-20,Sat,21163,513314474078793729,0,Pawelmorski,"['Morskibux', 'become', 'debased', 'if', 'overissued']",[],13:11:22,164256304
49,2014-09-20,Sat,21163,513307834394890240,1,Pawelmorski,"['Country', 'famous', 'for', 'rubbish', 'beer', 'buys', 'brewer', 'in', 'country', 'famous', 'for', 'even', 'worse', 'beer']",[],12:44:59,164256304
50,2014-09-20,Sat,21163,513261452078366720,28,Pawelmorski,"['Merkel', 'is', 'very', 'unideological', 'Well', 'sure', 'But', 'name', 'a', 'visionary', 'German', 'leader', 'eye', 'contact', 'subject', 'changes']",[],09:40:40,164256304
51,2014-09-20,Sat,21163,513259890631245825,0,Pawelmorski,"['Irvine', 'Welsh', 'linksIamnotclickingon']",[],09:34:28,164256304
52,2014-09-20,Sat,21163,513233729926737920,1,Pawelmorski,"['Turkey', 'they', 'paid', 'ransom', 'presumably']",[],07:50:31,164256304
53,2014-09-19,Fri,21163,512995774620516352,1,Pawelmorski,"['Baba', 'bing']",[],16:04:58,164256304
54,2014-09-19,Fri,21163,512994371151884288,1,Pawelmorski,"['Words', 'fail', 'me', 'indyref', 'Strictly', 'backlash', 'against', 'Murrays', 'Mum']",[],15:59:23,164256304
55,2014-09-19,Fri,21163,512993510761320448,4,Pawelmorski,"['Ali', 'Baba', 'and', 'The', 'Forty', 'Flippers']",[],15:55:58,164256304
56,2014-09-19,Fri,21163,512963329204449281,1,Pawelmorski,"['ff', '@notsalome', 'endlessly', 'entertaining']",[],13:56:02,164256304
57,2014-09-19,Fri,21163,512951653017088000,6,Pawelmorski,"['Nobody', 'noticed', 'but', 'US', 'private', 'sector', 'debt', 'was', 'revised', 'down', 'by', '13', 'of', 'GDP', 'last', 'night']",[],13:09:38,164256304
58,2014-09-19,Fri,21163,512900921245040640,0,Pawelmorski,"['Thought', 'maybe', 'the', 'No', 'campaign', 'wasnt', 'quite', 'as', 'much', 'of', 'a', 'shambles', 'as', 'billed']",[],09:48:03,164256304
59,2014-09-19,Fri,21163,512891228888006656,0,Pawelmorski,"['CZK', 'its', 'all', 'fun', 'and', 'games', 'until', 'somebody', 'loses', 'an', 'eye']",[],09:09:32,164256304
60,2014-09-19,Fri,21163,512886487558684672,0,Pawelmorski,"['Russian', 'corp', 'yield', 'vs', 'EM', 'corps', 'Ceasefire', 'violations', 'and', 'Sistema', 'not', 'enough', 'for', 'new', 'wides']",[],08:50:42,164256304
61,2014-09-19,Fri,21163,512879830350970880,28,Pawelmorski,"['Best', 'indyref', 'tweet', 'yet', 'RT', '@GuyChazan', 'Russian', 'observers', 'say', 'Scottish', 'indyref', 'was', 'unfair']",[],08:24:15,164256304
62,2014-09-19,Fri,21163,512866392060985344,8,Pawelmorski,"['Meanwhile', 'Hryvniaaaargh', 'Ukraines', 'currency', 'drops', 'to', 'new', 'low', 'down', 'over', '60', 'this', 'year']",[],07:30:51,164256304
63,2014-09-19,Fri,21163,512862824969027584,1,Pawelmorski,"['Though', 'last', 'RT', 'we', 'were', 'always', 'going', 'to', 'stay', 'next', 'to', 'each', 'other']",[],07:16:40,164256304
64,2014-09-19,Fri,21163,512861623988809728,1,Pawelmorski,"['NOT', 'optional', 'RT', '@pelias01', 'Scotlands', 'Salmond', 'says', 'he', 'accepts', 'the', 'verdict', 'of', 'the', 'people', 'ForexLive']",[],07:11:54,164256304
65,2014-09-19,Fri,21163,512861487162204160,0,Pawelmorski,"['Rupert', 'Murdoch', 'looked', 'at', 'John', 'Major', 'in', '93', 'and', 'backed', 'him', 'Didnt', 'back', 'Salmond', 'Lesson', 'there']",[],07:11:21,164256304
66,2014-09-19,Fri,21163,512846542198566912,13,Pawelmorski,"['It', 'was', 'the', 'wot', 'won', 'it']",[],06:11:58,164256304
67,2014-09-19,Fri,21163,512845258531815425,1,Pawelmorski,"['Prediction', 'marketswisdom', 'of', 'crowds', 'notch', 'a', 'win', 'over', 'the', 'pollsters', 'Waiting', 'for', 'the', 'insightful', '@AlbertoNardelli', 'to', 'weigh', 'in']",[],06:06:52,164256304
68,2014-09-19,Fri,21163,512844562663243776,2,Pawelmorski,"['No', 'RT', '@AlexSalmond', 'Lets', 'not', 'dwell', 'on', 'the', 'distance', 'weve', 'fallen', 'short', 'let', 'us', 'dwell', 'on', 'the', 'distance', 'we', 'have', 'travelled']",[],06:04:06,164256304
69,2014-09-19,Fri,21163,512787509453938689,2,Pawelmorski,"['Ah', 'what', 'the', 'hell', 'just', 'a', 'punt']",[],02:17:24,164256304
70,2014-09-19,Fri,21163,512786364631236609,0,Pawelmorski,"['Oh', 'might', 'have', 'been', 'wrong', 'no', 'all', 'night', 'London', 'Markets', 'are', 'overtime', 'scam', 'thing', '@NevilleHill', 'is', 'online', 'ff']",[],02:12:51,164256304
71,2014-09-19,Fri,21163,512780905094455296,0,Pawelmorski,"['Or', 'subtweet']",[],01:51:09,164256304
72,2014-09-19,Fri,21163,512780745828356097,0,Pawelmorski,"['And', 'the', 'first', 'too', 'dumb', 'not', 'to', 'block', 'of', 'the', 'night']",[],01:50:31,164256304
73,2014-09-19,Fri,21163,512780351337287680,2,Pawelmorski,"['London', 'guys', 'gt', 'Chicago', 'guys', 'nichetweet']",[],01:48:57,164256304
74,2014-09-19,Fri,21163,512779533406068737,1,Pawelmorski,"['Says', 'the', 'Texan', 'RT', '@TheStalwart', 'FWIW', 'Shetland', 'always', 'expected', 'to', 'go', 'strongly', 'towards', 'NO']",[],01:45:42,164256304
75,2014-09-19,Fri,21163,512779300387291139,3,Pawelmorski,"['Alex', 'Salmond', 'the', 'were', 'you', 'still', 'up', 'for', 'Portillo', 'of', 'our', 'time']",[],01:44:46,164256304
76,2014-09-19,Fri,21163,512775916125057028,1,Pawelmorski,"['Do', 'i', 'detect', 'the', 'Photoshop', 'hand', 'of', '@GeneralBoles', 'CNN', 'allegedly', 'but', 'filing', 'under', 'too', 'good', 'to', 'be', 'true']",[],01:31:19,164256304
77,2014-09-19,Fri,21163,512773663817342977,3,Pawelmorski,"['Markets', 'open', 'all', 'night', 'looking', 'like', 'giant', 'overtime', 'scam', 'None', 'of', 'my', 'sales', 'lot', 'logged', 'on', '@chrisadamsmkts']",[],01:22:22,164256304
78,2014-09-18,Thu,21163,512633337023049728,7,Pawelmorski,"['All', 'Tweeps', 'subtweet', 'each', 'other', '\\', '\xe3\x85\x85', '\xe3\x81\xa5']",[],16:04:46,164256304
79,2014-09-18,Thu,21163,512628306660032512,0,Pawelmorski,"['indyrefguesses', '5001', 'No', 'Best', 'recipe', 'for', 'endless', 'acrimony']",[],15:44:47,164256304
80,2014-09-18,Thu,21163,512621684042776576,0,Pawelmorski,"['Gosh', 'this', 'is', 'a', 'terrible', 'piece', 'RT', '@tomkeene', 'London', 'Finance', 'Empire', 'Seen', 'Dominating', 'After', 'Scots', 'Vote']",[],15:18:28,164256304
81,2014-09-18,Thu,21163,512615178203308032,0,Pawelmorski,"['Mexicos', 'biggest', 'departament', 'store', 'chain', 'has', 'a', 'bond', 'issue', 'today', 'el', 'Puerto', 'De', 'Liverpool', 'What', 'the']",[],14:52:37,164256304
82,2014-09-18,Thu,21163,512605567270260737,4,Pawelmorski,"['Braveheart', '=', 'take', 'a', 'drink', 'Barnett', 'formula', '=', 'two', 'fingers', 'Salmond', 'accuses', 'journalist', 'of', 'bias', '=', 'finish', 'the', 'bottle', 'indyrefdrinkinggame']",[],14:14:25,164256304
83,2014-09-18,Thu,21163,512566186111148032,23,Pawelmorski,"['Putin', 'chooses', 'anniversary', 'of', 'joint', 'Soviet-Nazi', 'invasion', 'to', 'threaten', 'Poland']",[],11:37:56,164256304
84,2014-09-18,Thu,21163,512556767134646272,0,Pawelmorski,"['Proust', 'snob', 'with', 'D-Day', 'reference', 'I', 'cant', 'place']",[],11:00:30,164256304
85,2014-09-18,Thu,21163,512533961403555840,1,Pawelmorski,"['My', 'mobile', 'phone', 'company', 'is', 'trolling', 'me']",[],09:29:53,164256304
86,2014-09-18,Thu,21163,512532710745972736,2,Pawelmorski,"['Why', 'would', 'anyone', 'install', 'an', 'iOS', 'update', 'if', 'they', 'didnt', 'absolutely', 'have', 'to']",[],09:24:55,164256304
87,2014-09-18,Thu,21163,512530609491935232,0,Pawelmorski,"['To', 'be', 'clear', 'i', 'mean', '@ee', 'the', 'deeply', 'rubbish', 'mobile', 'network', 'Not', '@eesing', 'whos', 'very', 'nice']",[],09:16:34,164256304
88,2014-09-18,Thu,21163,512529030936293376,0,Pawelmorski,"['God', 'I', 'hate', '@ee']",[],09:10:17,164256304
89,2014-09-18,Thu,21163,512509297218314240,16,Pawelmorski,"['A', 'joke', 'AND', 'a', 'metaphor', 'RT', '@ThePoke', 'Meanwhile', 'in', 'Glasgow', 'Scotland']",[],07:51:53,164256304
90,2014-09-18,Thu,21163,512507088820789248,3,Pawelmorski,"['Been', 'a', 'while', 'RT', '@Telegraph', 'Video', 'Taiwans', 'bizarre', 'take', 'on', 'the', 'Scottish', 'vote', 'indyref']",[],07:43:06,164256304
91,2014-09-18,Thu,21163,512506630626611200,0,Pawelmorski,['indyref'],[],07:41:17,164256304
92,2014-09-17,Wed,21163,512179769677721600,0,Pawelmorski,"['Oh', 'madeleines', 'is', 'officially', 'a', 'reference', 'for', 'the', 'cognoscenti']",[],10:02:27,164256304
93,2014-09-17,Wed,21163,512071301838954496,2,Pawelmorski,"['Ways', 'for', 'a', 'middle-aged', 'man', 'to', 'kill', 'time', 'at', '6am', 'trolling', 'kids']",[],02:51:26,164256304
94,2014-09-17,Wed,21163,512068487414841344,2,Pawelmorski,"['Joe', 'Biden', 'Americas', 'Prince', 'Philip', 'Shylock', 'comments', 'MT', '@stuartpstevens', 'How', 'does', 'Joe', 'Biden', 'get', 'away', 'with', 'this', '[', ']']",[],02:40:15,164256304
95,2014-09-17,Wed,21163,512060806213931008,0,Pawelmorski,"['Baseball', 'Twitter', 'Yay']",[],02:09:44,164256304
96,2014-09-16,Tue,21163,511939837445021696,1,Pawelmorski,"['Ill', 'just', 'leave', 'this', 'here']",[],18:09:03,164256304
97,2014-09-16,Tue,21163,511934595542286337,1,Pawelmorski,"['ff', 'RT', '@SardonicaX', 'Next', 'few', 'tweets', 'from', 'a', 'presentation', 'by', 'USD', '8bn', 'macro', 'fund']",[],17:48:13,164256304
98,2014-09-16,Tue,21163,511924470920269824,4,Pawelmorski,"['This', 'is', 'excellent', 'Suspect', '@LadyFOHF', 'may', 'disagree', 'RT', '@mattlevine', 'I', 'wrote', 'about', 'Calpers']",[],17:07:59,164256304
99,2014-09-16,Tue,21163,511917674298105858,4,Pawelmorski,"['New', 'Russian', 'FX', 'swap', 'facility']",[],16:40:59,164256304
100,2014-09-16,Tue,21163,511895176303108097,6,Pawelmorski,"['This', 'RT', '@GavinHJackson', 'No', 'Betfair', 'has', 'not', 'just', 'called', 'the', 'Scottish', 'Referendum', 'FT', 'Alphaville']",[],15:11:35,164256304
101,2014-09-16,Tue,21163,511870293988900864,1,Pawelmorski,"['This', 'is', 'not', 'proper', 'betfair', 'Its', 'their', 'tiny', 'fixed-odds', 'arm', 'indyref']",[],13:32:42,164256304
102,2014-09-15,Mon,21163,511611643206598657,7,Pawelmorski,"['Poroshenko', 'ally', 'wears', '$200', 'k', 'watch', 'to', 'party', 'rally', 'ht', '@AgaSzypielewicz']",[],20:24:55,164256304
103,2014-09-15,Mon,21163,511558325625167872,0,Pawelmorski,"['I', 'apparently', 'just', 'won', 'a', 'prize', 'of', 'infinite', 'subtweets']",[],16:53:03,164256304
104,2014-09-15,Mon,21163,511555245085040640,0,Pawelmorski,['Huh'],[],16:40:49,164256304
105,2014-09-15,Mon,21163,511538927157932032,0,Pawelmorski,"['But', 'its', 'good', 'RT', '@shaunwalker7', 'Someone', 'has', 'given', 'my', 'e-book', 'on', 'Ukrainian', 'bride', 'tours', 'a', '3-star', 'rating', 'on', 'Amazon', 'because', 'it', 'isnt', 'a', 'novel']",[],15:35:58,164256304
106,2014-09-15,Mon,21163,511507657463955456,0,Pawelmorski,"['Apple', 'Pay', 'thing', 'has', 'to', 'be', 'a', 'spoof', 'right']",[],13:31:43,164256304
107,2014-09-15,Mon,21163,511505145507905536,1,Pawelmorski,"['Albert', 'Edwards', 'compares', 'indyref', 'for', 'the', 'EU', 'what', '1989', 'was', 'to', 'the', 'Soviet', 'bloc', 'Sigh']",[],13:21:44,164256304
108,2014-09-15,Mon,21163,511394901402320896,13,Pawelmorski,"['Russians', 'in', 'Ukraine', 'UK', 'breaking', 'up', 'but', 'OMG', 'FT', 'USING', 'NEW', 'HEADLINE', 'FONT']",[],06:03:40,164256304
109,2014-09-15,Mon,21163,511388176351780864,1,Pawelmorski,"['This', 'sounds', 'great', 'RT', '@duncanrobinson', 'The', 'Stasi', 'casinos', 'and', 'the', 'Big', 'Data', 'rush', 'Lovely', 'review']",[],05:36:57,164256304
110,2014-09-14,Sun,21163,511253861559189504,2,Pawelmorski,"['Oh', 'please', 'RT', '@firoozye', 'Scots', 'War', 'Games', 'Haunt', 'UK', 'Elite', 'Bracing', 'for', 'Referendum']",[],20:43:13,164256304
111,2014-09-14,Sun,21163,511245358668988416,0,Pawelmorski,"['Actually', 'I', 'wasnt', 'But', 'impressed']",[],20:09:26,164256304
112,2014-09-14,Sun,21163,511244169529278464,0,Pawelmorski,"['A', 'subtweet', 'with', 'clauses']",[],20:04:43,164256304
113,2014-09-14,Sun,21163,511243425187119104,0,Pawelmorski,"['Wait', 'phony', 'RT', '@PeterLaBarbera', '@TheTweetOfGod', '@snfu73', 'Pure', 'evil', 'phony', 'progressive', 'Twitter', 'god']",[],20:01:45,164256304
114,2014-09-14,Sun,21163,511229474990727169,1,Pawelmorski,"['Long', 'plane', 'trip', 'tomorrow', 'Any', 'tips', 'if', 'I', 'fancy', 'a', 'break', 'from', 'Chomsky', 'Rwanda', 'and', 'Russian', 'war', 'films']",[],19:06:19,164256304
115,2014-09-14,Sun,21163,511210897386536960,1,Pawelmorski,"['Anybody', 'got', 'any', 'really', 'mental', 'stuff', 'from', 'the', 'No', 'side']",[],17:52:30,164256304
116,2014-09-14,Sun,21163,511098098404556800,0,Pawelmorski,"['Last', 'RT', 'Mr', 'Gok\xc3\xa7ek', 'is', 'MAYOR', 'of', 'Ankara']",[],10:24:17,164256304
117,2014-09-13,Sat,21163,510920278667694080,8,Pawelmorski,"['Blackly', 'hilarious', 'RT', '@daxe', 'Do', 'yourself', 'a', 'favor', 'and', 'DO', 'NOT', 'buy', 'an', 'aircraft', 'carrier', 'from', 'Russia']",[],22:37:41,164256304
118,2014-09-13,Sat,21163,510912285762940928,0,Pawelmorski,"['Imagine', 'if', 'the', 'French', 'had', 'booby-trapped', 'the', 'Mistrals', 'to', 'damage', 'the', 'Russian', 'navy']",[],22:05:55,164256304
119,2014-09-13,Sat,21163,510907473218535424,0,Pawelmorski,"['Markets', 'people', 'Not', 'PE', 'VC', 'etc']",[],21:46:48,164256304
120,2014-09-13,Sat,21163,510906664669937664,0,Pawelmorski,"['Dont', 'really', 'know', 'how', 'to', 'tweet', 'a', 'list', 'but', 'i', 'did', 'one', 'of', 'non-journo', 'finance', 'people', 'for', '@t0nyyates', 'Work', 'in', 'progress', 'names', 'missing', 'sorry']",[],21:43:35,164256304
121,2014-09-13,Sat,21163,510900905173340160,12,Pawelmorski,"['Not', 'executed', 'Murdered']",[],21:20:42,164256304
122,2014-09-13,Sat,21163,510737131808256000,4,Pawelmorski,"['Braveheart', 'missing', 'key', 'scene']",[],10:29:55,164256304
123,2014-09-13,Sat,21163,510735886846541824,7,Pawelmorski,"['Can', 'we', 'at', 'least', 'agree', 'that', 'Braveheart', 'was', 'a', 'shit', 'film', 'indyref']",[],10:24:59,164256304
124,2014-09-13,Sat,21163,510734061862916096,3,Pawelmorski,"['Some', 'fights', 'better', 'picked', 'over', 'a', 'beer']",[],10:17:43,164256304
125,2014-09-13,Sat,21163,510698081953021952,13,Pawelmorski,"['Russia', 'Today', 'just', 'for', 'a', 'change', 'trolling']",[],07:54:45,164256304
126,2014-09-12,Fri,21163,510522566965219328,0,Pawelmorski,"['Yay', 'ffd', 'from', 'a', 'blocked', 'account']",[],20:17:19,164256304
127,2014-09-12,Fri,21163,510503387331559424,0,Pawelmorski,"['Urk', 'Sorry', 'to', 'Matt', 'and', 'Canada', 'RT', '@MCKlein', '@Pawelmorski', '@TheStalwart', 'Im', 'not', 'Canadian']",[],19:01:06,164256304
128,2014-09-12,Fri,21163,510502102138097664,0,Pawelmorski,"['What', 'would', 'be', 'opposite', 'number', 'of', 'Olive', 'Garden', 'here']",[],18:56:00,164256304
129,2014-09-12,Fri,21163,510501454881517568,0,Pawelmorski,"['Canadian', 'RT', '@MCKlein', '@TheStalwart', 'fwiw', 'I', 'have', 'made', 'plenty', 'of', 'pasta', 'wout', 'salting', 'and', 'it', 'has', 'tasted', 'great']",[],18:53:26,164256304
130,2014-09-12,Fri,21163,510479943214858240,17,Pawelmorski,"['No', 'Russophile', 'but', 'these', 'numbers', 'also', 'true', 'in', 'UK', 'I', 'think', 'are', 'sad', 'RT', '@MWStory', '[', ']', 'Now', 'no', 'one', 'remembers']",[],17:27:57,164256304
131,2014-09-12,Fri,21163,510449365073559553,1,Pawelmorski,"['507', 'NO', 'referendumguesses']",[],15:26:26,164256304
132,2014-09-12,Fri,21163,510446462522916865,0,Pawelmorski,"['DM', 'HISTORYS', 'GREATEST', 'MONSTER', '@katiemartinFX']",[],15:14:54,164256304
133,2014-09-12,Fri,21163,510445782487805952,0,Pawelmorski,"['Folks', 'I', 'think', '@katiemartinFX', 'missed', 'the', 'last', 'ep', 'of', 'True', 'Detective', 'Can', 'anyone', 'tell', 'her', 'how', 'it', 'ends']",[],15:12:12,164256304
134,2014-09-12,Fri,21163,510444203458174976,0,Pawelmorski,"['Nb', 'did', 'not', 'intend', 'to', 'imply', 'grace', 'is', 'the', 'appropriate', 'reaction', 'to', 'douchebags', 'just', 'that', 'I', 'admire', 'people', 'who', 'can', 'manage', 'it']",[],15:05:56,164256304
135,2014-09-12,Fri,21163,510443501935673345,1,Pawelmorski,"['Also', '@Financeguy', 'amp', '@5minmacro', 'finance', '@isfink', 'Turkey', '@jasoncorcoran', 'Russia', '@katiemartinFX', 'rubbish', 'puns', 'ff']",[],15:03:09,164256304
136,2014-09-12,Fri,21163,510442666971398144,6,Pawelmorski,"['ff', '@KellyEvans', 'grace', 'in', 'the', 'face', 'of', 'douchebags']",[],14:59:50,164256304
137,2014-09-12,Fri,21163,510407075235909632,2,Pawelmorski,"['irony', 'RIP', 'RT', '@BBCBreaking', 'Martin', 'McGuinness', 'hails', 'Ian', 'Paisley', 'for', 'building', 'agreement']",[],12:38:24,164256304
138,2014-09-12,Fri,21163,510361595734949888,16,Pawelmorski,"['Analyst', 'the', 'only', 'really', 'effective', 'sanctions', 'on', 'Russia', 'are', 'the', 'ones', 'the', 'Russians', 'imposed']",[],09:37:41,164256304
139,2014-09-12,Fri,21163,510326370170585088,2,Pawelmorski,"['Nobody', 'trolls', 'like', '@TheStalwart', 'RT', '@pelias01', 'We', 'Might', 'Be', 'Witnessing', 'The', 'Final', 'Humiliation', 'Of', 'The', 'Fed', 'Haters']",[],07:17:42,164256304
140,2014-09-11,Thu,21163,510116686880837633,2,Pawelmorski,"['argentine-style', 'No', 'RT', '@FT', 'Venezuela', 'raising', 'the', 'spectre', 'of', 'an', 'Argentine-style', 'default']",[],17:24:30,164256304
141,2014-09-11,Thu,21163,510068260495454209,3,Pawelmorski,"['MakeAMovieCanadian', 'Star', 'Peacekeeping', 'Operations']",[],14:12:04,164256304
142,2014-09-11,Thu,21163,510049905046716416,1,Pawelmorski,"['Joe', 'descends', 'into', 'self-parody', 'RT', '@TheStalwart', 'A', 'super-hip', 'economic', 'report', 'that', 'people', 'never', 'used', 'to', 'talk', 'about', 'is', 'coming', 'out', 'today']",[],12:59:08,164256304
143,2014-09-11,Thu,21163,510045746348171264,0,Pawelmorski,"['Nothing', 'like', 'an', 'RT', 'by', '@faisalislam', 'to', 'fill', 'up', 'my', 'Mentions', 'column']",[],12:42:36,164256304
144,2014-09-11,Thu,21163,509956439893622784,57,Pawelmorski,"['Official', 'Scotland', 'wants', 'to', 'lose', 'Royal', 'Bank', 'of', 'Scotland', 'keep', 'Bank', 'of', 'England']",[],06:47:44,164256304
145,2014-09-11,Thu,21163,509955286426468352,1,Pawelmorski,"['Especially', 'given', 'he', 'really', 'doesnt', 'seem', 'to', 'have', 'any', 'of', 'his', 'Dads', 'DNA']",[],06:43:09,164256304
146,2014-09-11,Thu,21163,509955136232632320,19,Pawelmorski,"['Couple', 'has', 'child', 'neither', 'of', 'them', 'likes', 'who', 'gets', 'it', 'after', 'divorce', 'RBS']",[],06:42:33,164256304
147,2014-09-10,Wed,21163,509806504619552769,0,Pawelmorski,"['ff', 'research', 'heavyweight', 'RT', '@AlexWhite1812', 'I', 'think', 'they', 'are', 'planning', 'to', 'make', 'a', 'wholly', 'different', 'pigs', 'ear', 'of', 'things', 'in', 'a', 'new', 'and', 'novel', 'way']",[],20:51:57,164256304
148,2014-09-10,Wed,21163,509798926590181376,3,Pawelmorski,"['Shorter', 'JP', 'Morgan', 'Spain', 'should', 'learn', 'from', 'UK', 'and', 'not', 'make', 'a', 'similar', 'pigs', 'ear', 'of', 'things']",[],20:21:50,164256304
149,2014-09-10,Wed,21163,509796720038121472,8,Pawelmorski,"['So', 'it', 'begins', 'JP', 'Morgan', 'on', 'the', 'implications', 'of', 'Scottish', 'referendum', 'for', 'Catalonia']",[],20:13:04,164256304
150,2014-09-10,Wed,21163,509722811733409792,1,Pawelmorski,"['Poles', 'and', 'Russians', 'United', 'by', 'unhealthy', 'appetites', 'For', 'dill', 'ht', '@jasoncorcoran']",[],15:19:23,164256304
151,2014-09-10,Wed,21163,509707174093021184,0,Pawelmorski,"['FT', 'News', 'Editor', 'folks', 'RT', '@chrisadamsmkts', '@jmackin2', '@RobinWigg', 'Not', 'much', 'if', 'theyre', 'defecating']",[],14:17:14,164256304
152,2014-09-10,Wed,21163,509657347682496512,1,Pawelmorski,"['I', 'think', 'this', 'means', 'Citibank', 'wants', 'to', 'borrow', 'a', 'quid', 'towards', 'a', 'can', 'of', 'Special', 'Brew']",[],10:59:15,164256304
153,2014-09-10,Wed,21163,509643859694194688,10,Pawelmorski,"['Majority', 'view', 'Bear', 'defecates', 'in', 'woods', 'RT', '@ChathamHouse', '67', 'think', 'Russia', 'is', 'a', 'threat', 'to', 'the', 'EU', 'What', 'do', 'you', 'think']",[],10:05:39,164256304
154,2014-09-10,Wed,21163,509625563922051072,0,Pawelmorski,"['Annoyingly', '@econhedge', 'has', 'a', 'funny', 'twibbon']",[],08:52:57,164256304
155,2014-09-10,Wed,21163,509609760724090880,0,Pawelmorski,"['I', 'hope', 'you', 'dont', 'take', 'this', 'as', 'an', 'unintentional', 'insult', 'Well', 'thats', 'today', 'off', 'to', 'a', 'flyer']",[],07:50:09,164256304
156,2014-09-10,Wed,21163,509543455635537920,0,Pawelmorski,"['430am', 'Nationality', 'Do', 'not', 'insure']",[],03:26:41,164256304
157,2014-09-09,Tue,21163,509455851766435840,0,Pawelmorski,"['Seems', 'like', 'this', 'map', 'may', 'be', 'of', 'use', 'to', 'some', 'of', 'my', 'Follows', 'this', 'eve']",[],21:38:34,164256304
158,2014-09-09,Tue,21163,509428670000562176,2,Pawelmorski,"['Email', 'correspondence', 'on', 'Ukraine', 'with', 'Russian', 'friend', 'Er', 'ex-friend']",[],19:50:34,164256304
159,2014-09-09,Tue,21163,509377746368475136,1,Pawelmorski,"['From', 'experts', 'in', 'No', 'Service', 'RT', '@EE', 'And', 'thats', 'the', 'Apple', 'store', 'down', 'for', 'a', 'refurb', 'then', 'AppleLive']",[],16:28:13,164256304
160,2014-09-09,Tue,21163,509288736287637504,1,Pawelmorski,"['Ill', 'just', 'leave', 'this', 'here']",[],10:34:31,164256304
161,2014-09-09,Tue,21163,509286476090466304,0,Pawelmorski,"['Oh', 'dear', 'England', 'football', 'fans', 'on', 'indyref']",[],10:25:32,164256304
162,2014-09-09,Tue,21163,509258332767789056,0,Pawelmorski,"['Morski-dsquared', 'worst', 'hiatus', 'competition']",[],08:33:42,164256304
163,2014-09-09,Tue,21163,509245190151090176,0,Pawelmorski,"['New', 'DB', 'note', 'no', 'RT', '@ProSyn', 'Should', 'Venezuela', 'default', 'on', 'its', 'foreign', 'bonds', '@ricardohausman']",[],07:41:29,164256304
164,2014-09-08,Mon,21163,509053940038901760,1,Pawelmorski,"['No', '@McFaul', 'RT', '@BalazsJarabik', '3', 'former', 'US', 'Ambassadors', 'to', 'Russia', 'say', 'give', 'diplomacy', 'with', 'Russia', 'a', 'chance', 'Ukraine']",[],19:01:31,164256304
165,2014-09-08,Mon,21163,509047688273620992,2,Pawelmorski,"['Right', 'Now', 'officially', 'sorry', 'for', 'cheap', 'shots', 'on', 'the', 'subject', 'RT', '@chrisdeerin', 'reflections', 'on', 'the', 'end', 'of', 'Britain']",[],18:36:41,164256304
166,2014-09-08,Mon,21163,509047114144698368,11,Pawelmorski,"['Anyone', 'seen', 'more', 'on', 'this', 'RT', '@InterpreterMag', 'Meanwhile', 'in', 'Russia', 'Spontaneous', 'Worker', 'Unrest', 'is', 'Spreading']",[],18:34:24,164256304
167,2014-09-08,Mon,21163,509046105666248704,4,Pawelmorski,"['Erm', 'guys', 'Last', 'RT', 'Russsians', 'not', 'rebels', 'shot', 'down', 'mh17']",[],18:30:23,164256304
168,2014-09-08,Mon,21163,509033477896142848,80,Pawelmorski,"['All', 'these', 'Americans', 'laughing', 'about', 'Scotland', 'are', 'going', 'to', 'look', 'pretty', 'silly', 'if', 'Canada', 'decides', 'to', 'it', 'wants', 'independence', 'too']",[],17:40:13,164256304
169,2014-09-08,Mon,21163,509031676157390848,1,Pawelmorski,"['Just', 'mute', 'NFL', 'Or', 'got', 'a', 'horrible', 'feeling', 'its', 'not', 'about', 'sport', 'right', 'now']",[],17:33:03,164256304
170,2014-09-08,Mon,21163,509005066213552128,2,Pawelmorski,"['Ruble', 'rallies', 'on', 'Liberum', 'Veto']",[],15:47:19,164256304
171,2014-09-08,Mon,21163,508994670333280256,1,Pawelmorski,"['FTAlphaville', 'FastFT', 'Antenna', 'But', 'instead', 'of', 'the', 'good', 'stuff', 'WSJ', 'goes', 'How', 'To', 'Spend', 'It']",[],15:06:00,164256304
172,2014-09-08,Mon,21163,508967668373008384,20,Pawelmorski,"['I', 'swear', 'I', 'only', 'wanted', 'to', 'know', 'where', 'a', 'Euro', '2016', 'qualifier', 'is', 'going', 'to', 'be']",[],13:18:42,164256304
173,2014-09-08,Mon,21163,508927340815331328,0,Pawelmorski,"['Definition', 'of', 'The', 'Null', 'Set', 'RT', '@IvanTheK', 'Who', 'are', 'the', 'best', 'tweeps', 'to', 'follow', 'whose', 'tweets', 'are', 'mainly', 'focused', 'on', 'indyref']",[],10:38:28,164256304
174,2014-09-08,Mon,21163,508917631857213440,0,Pawelmorski,"['URGENT', 'RT', '@mpoppel', 'URGENT', 'Palace', 'Britain', 's', 'Prince', 'William', 'Kate', 'expecting', 'second', 'child']",[],09:59:53,164256304
175,2014-09-08,Mon,21163,508906637256818688,6,Pawelmorski,"['Krugman', 'on', 'Scotland', 'nobody', 'focussed', 'on', 'what', 'actually', 'matters', 'whats', 'best', 'for', 'England']",[],09:16:12,164256304
176,2014-09-08,Mon,21163,508901815992459264,0,Pawelmorski,"['How', 'do', 'I', 'get', 'one', 'of', 'those', 'Yes', 'thingies']",[],08:57:02,164256304
177,2014-09-08,Mon,21163,508869417451937792,3,Pawelmorski,"['Russians', 'broke', 'the', 'ceasefire', 'Shocked', 'shocked']",[],06:48:18,164256304
178,2014-09-06,Sat,21163,508391526209437696,1,Pawelmorski,"['ExplainAFilmPlotBadly', 'Woman', 'commits', 'mass', 'murder', 'but', 'its', 'ok', 'because', 'shes', 'illiterate']",[],23:09:19,164256304
179,2014-09-06,Sat,21163,508237702987513856,18,Pawelmorski,"['Warsaw', 'Uprising', 'Museum', 'kids', 'make', 'memorial', 'flags', 'to', 'the', 'struggle', 'for', 'freedom', 'One', 'of', 'these', 'flags', 'isnt', 'Polish']",[],12:58:05,164256304
180,2014-09-06,Sat,21163,508222064277606400,5,Pawelmorski,"['Anti-Nazi', 'nursery', 'rhyme', 'Child', 'Insurgent', 'Room', 'Warsaw', 'Uprising', 'Museum']",[],11:55:57,164256304
181,2014-09-01,Mon,21163,506567939974508545,1,Pawelmorski,['Grrr'],[],22:23:03,164256304
182,2014-08-30,Sat,21163,505674314231058432,1,Pawelmorski,"['Extended', 'hiatus', 'coming']",[],11:12:06,164256304
183,2014-08-29,Fri,21163,505433259057373184,0,Pawelmorski,"['ff', 'Yanks', '@georgepearkes', '@delangedotcom', '@SBarlowROB']",[],19:14:14,164256304
184,2014-08-29,Fri,21163,505382520964534272,7,Pawelmorski,"['Importance', 'of', 'SWIFT', 'emphasised', 'in', 'US', 'insider', 'account', 'of', 'financial', 'sanctions']",[],15:52:37,164256304
185,2014-08-29,Fri,21163,505370635846299648,13,Pawelmorski,"['Bloomberg', 'headlines', 'that', 'UK', 'pushing', 'to', 'block', 'Russian', 'access', 'to', 'SWIFT', 'payment', 'network']",[],15:05:23,164256304
186,2014-08-29,Fri,21163,505315675989368833,3,Pawelmorski,"['Disagree', 'but', 'thought-provoking', 'MT', '@AStuttaford', 'Another', 'must-read', 'from', '@edwardlucas']",[],11:27:00,164256304
187,2014-08-29,Fri,21163,505306041907937280,3,Pawelmorski,"['Vladimir', 'Putin', 'b', '1952', 'says', 'Ukraine', 'reminds', 'him', 'of', 'World', 'War', '2']",[],10:48:43,164256304
188,2014-08-29,Fri,21163,505305291110752256,1,Pawelmorski,"['Last', 'RT', 'Russia', 'continues', 'to', 'escalate', 'sanctions', 'against', 'own', 'people']",[],10:45:44,164256304
189,2014-08-29,Fri,21163,505239101566906369,1,Pawelmorski,"['Hm', 'Warsaw', 'RT', '@OUPAcademic', 'Why', 'the', 'Nazis', 'saved', 'Paris', 'via', '@EveningStandard', 'WW2']",[],06:22:43,164256304
190,2014-08-29,Fri,21163,505236420223832064,0,Pawelmorski,"['Deutsche', 'Bank', 'Rain', 'in', 'India', 'update']",[],06:12:04,164256304
191,2014-08-28,Thu,21163,505091464901431298,1,Pawelmorski,"['Werent', '@econhedge', 'and', '@jmackin2', 'doing', 'tan', 'suit', 'jokes', 'weeks', 'ago']",[],20:36:04,164256304
192,2014-08-28,Thu,21163,504992851667984385,0,Pawelmorski,"['Vomits', 'in', 'bucket', 'RT', '@georgepearkes', '@JennyRidolfo', '@Pawelmorski', '@LadyFOHF', 'probs', 'shouldnt', 'Im', 'not', 'very', 'smart', 'or', 'entertaining', 'sadly']",[],14:04:12,164256304
193,2014-08-28,Thu,21163,504908607431770112,5,Pawelmorski,"['Rising', 'above', 'it', 'Overrated']",[],08:29:27,164256304
194,2014-08-28,Thu,21163,504907464668487680,1,Pawelmorski,"['Libor', 'Euribor', 'Maribor', 'Some', 'things', 'dont', 'need', 'fixing']",[],08:24:54,164256304
195,2014-08-27,Wed,21163,504613206443438080,2,Pawelmorski,"['9yo', 'with', 'Uzi', 'thing', 'People', 'with', 'my', 'sort', 'of', 'views', 'on', 'gun', 'control', 'find', 'a', 'way', 'to', 'make', 'it', 'make', 'us', 'look', 'bad']",[],12:55:38,164256304
196,2014-08-22,Fri,21163,502818926079000576,1,Pawelmorski,"['ff', 'Reliably', 'interesting', '@sanderwagner', '@COdendahl']",[],14:05:48,164256304
197,2014-08-21,Thu,21163,502450389200150528,2,Pawelmorski,"['Argentina', 'hearing', 'emergency', 'US', 'court', 'session', 'at', '3pm', 'NY', 'to', 'discuss', 'new', 'swap', 'offer']",[],13:41:22,164256304
198,2014-08-21,Thu,21163,502365748795559936,0,Pawelmorski,"['RT', '@richdhw', 'No', 'two', 'tweeps', 'with', 'a', 'blue', 'tick', 'have', 'ever', 'subtweeted', 'at', 'each', 'other']",[],08:05:02,164256304
199,2014-08-21,Thu,21163,502362817199353856,0,Pawelmorski,"['You', 'ever', 'really', 'regret', 'tweeting', 'something']",[],07:53:23,164256304
200,2014-08-21,Thu,21163,502352986824540160,0,Pawelmorski,"['Ok', 'That', 'Friedman', 'thing', 'about', 'McDonalds', 'Sorry']",[],07:14:19,164256304
201,2014-08-21,Thu,21163,502351053174865921,3,Pawelmorski,"['Issue', 'for', 'me', 'now', 'impossible', 'to', 'convince', 'anyone', 'that', 'The', 'Selfish', 'Gene', 'is', 'actually', 'a', 'great', 'book']",[],07:06:38,164256304
202,2014-08-21,Thu,21163,502348143514877952,3,Pawelmorski,"['No', 'Two', 'Countries', 'That', 'Both', 'Had', 'McDonalds', 'Fought', 'a', 'War', 'Against', 'Each', 'Other', 'unless', 'one', 'was', 'Russia']",[],06:55:05,164256304
203,2014-08-20,Wed,21163,502082495199072258,5,Pawelmorski,"['ALS', 'Challenge', 'Argentina', 'MT', '@DanCancel', 'JPMorgan', 'Its', 'a', 'cold', 'bucket', 'of', 'water', 'in', 'the', 'face', 'for', 'bondholders', 'that', 'were', 'anticipating', 'a']",[],13:19:29,164256304
204,2014-08-20,Wed,21163,502081987566637056,0,Pawelmorski,"['THIS', 'RT', '@NicTrades', '@conorsen', 'god', 'I', 'would', 'rather', 'pay', 'not', 'to', 'have', 'that']",[],13:17:28,164256304
205,2014-08-20,Wed,21163,502078926613921793,0,Pawelmorski,"['Thanks', 'folks', 'Wow', 'thats', 'bad']",[],13:05:18,164256304
206,2014-08-20,Wed,21163,502077855338356737,0,Pawelmorski,"['What', 'is', 'this', 'favourite', 'problem', 'people', 'are', 'on', 'about']",[],13:01:03,164256304
207,2014-08-20,Wed,21163,502060499807514624,5,Pawelmorski,"['Last', 'RT', 'includes', 'Russian', 'farmer', 'verdict', 'on', 'jedzjablko']",[],11:52:05,164256304
208,2014-08-20,Wed,21163,502023026788294656,3,Pawelmorski,"['And', 'my', 'phone', 'is', 'autocorrecting', 'holiday', 'to', 'holdout']",[],09:23:11,164256304
209,2014-08-20,Wed,21163,502022881464033280,1,Pawelmorski,"['I', 'dont', 'do', 'forecasts', 'on', 'Twitter', 'but', 'I', 'think', 'Judge', 'Griesa', 'unimpressed', 'is', 'a', 'safe', 'bet']",[],09:22:36,164256304
210,2014-08-19,Tue,21163,501844757799505921,4,Pawelmorski,"['British', 'Accent', 'not', 'accidental', 'intended', 'and', 'hoping', 'to', 'bring', 'out', 'the', 'worst', 'in', 'people', 'here']",[],21:34:48,164256304
211,2014-08-19,Tue,21163,501800679972028417,0,Pawelmorski,"['So', 'all', 'my', 'Turkish', 'followers', 'support', 'Galatasaray', 'afc']",[],18:39:39,164256304
212,2014-08-19,Tue,21163,501797862293123072,0,Pawelmorski,"['I', 'cant', 'even']",[],18:28:27,164256304
213,2014-08-19,Tue,21163,501797789337407488,7,Pawelmorski,"['Via', '@AgaSzypielewicz', 'Vin', 'Diesel', 'chooses', 'Putin', 'to', 'complete', 'the', 'IceBucketChallenge']",[],18:28:10,164256304
214,2014-08-19,Tue,21163,501779418281705473,0,Pawelmorski,"['1', 'RT', '@grodaeu', 'I', 'keep', 'gaining', 'followers', 'This', 'makes', 'absolutely', 'no', 'sense']",[],17:15:10,164256304
215,2014-08-18,Mon,21163,501476595866279939,1,Pawelmorski,"['Who', 'is', 'Daithi']",[],21:11:52,164256304
216,2014-08-18,Mon,21163,501470669176324098,7,Pawelmorski,"['The', 'algorithms', 'that', 'set', 'advertising', 'will', 'soon', 'be', 'running', 'the', 'world']",[],20:48:19,164256304
217,2014-08-18,Mon,21163,501416802124300288,1,Pawelmorski,"['How', 'is', 'it', 'possible', 'nobody', 'blocked', 'him', 'earlier']",[],17:14:16,164256304
218,2014-08-18,Mon,21163,501160716163108864,1,Pawelmorski,"['Fao', '@zatapatique', 'RT', '@nycsouthpaw', 'dear', 'god']",[],00:16:40,164256304
219,2014-08-17,Sun,21163,501109115343892480,0,Pawelmorski,"['Yeah', 'yeah', 'Omar', 'coming', 'whatevs']",[],20:51:37,164256304
220,2014-08-17,Sun,21163,501109037912834048,1,Pawelmorski,"['shotsfired', 'RT', '@JamesvS', '@BrendaKellyIG', '@finansakrobat', 'Omar', 'is', 'coming', 'gt', 'Winter', 'is', 'coming']",[],20:51:19,164256304
221,2014-08-17,Sun,21163,501098465951510529,0,Pawelmorski,"['For', 'the', 'avoidance', 'of', 'doubt', 'I', 'stand', 'by', 'my', '@LadyFOHF', 'recommendation']",[],20:09:18,164256304
222,2014-08-17,Sun,21163,501098083607138304,2,Pawelmorski,"['Welcome', 'to', 'Twitter', 'RT', '@MatinaStevis', 'Its', 'really', 'beyond', 'me', 'how', 'folks', 'didnt', 'the', 'evident', 'sarcasm', '[', 'yada', 'yada', ']']",[],20:07:47,164256304
223,2014-08-17,Sun,21163,501073043637436416,1,Pawelmorski,"['RT', '@robinmoss86', 'And', 'another', 'win', 'Englands', 'woman', 'smash', 'Canada', 'in', 'the', 'Rugby', 'World', 'Cup', 'final', 'ENGvCAN', '@georgepearkes', '@LadyFOHF']",[],18:28:17,164256304
224,2014-08-17,Sun,21163,501063091183169536,1,Pawelmorski,"['Evil', 'flashbacks', 'wait', 'you', 'know', '@moyeenislam']",[],17:48:44,164256304
225,2014-08-17,Sun,21163,500964372051935232,8,Pawelmorski,"['Really', 'What', 'The', 'Actual', 'RT', '@wbbbmr', 'The', 'one', 'that', 'you', 'cant', 'print', 'on', 'TV', 'Thats', 'the', 'worse', 'one']",[],11:16:28,164256304
226,2014-08-17,Sun,21163,500962724042776577,3,Pawelmorski,"['Boozy', 'lunch', 'with', 'old', 'friend', 'is', 'the', 'best', 'way', 'to', 'deal', 'with', 'jetlag', 'right']",[],11:09:55,164256304
227,2014-08-17,Sun,21163,500958868156198912,0,Pawelmorski,"['QTWTAIN', 'RT', '@RedaMaherLDN', 'Do', 'any', 'mufc', 'fans', 'seriously', 'think']",[],10:54:36,164256304
228,2014-08-17,Sun,21163,500927382300401665,2,Pawelmorski,"['Warsaw', 'Rising', 'feed', '@pw1944', 'on', 'the', 'Australian', 'pilot', 'shot', 'down', 'on', 'a', 'supply', 'mission', 'joins', 'Polish', 'Home', 'Army', 'resistance']",[],08:49:29,164256304
229,2014-08-17,Sun,21163,500923773949079552,1,Pawelmorski,"['Root', 'for', 'Whatever']",[],08:35:09,164256304
230,2014-08-17,Sun,21163,500923656512765952,1,Pawelmorski,"['I', 'know', 'nothing', 'and', 'cares', 'less', 'about', 'baseball', 'But', 'its', 'kind', 'of', 'odd', 'that', 'all', 'the', 'New', 'Yorkers', 'I', 'like', 'support', 'the', 'Mets']",[],08:34:41,164256304
231,2014-08-15,Fri,21163,500389810507612162,0,Pawelmorski,['tweets'],[],21:13:22,164256304
232,2014-08-15,Fri,21163,500389682497454081,0,Pawelmorski,"['Incidentally', 'that', '@bazlyons', 'person', 'has', 'one', 'of', 'the', 'higher', 'laughstweeps', 'ratios', 'in', 'my', 'timeline', 'ff']",[],21:12:51,164256304
233,2014-08-15,Fri,21163,500354964125147136,1,Pawelmorski,"['Oh', 'yeah', 'ff', '@SaoSasha', 'Geopolitical', 'analyst', 'from', 'same', 'shop', 'as', 'Bremmer', 'but', 'not', 'annoying']",[],18:54:54,164256304
234,2014-08-14,Thu,21163,500024010097586176,0,Pawelmorski,"['too', 'many', 'Must', 'resist']",[],20:59:48,164256304
235,2014-08-14,Thu,21163,500015830282022912,3,Pawelmorski,"['Sigh', 'RT', '@toluogunlesi', 'You', 'just', 'have', 'to', 'love', 'Lagos', 'Sterling', 'Bank', 'launching', 'Arsenal', 'bank', 'accounts', 'Lagos']",[],20:27:18,164256304
236,2014-08-14,Thu,21163,500013614708039680,0,Pawelmorski,"['Anyone', 'seen', 'this', 'anti-Vulture', 'ad', 'on', 'CNBC', 'US', 'version', 'I', 'hear']",[],20:18:30,164256304
237,2014-08-14,Thu,21163,499717959154401280,0,Pawelmorski,"['Putin', 'our', 'systems', 'are', 'actually', 'very', 'similar', 'comment', 'in', '32']",[],00:43:40,164256304
238,2014-08-13,Wed,21163,499683476631998464,3,Pawelmorski,"['That', 'slightly', 'melancholy', 'feeling', 'from', 'deleting', 'a', 'potentially', 'offensive', 'tweet', 'before', 'you', 'send', 'it']",[],22:26:39,164256304
239,2014-08-13,Wed,21163,499625704221577217,0,Pawelmorski,"['What', 'would', 'be', 'a', 'good', 'metric', 'to', 'judge', 'whether', 'a', 'publication', 'doesnt', 'half', 'bang', 'on', 'about', 'something', 'Asking', 'for', 'a', 'friend']",[],18:37:05,164256304
240,2014-08-13,Wed,21163,499357376483692546,0,Pawelmorski,"['Wait', 'did', 'a', 'supercool', 'new', 'FT', 'feature', 'just', 'emulate', 'Snapchat']",[],00:50:50,164256304
241,2014-08-13,Wed,21163,499354220584529920,0,Pawelmorski,['321'],[],00:38:18,164256304
242,2014-08-13,Wed,21163,499353539337289729,1,Pawelmorski,"['Lauren', 'Bacall', 'was', 'not', 'in', 'Casablanca', 'Just', 'Saying']",[],00:35:35,164256304
243,2014-08-13,Wed,21163,499352387610750977,4,Pawelmorski,"['Years', 'of', 'anti-smoking', 'education', 'vaporised', 'in', 'an', 'evening']",[],00:31:01,164256304
244,2014-08-13,Wed,21163,499346495045640192,3,Pawelmorski,"['My', 'Timeline', 'Right', 'Now', 'Lauren', 'Bacall', 'Making', 'Smoking', 'Look', 'Like', 'The', 'Sexiest', 'Thing', 'Ever']",[],00:07:36,164256304
245,2014-08-12,Tue,21163,499341540150763522,3,Pawelmorski,"['Ah', 'shag', 'it']",[],23:47:55,164256304
246,2014-08-12,Tue,21163,499310250940710914,1,Pawelmorski,"['Any', 'Bulgarian', 'followers', 'online', 'RT', '@jkbloodtreasure', '@Pawelmorski', 'Bulgaria', 'seems', 'to', 'be', 'in', 'throes', 'of', 'total', 'institutional', 'breakdown', 'see', 'gt']",[],21:43:35,164256304
247,2014-08-12,Tue,21163,499183810635128833,3,Pawelmorski,"['If', 'these', 'ISIS', 'leaflets', 'are', 'everywhere', 'in', 'London', 'how', 'come', 'theres', 'only', 'one', 'photo']",[],13:21:09,164256304
248,2014-08-12,Tue,21163,499182978388754433,2,Pawelmorski,"['Uh-oh', 'RT', '@isfink', 'Turkish', 'banks', 'need', 'reform', 'says', 'Bulut', 'having', 'been', 'abandoned', 'to', 'the', 'control', 'of', 'foreigners', '[', ']']",[],13:17:51,164256304
249,2014-08-12,Tue,21163,499180494530314241,4,Pawelmorski,"['TT', '@pw1944', 'Churchill', 'to', 'Stalin', 'Warsaw', 'is', 'fighting', 'begging', 'only', 'for', 'arms', 'and', 'ammunition', 'Cant', 'you', 'help', 'Our', 'airdrops', 'from', 'Italy', 'difficult']",[],13:07:58,164256304
250,2014-08-12,Tue,21163,499172004080406529,1,Pawelmorski,"['Buys', 'RT', '@nicholasdunbar', 'A', 'bank', 'that', 'metastasised', 'like', 'cancer', 'my', 'review', 'of', '@IanFrasers', 'Shredded']",[],12:34:14,164256304
251,2014-08-12,Tue,21163,499146979361177600,3,Pawelmorski,"['they', 'got', '@econhedges', 'name', 'wrong', 'RT', '@sahloul81', 'They', 'said', 'it', 'couldnt', 'be', 'done', 'cats', 'that', 'look', 'like', 'central', 'bankers']",[],10:54:48,164256304
252,2014-08-12,Tue,21163,498990512058433536,0,Pawelmorski,['sorrynotsorry'],[],00:33:03,164256304
253,2014-08-12,Tue,21163,498988598168129536,1,Pawelmorski,"['Ah', 'goodnight', 'And', 'if', 'you', 'dread', 'the', 'night', 'maybe', 'tomorrow', 'you', 'can', 'find', 'time', 'to', 'call', 'for', 'help']",[],00:25:27,164256304
254,2014-08-12,Tue,21163,498986488244469760,7,Pawelmorski,"['You', 'wouldnt', 'flatter', 'yourself', 'that', 'you', 'could', 'cure', 'a', 'friends', 'cancer', 'justsayin']",[],00:17:04,164256304
255,2014-08-12,Tue,21163,498984165623488513,2,Pawelmorski,"['What', 'he', 'said']",[],00:07:50,164256304
256,2014-08-11,Mon,21163,498981919343013888,12,Pawelmorski,"['Depression', 'is', 'a', 'disease', 'Treatment', 'Not', 'just', 'love', 'and', 'kind', 'words', 'Actual', 'treatment']",[],23:58:54,164256304
257,2014-08-11,Mon,21163,498975312764751873,2,Pawelmorski,"['Sry', 'that', 'last', 'thing', 'annoyed', 'me', 'You', 'wouldnt', 'hug', 'someone', 'with', 'cancer', 'and', 'expect', 'them', 'to', 'get', 'better', 'meds', 'and', 'therapy', '[', 'sermon', ']']",[],23:32:39,164256304
258,2014-08-11,Mon,21163,498974446938767360,6,Pawelmorski,"['No', 'help', 'them', 'get', 'actual', 'help', 'RT', '@willblaze', 'Depression', 'is', 'REAL', 'Tell', 'someone', 'you', 'love', 'them', 'today']",[],23:29:13,164256304
259,2014-08-11,Mon,21163,498969211520438273,4,Pawelmorski,"['RT', '@ComfortablySmug', 'Always', 'remember', 'its', 'never', 'too', 'late', 'to', 'turn', 'it', 'all', 'around', 'and', 'there', 'are', 'people', 'who', 'love', 'you']",[],23:08:25,164256304
260,2014-08-11,Mon,21163,498968243865149440,2,Pawelmorski,"['Really', 'stick', 'your', 'hilarious', 'suicide', 'jokes']",[],23:04:34,164256304
261,2014-08-11,Mon,21163,498966448761753602,2,Pawelmorski,"['What', 'he', 'said', 'RT', '@SconsetCapital', 'Hoping', 'this', 'Robin', 'Williams', 'news', 'is', 'a', 'hoax']",[],22:57:26,164256304
262,2014-08-10,Sun,21163,498521424211214337,2,Pawelmorski,"['my', 'football', 'team', 'has', 'just', 'beaten', 'the', 'Champions', '3-0', 'But', 'Id', 'bet', 'you', 'my', 'car', 'that', 'Arsenal', 'wont', 'win', 'the', 'league']",[],17:29:04,164256304
263,2014-08-10,Sun,21163,498494106377924608,3,Pawelmorski,"['afc', 'going', 'to', 'get', 'our', 'hopes', 'up', 'before', 'crushing', 'them', 'I', 'see']",[],15:40:31,164256304
264,2014-08-09,Sat,21163,498208155483242496,1,Pawelmorski,"['Tray', 'table', 'to', 'upright', 'Have', 'fun', 'all']",[],20:44:15,164256304
265,2014-08-09,Sat,21163,498180253551194112,2,Pawelmorski,"['Francophones', 'francophoning']",[],18:53:22,164256304
266,2014-08-09,Sat,21163,498175062617632768,10,Pawelmorski,"['Even', 'worse', 'than', 'youd', 'think', 'RT', '@JessicaValenti', 'What', 'happens', 'when', 'female', 'writer', 'asks', 'a', 'question', 'about', 'womens', 'health']",[],18:32:45,164256304
267,2014-08-09,Sat,21163,498099630560002048,0,Pawelmorski,"['Pomo\xc5\xbcecie', 'RT', '@Shaun1111', '@Pawelmorski', 'But', 'relatedly', 'have', 'any', 'recs', 'for', 'polish', 'language', 'booksmovies', 'on', 'the', 'polish', 'narrative', 'of', 'wwII']",[],13:33:00,164256304
268,2014-08-09,Sat,21163,498078632909492225,1,Pawelmorski,"['Thanks', 'for', 'all', 'the', 'recommendations', 'Been', 'great', 'in', 'the', 'past', 'sure', 'this', 'time', 'too']",[],12:09:34,164256304
269,2014-08-09,Sat,21163,498077786310193153,0,Pawelmorski,"['@AlenMattich', 'thanks', 'Stoner', 'on', 'kindle', 'thanks', 'to', 'you', 'I', 'suspect']",[],12:06:12,164256304
270,2014-08-09,Sat,21163,498063133777612800,0,Pawelmorski,"['Travelling', 'next', 'week', 'need', 'bookTVfilm', 'recs', 'please', 'Twitter', 'been', 'a', 'goldmine', 'in', 'the', 'past', 'Thanks']",[],11:07:59,164256304
271,2014-08-09,Sat,21163,498060065480667136,0,Pawelmorski,"['Not', 'my', 'usual', 'area', 'but', 'this', 'on', 'govts', 'and', 'domestic', 'violence', 'well', 'worth', 'a', 'read', 'RT', '@drlangtrygirl', 'ici']",[],10:55:47,164256304
272,2014-08-09,Sat,21163,498058169567158273,0,Pawelmorski,['Profanacja'],[],10:48:15,164256304
273,2014-08-09,Sat,21163,498056327558868993,47,Pawelmorski,"['If', 'youre', 'travelling', 'to', 'Central', 'London', 'today', 'protests', 'against', 'ISIS', 'human', 'rights', 'abuses', 'are', 'likely', 'to', 'cause', 'no', 'traffic', 'disruption', 'whatsoever']",[],10:40:56,164256304
274,2014-08-08,Fri,21163,497816073014882304,0,Pawelmorski,"['Double', 'huh', 'RT', '@Financeguy', '@Pawelmorski', '@TJLayton', '@KoolerAid', '@aimoneale', 'not', 'just', 'british']",[],18:46:15,164256304
275,2014-08-08,Fri,21163,497740260978466816,0,Pawelmorski,"['And', 'an', 'Italian', 'RT', '@MarcoInBxl', 'FF', 'Great', 'Greeks', '@EfiEfthimiou', 'amp', '@NickMalkoutzis', 'thinkingofyouguys']",[],13:45:00,164256304
276,2014-08-08,Fri,21163,497726012583841792,0,Pawelmorski,"['You', 'cant', 'favourite', 'a', 'DM', 'right']",[],12:48:23,164256304
277,2014-08-08,Fri,21163,497722308103249920,0,Pawelmorski,"['love', 'story', 'for', 'the', 'ages', 'RT', '@BrendaKellyIG', '@Pawelmorski', 'haha', 'I', 'think', 'he', 'knew', 'that', 'I', 'couldnt', 'say', 'no', 'with', 'a', 'pint', 'in', 'hand']",[],12:33:40,164256304
278,2014-08-08,Fri,21163,497710888062038016,6,Pawelmorski,"['Can', 'anyone', 'see', 'the', 'problem', 'here', 'RT', '@lemasabachthani', 'UKRAINE', 'OPEN', 'TO', 'GAS', 'TRANSIT', 'BAN', 'AS', 'PART', 'OF', 'SANCTIONS', 'PREMIER']",[],11:48:17,164256304
279,2014-08-08,Fri,21163,497637109147389953,12,Pawelmorski,"['Ouch', 'RT', '@emilymcmc', 'No', 'Google', 'no', 'I', 'didnt']",[],06:55:07,164256304
280,2014-08-08,Fri,21163,497633714504228864,0,Pawelmorski,"['ff', '@Lewica24', 'i', 'jak', 'ja', 'nie', 'bardzo', 'polska', '@mayasenussi']",[],06:41:37,164256304
281,2014-08-08,Fri,21163,497633113452085249,2,Pawelmorski,"['ff', 'Polespeople', 'been', 'great', 'this', 'week', '@Exen', '@AgaSzypielewicz', '@szaulo', '@rafalhirsch', '@hytrekprosiecka', '@RadoslawBodys', '@SekretarzXXL', '@RandomJog']",[],06:39:14,164256304
282,2014-08-07,Thu,21163,497481670292152320,4,Pawelmorski,"['Millennials', 'Whatevs']",[],20:37:27,164256304
283,2014-08-07,Thu,21163,497481575404437506,1,Pawelmorski,"['You', 'kids', 'probably', 'dont', 'know', 'this', 'but', 'theres', 'a', 'parallel', 'Old', 'Twitter', 'mostly', 'about', 'how', 'weird', 'Millenials', 'are']",[],20:37:05,164256304
284,2014-08-07,Thu,21163,497480269507858433,6,Pawelmorski,"['I', 'lt3', 'Turkey', 'MT', '@erikholmwsj', 'This', 'was', 'a', 'perfectly', 'normal', 'story', 'on', 'a', 'bank', 'until', 'the', 'telekinetic', 'assassination', 'plot']",[],20:31:53,164256304
285,2014-08-07,Thu,21163,497324509608034304,20,Pawelmorski,"['So', 'thats', 'Russian', 'households', 'average', '19', 'poorer', 'USEU', 'sanctions', 'couldnt', 'manage', 'that']",[],10:12:57,164256304
286,2014-08-07,Thu,21163,497324223648759808,21,Pawelmorski,"['Citi', 'Back', 'of', 'the', 'envelope', 'calculation', 'Russian', 'food', 'import', 'sanctions', 'to', 'add', '19', 'to', 'Russia', 'CPI']",[],10:11:49,164256304
287,2014-08-07,Thu,21163,497321579806998528,48,Pawelmorski,"['Russian', 'corporate', 'bonds', 'yield', '72', 'on', 'average', 'EM', 'overall', '524', 'Widest', 'spread', 'yet']",[],10:01:19,164256304
288,2014-08-07,Thu,21163,497313785884213248,1,Pawelmorski,['Erdogansplaining'],[],09:30:20,164256304
289,2014-08-07,Thu,21163,497291906779734016,1,Pawelmorski,"['TT', '@AgaSzypielewicz', 'Putin', 'imposes', 'sanctions', 'on', 'Russia', 'food', 'import', 'bans']",[],08:03:24,164256304
290,2014-08-06,Wed,21163,497135710466748416,0,Pawelmorski,"['Dont', 'even', 'particularly', 'like', 'Legia', 'Normally']",[],21:42:44,164256304
291,2014-08-06,Wed,21163,497084548006813696,1,Pawelmorski,"['Last', 'RT', 'Best', 'career', 'advice', 'ever']",[],18:19:26,164256304
292,2014-08-06,Wed,21163,497019299450880000,0,Pawelmorski,"['jedzjab\xc5\x82ka', 'RT', '@FGoria', 'Russia', 'bites', 'back', 'at', 'west', 'with', 'food', 'bans']",[],14:00:09,164256304
293,2014-08-05,Tue,21163,496769404907323393,6,Pawelmorski,"['Not', 'just', 'a', 'sweary', 'foreignerMr', 'Aimone', 'can', 'write', 'RT', '@aimoneale', 'I', 'wrote', 'this', 'earlier', 'today', 'Its', 'about', 'Gaza', 'And', 'me']",[],21:27:10,164256304
294,2014-08-05,Tue,21163,496696391641882624,1,Pawelmorski,"['Latest', 'excuse', 'for', 'Ukraine', 'troops', '@katiemartinFX', 'Russian', 'travel', 'agencies', 'go', 'bustleaving', 'tourists', 'stranded', 'abroad']",[],16:37:02,164256304
295,2014-08-05,Tue,21163,496663772216713217,2,Pawelmorski,"['Now', '@pw1944', 'covering', 'attack', 'on', 'German', 'concentration', 'camp', 'in', 'Warsaw', 'and', 'liberation', 'of', 'citys', 'last', 'Jews']",[],14:27:25,164256304
296,2014-08-05,Tue,21163,496659056208388096,2,Pawelmorski,"['We', 'Will', 'Strengthen', 'The', 'Leninist', 'Character', 'of', 'Party', 'Work']",[],14:08:41,164256304
297,2014-08-05,Tue,21163,496648658222604289,0,Pawelmorski,"['Trading', 'mother-in-laws', 'opinion', 'of', 'my', 'sanity', 'for', 'a', 'trove', 'of', '80s', 'Polish', 'newspapers']",[],13:27:22,164256304
298,2014-08-05,Tue,21163,496647033382789120,1,Pawelmorski,"['The', 'Polish', 'Nation', 'honours', '67th', 'Anniversary', 'of', 'the', 'Soviet', 'Army']",[],13:20:54,164256304
299,2014-08-05,Tue,21163,496646420313944064,1,Pawelmorski,"['Workers', 'of', 'the', 'World', 'Unite', 'communist-era', 'newspaper', 'unanimity', 'and', 'plans']",[],13:18:28,164256304
300,2014-08-05,Tue,21163,496637219235700736,0,Pawelmorski,"['Anyone', 'know', 'if', 'theres', 'a', 'market', 'for', 'Soviet-era', 'welding', 'gear', 'Asking', 'for', 'a', 'friend']",[],12:41:54,164256304
301,2014-08-05,Tue,21163,496634096597368833,3,Pawelmorski,"['Helping', 'dispose', 'of', 'late', 'Father-in-laws', 'collection', 'of', 'unmarked', 'but', 'poisonous', 'and', 'flammable', 'chemicals']",[],12:29:30,164256304
302,2014-08-04,Mon,21163,496372627527962624,3,Pawelmorski,"['TT', '@pw1944', '4pm', 'A', 'snipers', 'bullet', 'kills', 'a', 'lieutenant', 'of', 'Parasol', 'battalion', 'the', 'poet', 'Krzysztof', 'Kamil', 'Baczy\xc5\x84ski']",[],19:10:31,164256304
303,2014-08-04,Mon,21163,496370803249012736,0,Pawelmorski,"['Wish', 'I', 'was', 'in', 'UK', 'to', 'provide', 'running', 'translation', 'of', '@pw1944', 'Well', 'worth', 'a', 'run', 'through', 'Google', 'Translate']",[],19:03:16,164256304
304,2014-08-04,Mon,21163,496222055814397952,0,Pawelmorski,"['Delayed', 'flight', 'crying', 'baby', 'badmartialartsfilms']",[],09:12:12,164256304
305,2014-08-03,Sun,21163,495859277295550465,0,Pawelmorski,"['Travelling', 'in', 'Summer', 'Yay']",[],09:10:38,164256304
306,2014-08-02,Sat,21163,495681512810225664,0,Pawelmorski,"['Last', 'RT', 'how', 'Legia', 'celebrated', 'Uprising', 'commemoration']",[],21:24:16,164256304
307,2014-08-02,Sat,21163,495649203834875905,0,Pawelmorski,"['Anyone', 'else', 'having', 'trouble', 'with', 'DMs']",[],19:15:53,164256304
