0,2014-09-28,Sun,179053,516374920167956480,5,PIMCO,"['PIMCO', 'Cyclical', 'Outlook', 'for', 'Asia', 'by', 'Scott', 'Mather', 'Tomoya', 'Masanao', 'and', 'Adam', 'Bowe', 'is', 'now', 'available', 'READ']",[],23:52:29,27707080
1,2014-09-25,Thu,179053,515160671001255936,3,PIMCO,"['New', 'PIMCO', 'insight', 'Europe', 's', 'Commercial', 'Real', 'Estate', 'Deleveraging', 'Not', 'Too', 'Fast', 'Not', 'Too', 'Slow', 'Read', 'more']",[],15:27:29,27707080
2,2014-09-23,Tue,179053,514521035195318273,7,PIMCO,"['Read', 'Trend-Following', 'Through', 'the', 'Rates', 'Cycle']",[],21:05:48,27707080
3,2014-09-23,Tue,179053,514396179678113792,13,PIMCO,"['New', 'European', 'outlook', 'by', 'Andrew', 'Balls', 'Is', 'Whatever', 'It', 'Takes', 'still', 'enough', 'for', 'Europe', 's', 'fragile', 'recovery', 'Read', 'more']",[],12:49:40,27707080
4,2014-09-22,Mon,179053,514098929974386689,4,PIMCO,"['PIMCO', 's', 'Spajic', 'and', 'Emons', 'see', 'opportunities', 'in', 'the', 'rapidly', 'growing', 'market', 'for', 'Green', 'Bonds']",[],17:08:31,27707080
5,2014-09-17,Wed,179053,512315649180594177,0,PIMCO,"['Watch', 'Paul', 'McCulley', 'on', '@BloombergTV', 'today', 'at', '1230PM', 'PT', '330PM', 'ET']",[],19:02:23,27707080
6,2014-09-17,Wed,179053,512249389143044096,15,PIMCO,"['World', 'economy', 'will', 'maintain', 'steady', 'growth', 'in', 'the', 'year', 'ahead', 'even', 'as', 'cross-currents', 'rise', 'Parikh', 'on', 'PIMCO', 's', 'outlook']",[],14:39:06,27707080
7,2014-09-17,Wed,179053,512187331600994304,1,PIMCO,"['Watch', 'Rich', 'Clarida', 'guest', 'host', '@BloombergTV', 'Bloomberg', 'Surveillance', 'today', 'at', '4AM', 'PT', '7AM', 'ET']",[],10:32:30,27707080
8,2014-09-16,Tue,179053,511892759729680385,9,PIMCO,"['The', 'US', 'wireless', 'tower', 'industry', 'has', 'few', 'competitors', 'and', 'secular', 'growth', 'Mark', 'Kiesel', 'highlights', 'key', 'sectors']",[],15:01:59,27707080
9,2014-09-15,Mon,179053,511605878924263424,4,PIMCO,"['Midstream', 'energy', 'has', 'high', 'barriers', 'to', 'entry', 'and', 'benefits', 'from', 'shale', 'production', 'growth', 'Read', 'about', 'key', 'sectors']",[],20:02:01,27707080
10,2014-09-15,Mon,179053,511575362938351617,1,PIMCO,"['Watch', 'Mark', 'Kiesel', 'on', '@CNBC', 'today', 'at', '1130AM', 'PT', '230PM', 'ET']",[],18:00:45,27707080
11,2014-09-15,Mon,179053,511488427641278464,4,PIMCO,"['Kiesel', 'Deputy', 'CIO', 'Barriers', 'to', 'entry', 'are', 'increasingly', 'important', 'for', 'potential', 'outperformance', 'for', 'investors', 'Read']",[],12:15:18,27707080
12,2014-09-11,Thu,179053,510141389347491840,2,PIMCO,"['Watch', 'Paul', 'McCulley', 'on', '@CNBC', 'today', 'at', '1230PM', 'PT', '330PM', 'ET']",[],19:02:39,27707080
13,2014-09-05,Fri,179053,507891895595724802,7,PIMCO,"['Kiesel', 'Dep', 'CIO', 'With', 'modest', 'wage', 'growth', 'Fed', 'tightening', 'should', 'be', 'slow', 'QE', 'likely', 'coming', 'in', 'Europe', 'Stay', 'long', 'credit', 'amp', 'peripheral', 'risk']",[],14:03:58,27707080
14,2014-09-05,Fri,179053,507866207698309120,2,PIMCO,"['Nicola', 'Mai', 'Will', 'Russia', 'Derail', 'the', 'Eurozone', 'Recovery', 'Read', 'more']",[],12:21:54,27707080
15,2014-09-05,Fri,179053,507860881062244352,1,PIMCO,"['Listen', 'to', 'Paul', 'McCulley', 'on', '@BloombergRadio', 'today', 'at', '530AM', 'PT', '830AM', 'ET', '@tomkeene']",[],12:00:44,27707080
16,2014-09-04,Thu,179053,507620832764362752,13,PIMCO,"['Bosomworth', 'Draghi', 's', 'compromise', 'helps', 'but', 'won', 't', 'move', 'macro', 'needle', 'far', 'QE', 'likely', 'in', '2015', 'if', 'ECB', 'balance', 'sheet', 'to', 'reach', '3', 'tln', 'euros']",[],20:06:52,27707080
17,2014-09-03,Wed,179053,507244276158590977,0,PIMCO,"['Watch', 'Rich', 'Clarida', 'on', '@BloombergTV', 'today', 'at', '1240PM', 'PT', '340PM', 'ET']",[],19:10:34,27707080
18,2014-08-28,Thu,179053,504987303107112960,9,PIMCO,"['Mather', 'Dep', 'CIO', 'Investors', 'chant', 'D\xc3\xa1-lhe', '\xc3\xb4', 'soccer', 'cheer', 'as', 'Presidential', 'race', 'heats', 'up', 'amp', 'optimism', 'for', 'reform', 'grows', 'Overweight', 'Brazil']",[],13:42:09,27707080
19,2014-08-27,Wed,179053,504662555202428928,9,PIMCO,"['Kiesel', 'Dep', 'CIO', 'Favor', 'BBBBBs', 'given', 'an', 'improving', 'private', 'sector', 'amp', 'accommodative', 'central', 'banks', 'lowers', 'default', 'amp', 'recession', 'risk']",[],16:11:44,27707080
20,2014-08-27,Wed,179053,504621101109223424,10,PIMCO,"['Mather', 'Dep', 'CIO', 'Peso', 'for', 'our', 'thoughts', 'Mexico', 'upgrade', 'rate', 'cuts', 'amp', 'energy', 'reforms', 'back', 'outlook', 'for', 'capital', 'flows', 'and', 'growth', 'Overweight']",[],13:27:00,27707080
21,2014-08-27,Wed,179053,504595546045435904,2,PIMCO,"['Watch', 'Mark', 'Kiesel', 'on', '@SquawkCNBC', 'today', 'at', '515AM', 'PT', '815AM', 'ET', '@JoeSquawk']",[],11:45:27,27707080
22,2014-08-25,Mon,179053,503985261727199233,1,PIMCO,"['Watch', 'Mark', 'Kiesel', 'on', '@BloombergTV', 'today', 'at', '1250PM', 'PT', '350PM', 'ET']",[],19:20:24,27707080
23,2014-08-21,Thu,179053,502504380034453504,10,PIMCO,"['Crescenzi', 'Fed', 'minutes', 'not', 'a', 'game', 'changer', 'but', 'a', 'reminder', 'to', 'markets', 'to', 'not', 'move', 'too', 'far', 'from', 'the', 'dots', 'the', 'Feds', 'own', 'rate', 'views']",[],17:15:54,27707080
24,2014-08-19,Tue,179053,501776946590912513,9,PIMCO,"['With', 'wagesinflation', 'contained', 'PIMCO', 's', 'New', 'Neutral', 'of', '2', 'FF', 'in', '2017', 'looks', 'right']",[],17:05:21,27707080
25,2014-08-19,Tue,179053,501692669383688193,4,PIMCO,"['Listen', 'to', 'Rich', 'Clarida', 'on', '@BloombergRadio', 'today', 'at', '500AM', 'PT', '800AM', 'ET', '@tomkeene']",[],11:30:28,27707080
26,2014-08-18,Mon,179053,501487204829790208,7,PIMCO,"['ArifJessop', 'Recent', 'isolated', 'selloff', 'in', 'hi-yield', 'makes', 'hi-quality', 'BB-rated', 'look', 'relatively', 'attractive', 'within', 'credit']",[],21:54:01,27707080
27,2014-08-18,Mon,179053,501407261399728128,12,PIMCO,"['Crescenzi', 'Two', 'camps', 'will', 'debate', 'the', 'labor', 'slack', 'issue', 'in', 'Jackson', 'Hole', 'but', 'the', 'final', 'arbiter', 'is', 'wages', 'Don', 't', 'get', 'too', 'caught', 'up', 'in', 'headlines']",[],16:36:21,27707080
28,2014-08-18,Mon,179053,501381340923961344,6,PIMCO,"['Watch', 'Andrew', 'Balls', 'on', '@cnbc', 'discussing', 'BoE', 'interest', 'rate', 'hike', 'timing', 'outlook', 'for', 'Gilts', 'and', 'eurozone', 'QE']",[],14:53:21,27707080
29,2014-08-18,Mon,179053,501338074279075840,3,PIMCO,"['Listen', 'to', 'Paul', 'McCulley', 'on', '@BloombergRadio', 'today', 'at', '530AM', 'PT', '830AM', 'ET', '@tomkeene']",[],12:01:25,27707080
30,2014-08-15,Fri,179053,500346252132106240,8,PIMCO,"['Crescenzi', 'U', 'of', 'MI', 'sentiment', 'index', '@', '14', 'low', 'Yellen', 'in', 'July', 'said', 'consumers', 'income', 'hopes', 'are', 'depressed', 'Bodes', 'patience', 'limited', 'rate', 'hikes']",[],18:20:17,27707080
31,2014-08-15,Fri,179053,500326655320420352,4,PIMCO,"['Listen', 'to', 'Paul', 'McCulley', 'on', '@SiriusXM', 'Business', 'Radio', 'today', 'at', '1030AM', 'PT', '130PM', 'ET', '@BizRadio111', '@Wharton']",[],17:02:24,27707080
32,2014-08-13,Wed,179053,499359739223240704,7,PIMCO,"['Crescenzi', 'JOLTS', 'data', 'show', 'more', 'job', 'openings', 'but', 'at', 'what', 'pay', 'The', 'Fed', 'won', 't', 'be', 'jolted', 'until', 'slack', 'diminishes', 'amp', 'wages', 'rise']",[],01:00:14,27707080
33,2014-08-12,Tue,179053,499312919403069440,11,PIMCO,"['Crescenzi', 'Fed', 's', 'Mrs', 'Sandman', 'aims', 'to', 'keep', 'investors', 'calm', 'but', 'it', 's', 'no', 'easy', 'task', 'LPLFocus']",[],21:54:11,27707080
34,2014-08-12,Tue,179053,499171116678909954,3,PIMCO,"['Listen', 'to', 'Mihir', 'Worah', 'on', '@BloombergRadio', 'today', 'at', '600AM', 'PT', '900AM', 'ET', '@tomkeene']",[],12:30:43,27707080
35,2014-08-10,Sun,179053,498559509158461442,12,PIMCO,"['Crescenzi', 'When', 'will', 'doves', 'cry', 'Fed', 'hawks', 'get', 'attention', 'but', 'core', 'leaders', 'are', 'Yellen', 'Fischer', 'Dudley', 'Latter', '2', 'speak', 'this', 'week', 'Listen', 'up']",[],20:00:24,27707080
36,2014-08-08,Fri,179053,497798084173504512,1,PIMCO,"['Daniel', 'Hyman', 'and', 'Jason', 'Mandinach', 'see', 'opportunities', 'in', 'MBS', 'Read', 'about', 'it', 'in', 'Institutional', 'Investor']",[],17:34:46,27707080
37,2014-08-07,Thu,179053,497474822101008384,2,PIMCO,"['Watch', 'Paul', 'McCulley', 'on', '@CNBC', 'today', 'at', '140PM', 'PT', '440PM', 'ET']",[],20:10:14,27707080
38,2014-08-06,Wed,179053,497160983451041792,4,PIMCO,"['Mead', 'on', 'Downunder', 'What', 'are', 'the', 'implications', 'of', 'The', 'New', 'Neutral', 'for', 'Australian', 'investors', 'Watch', 'video']",[],23:23:09,27707080
39,2014-08-05,Tue,179053,496703517911154688,1,PIMCO,"['Watch', 'Mark', 'Kiesel', 'on', '@CNBC', 'today', 'at', '1035AM', 'PT', '135PM', 'ET']",[],17:05:21,27707080
40,2014-08-05,Tue,179053,496697493942726656,17,PIMCO,"['Crescenzi', 'chart', 'ISM', 'service', 'index', 'best', 'since', '05', 'Service', 'jobs', '85', 'of', 'US', 'jobs', 'Will', 'it', 'lift', 'wages', 'Key', 'to', 'Fed', 'amp', 'mkts']",[],16:41:25,27707080
41,2014-08-01,Fri,179053,495276568126980099,1,PIMCO,"['Watch', 'Tony', 'Crescenzi', 'today', 'on', 'Bloomberg', 'TV', 'at', '1205PM', 'PT', '305PM', 'ET']",[],18:35:10,27707080
42,2014-08-01,Fri,179053,495230147386413056,2,PIMCO,"['Listen', 'to', 'Mark', 'Kiesel', 'on', '@BloombergRadio', 'today', 'at', '900AM', 'PT', '1200AM', 'ET']",[],15:30:42,27707080
43,2014-08-01,Fri,179053,495192942651641856,4,PIMCO,"['Watch', 'Mark', 'Kiesel', 'on', '@BloombergTV', 'today', 'at', '630AM', 'PT', '930PM', 'ET']",[],13:02:52,27707080
44,2014-07-31,Thu,179053,494897812698824704,8,PIMCO,"['A', 'new', 'Macro', 'Perspectives', 'by', 'Paul', 'A', 'McCulley', 'Principled', 'Populism', 'is', 'now', 'available']",[],17:30:07,27707080
45,2014-07-31,Thu,179053,494889876526211072,5,PIMCO,"['Mather', 'DepCIO', 'The', 'Greenback', 'is', 'back', 'Relative', 'growth', 'amp', 'policy', 'differentials', 'provide', 'support', 'geopolitical', 'risks', 'also', 'favor', 'dollar', 'strength']",[],16:58:35,27707080
46,2014-07-28,Mon,179053,493674494406701056,3,PIMCO,"['Andrew', 'Bosomworth', 'offers', 'perspectives', 'on', 'strengthening', 'the', 'euro', 's', 'governance', 'structure']",[],08:29:06,27707080
47,2014-07-25,Fri,179053,492736175950417920,2,PIMCO,"['Watch', 'Mark', 'Kiesel', 'on', '@BloombergTV', 'today', 'at', '1250PM', 'PT', '350PM', 'ET', '@tomkeene']",[],18:20:33,27707080
48,2014-07-25,Fri,179053,492686959442407425,4,PIMCO,"['Kiesel', 'Deputy', 'CIO', 'We', 'see', 'continued', 'opportunities', 'in', 'Macau', 'Chinese', 'visitation', 'up', '9', 'yy', 'as', 'improving', 'infrastructure', 'drives', 'secular', 'growth']",[],15:04:59,27707080
49,2014-07-25,Fri,179053,492677020137295872,6,PIMCO,"['Jerome', 'Schneider', 'offers', 'ideas', 'for', 'investors', 'who', 'are', 'rethinking', 'liquidity', 'management', 'amid', 'money', 'market', 'reform']",[],14:25:29,27707080
50,2014-07-23,Wed,179053,491988658128695296,9,PIMCO,"['SchneiderSEC', 'money', 'market', 'reform', 'is', 'inflection', 'point', 'for', 'institutional', 'investors', 'They', 'may', 'need', 'to', 'be', 'more', 'careful', 'on', 'liquidity', 'management']",[],16:50:11,27707080
51,2014-07-23,Wed,179053,491951689143189504,2,PIMCO,"['Kiesel', 'Deputy', 'CIO', 'US', 'airlines', 'continue', 'to', 'climb', 'as', 'Delta', 'reports', 'load', 'factor', 'rises', '15', 'to', '863', 'with', '2Q', 'unit', 'revenue', 'up', '57']",[],14:23:17,27707080
52,2014-07-22,Tue,179053,491619315289165824,3,PIMCO,"['Michael', 'Connor', 'and', 'Markus', 'Aakko', 'discuss', 'the', 'practical', 'implementation', 'of', 'tail', 'risk', 'hedging', 'Is', 'timing', 'everything']",[],16:22:33,27707080
53,2014-07-18,Fri,179053,490202080494485505,0,PIMCO,"['Watch', 'Rich', 'Clarida', 'on', '@BloombergTV', 'Street', 'Smart', 'today', 'at', '12PM', 'PT', '3PM', 'ET', '@trishregan']",[],18:30:58,27707080
54,2014-07-16,Wed,179053,489450661705449472,7,PIMCO,"['David', 'Braun', 'The', 'New', 'Neutral', 'Investment', 'Implications', 'for', 'Insurance', 'Companies', 'Six', 'things', 'to', 'consider', 'Read', 'more']",[],16:45:05,27707080
55,2014-07-15,Tue,179053,488994059420463104,1,PIMCO,"['Watch', 'Paul', 'McCulley', 'on', '@SquawkCNBC', 'today', 'at', '400AM', 'PT', '700AM', 'ET', '@JoeSquawk']",[],10:30:43,27707080
56,2014-07-14,Mon,179053,488699897072189440,7,PIMCO,"['PIMCO', 'AUM', 'increases', 'to', '$197', 'trillion', 'in', '2Q', 'from', '$194', 'trillion', 'in', 'previous', 'quarter']",[],15:01:49,27707080
57,2014-07-12,Sat,179053,487990178674671616,16,PIMCO,"['Crescenzi', 'Why', 'have', 'bonds', 'rallied', 'this', 'year', 'High', 'pessimism', 'on', 'yields', 'starting', '2014', 'is', 'one', 'reason', 'Many', 'are', 'still', 'positioned', 'short']",[],16:01:39,27707080
58,2014-07-11,Fri,179053,487708354949939200,11,PIMCO,"['PIMCO', 'AUM', 'increases', 'to', '$197', 'trillion', 'in', '2Q', 'from', '$194', 'trillion', 'in', 'previous', 'quarter']",[],21:21:47,27707080
59,2014-07-09,Wed,179053,486878312216952832,6,PIMCO,"['Worah', 'Consider', 'longer-maturity', 'TIPS', 'as', 'core', 'fixed', 'income', 'holding', 'given', 'mkt', 'complacent', 'about', 'long-term', 'inflation', 'risk']",[],14:23:30,27707080
60,2014-07-08,Tue,179053,486584770835779585,7,PIMCO,"['Crescenzi', 'JOLTS', 'data', 'on', 'job', 'openings', 'strong', 'but', 'bonds', 'rally', 'as', 'the', 'bond', 'market', 'remains', 'focused', 'on', 'slow', 'wage', 'growth']",[],18:57:04,27707080
61,2014-07-06,Sun,179053,485921463351136256,1,PIMCO,"['Watch', 'Paul', 'McCulley', 'on', '@CNBC', '@OnTheMoney', 'today', 'at', '430PM', 'PT', '730PM', 'ET']",[],23:01:19,27707080
62,2014-07-03,Thu,179053,484720907559378944,1,PIMCO,"['Watch', 'Tony', 'Crescenzi', 'on', '@BloombergTV', 'today', 'at', '900AM', 'PT', '1200PM', 'ET', '@tomkeene']",[],15:30:44,27707080
63,2014-07-02,Wed,179053,484411270444359681,3,PIMCO,"['DEANE', 'PIMCO', 'Muni', 'Funds', 'Focus', 'on', 'High', 'Quality', 'Credits', 'with', 'Sustainable', 'Debt', 'Dynamics', 'what', 'does', 'your', 'muni', 'fund', 'own']",[],19:00:21,27707080
64,2014-07-02,Wed,179053,484403823889231872,11,PIMCO,"['Moore', 'and', 'Rodosky', 'Market', 'explanations', 'of', 'long', 'bond', 'trends', 'should', 'be', 'considered', 'with', 'a', 'grain', 'of', 'salt', 'Read', 'more', 'here']",[],18:30:46,27707080
65,2014-06-30,Mon,179053,483558139816865792,0,PIMCO,"['Watch', 'Tony', 'Crescenzi', 'on', '@BloombergTV', 'today', 'at', '400AM', 'PT', '700AM', 'ET']",[],10:30:19,27707080
66,2014-06-27,Fri,179053,482433430802931712,3,PIMCO,"['Pothalingam', 'At', 'current', 'spreads', 'vs', 'swaps', 'sterling', 'IG', 'credit', 'offers', 'attractive', 'value', 'vs', 'other', 'key', 'developed', 'markets']",[],08:01:07,27707080
67,2014-06-26,Thu,179053,482252301563097088,3,PIMCO,"['Watch', 'Paul', 'McCulley', 'on', '@CNBC', 'today', 'at', '130PM', 'PT', '430', 'ET']",[],20:01:23,27707080
68,2014-06-26,Thu,179053,482205299957563392,1,PIMCO,"['Mather', 'Deputy', 'CIO', 'Bank', 'of', 'England', 'rate', 'hikes', 'on', 'the', 'horizon', 'what', 's', 'your', 'Gilty', 'pleasure', 'One', 'option', 'underweight', 'Gilts', 'overweight', 'GBP']",[],16:54:37,27707080
69,2014-06-25,Wed,179053,481816536672657410,5,PIMCO,"['Worah', 'Dep', 'CIO', 'Commerce', 'Dept', 'cracks', 'opens', 'door', 'for', 'condensate', 'exports', 'Should', 'reconnect', 'US', 'crude', 'prices', 'to', 'world', 'Positive', 'for', 'US', 'producers']",[],15:09:48,27707080
70,2014-06-24,Tue,179053,481547434854977537,4,PIMCO,"['CEO', 'Doug', 'Hodge', 'discusses', 'PIMCO', 's', 'investment', 'process', 'and', 'the', 'Total', 'Return', 'Fund']",[],21:20:29,27707080
71,2014-06-20,Fri,179053,480066433343553536,0,PIMCO,"['Watch', 'Rich', 'Clarida', 'on', '@BloombergTV', 'Street', 'Smart', 'today', 'at', '1245PM', 'PT', '345PM', 'ET', '@trishregan']",[],19:15:31,27707080
72,2014-06-20,Fri,179053,479926799980568576,1,PIMCO,"['Watch', 'Mark', 'Kiesel', 'on', '@SquawkCNBC', 'today', 'at', '330AM', 'PT', '630AM', 'ET', '@JoeSquawk']",[],10:00:40,27707080
73,2014-06-17,Tue,179053,479003900323041282,4,PIMCO,"['Watch', 'Yahoo', 'Finance', 'video', 'Paul', 'McCulley', 'Buyers', 'beware', 'rate', 'hike', 'heebies']",[],20:53:23,27707080
74,2014-06-17,Tue,179053,478965508449251328,3,PIMCO,"['Kiesel', 'Deputy', 'CIO', 'CPI', 'data', 'highlighted', 'something', 'we', 'sensed', 'in', 'our', 'bottom', 'up', 'research', 'US', 'airlines', 'have', 'pricing', 'power']",[],18:20:50,27707080
75,2014-06-16,Mon,179053,478469610287955969,1,PIMCO,"['Watch', 'Rich', 'Clarida', 'guest', 'host', 'Bloomberg', 'Surveillance', '@BloombergTV', 'today', 'at', '3AM', 'PT', '6AM', 'ET']",[],09:30:19,27707080
76,2014-06-13,Fri,179053,477530951107768321,0,PIMCO,"['Watch', 'Mark', 'Kiesel', 'on', '@BloombergTV', 'today', 'at', '1250PM', 'PT', '350PM', 'ET']",[],19:20:25,27707080
77,2014-06-13,Fri,179053,477498267219943424,10,PIMCO,"['Crescenzi', 'FOMC', 'preview', 'Unemployment', 'drop', 'amp', 'faster', 'inflation', 'sustain', 'rate', 'hike', 'timeline', 'but', 'neutral', 'policy', 'rate', 'view', 'to', 'move', 'lower', 'soon']",[],17:10:33,27707080
78,2014-06-13,Fri,179053,477481691137593344,4,PIMCO,"['Andrew', 'Balls', 'on', 'the', 'Fed', 'amp', 'ECB', 's', 'divergent', 'paths', 'why', 'rates', 'will', 'be', 'low', 'for', 'longer', 'amp', 'attractiveness', 'of', 'European', 'banks']",[],16:04:41,27707080
79,2014-06-13,Fri,179053,477473575058690049,4,PIMCO,"['Mather', 'Deputy', 'CIO', 'Brazil', 'attracting', 'more', 'than', 'soccer', 'fans', 'don', 't', 'find', 'yourself', 'offside', 'Get', 'Real', 'by', 'going', 'long', 'BRL', 'and', 'local', 'rates']",[],15:32:25,27707080
80,2014-06-12,Thu,179053,477164671339102208,10,PIMCO,"['Paul', 'McCulley', 'Chief', 'Economist', 'explains', 'the', 'evolution', 'of', 'Fed', 'policy', 'and', 'the', 'secular', 'New', 'Neutral', 'Read', 'it', 'here']",[],19:04:57,27707080
81,2014-06-12,Thu,179053,477125806784000000,1,PIMCO,"['Watch', 'Paul', 'McCulley', 'on', '@CNBC', 'today', 'at', '1000AM', 'PT', '100PM', 'ET']",[],16:30:31,27707080
82,2014-06-11,Wed,179053,476743270455074816,2,PIMCO,"['Deputy', 'CIO', 'Mark', 'Kiesel', 'discusses', 'where', 'we', 'see', 'opportunities', 'in', 'credit', 'in', 'The', 'New', 'Neutral', 'Watch', 'video']",[],15:10:27,27707080
83,2014-06-10,Tue,179053,476423339549151232,11,PIMCO,"['Mather', 'Deputy', 'CIO', 'Might', 'want', 'to', 'Modi-fy', 'your', 'view', 'on', 'India', 'New', 'PM', 'Modi', 'has', 'mandate', 'to', 'lead', 'a', 'round', 'of', 'key', 'reforms', 'Buy', 'Indian', 'rupee', 'INR']",[],17:59:10,27707080
84,2014-06-09,Mon,179053,475963186991341568,0,PIMCO,"['Watch', 'Mark', 'Kiesel', 'on', '@CNBC', 'today', 'at', '500AM', 'PT', '800AM', 'ET']",[],11:30:41,27707080
85,2014-06-06,Fri,179053,474989785921384448,1,PIMCO,"['Watch', 'Paul', 'McCulley', 'on', '@CNBC', 'today', 'at', '1230PM', 'PT', '330PM', 'ET']",[],19:02:44,27707080
86,2014-06-06,Fri,179053,474956272371261441,5,PIMCO,"['Mather', 'Deputy', 'CIO', 'Mexico', 'joins', 'PIMCO', 's', 'New', 'Neutral', 'club', 'with', 'a', '50bps', 'rate', 'cut', 'to', '3', 'negative', 'real', 'rate', 'Still', 'value', 'out', 'the', 'curve']",[],16:49:34,27707080
87,2014-06-06,Fri,179053,474901958500044800,2,PIMCO,"['Kiesel', 'DeputyCIO', 'Labor', 'mkt', 's', 'Goldilocks', 'as', 'not', 'too', 'hot', 'means', 'Fed', 'lower', 'for', 'longer', 'while', 'not', 'too', 'cold', 'bc', 'private', 'sector', 'gradually', 'healing']",[],13:13:44,27707080
88,2014-06-06,Fri,179053,474823326595309569,3,PIMCO,"['Andrew', 'Balls', 'discusses', 'growth', 'opportunities', 'amp', 'return', 'expectations', 'in', 'Europe', 's', 'New', 'Neutral', 'Watch', 'video']",[],08:01:17,27707080
89,2014-06-05,Thu,179053,474627113182846977,0,PIMCO,"['Watch', 'Mark', 'Kiesel', 'on', '@FoxBusiness', 'today', 'at', '1230PM', 'PT', '330PM', 'ET']",[],19:01:36,27707080
90,2014-06-05,Thu,179053,474549633596014592,3,PIMCO,"['Kiesel', 'Dep', 'CIO', 'Flying', 'in', 'more', 'middle', 'seats', 'now', 'We', 'continue', 'to', 'favor', 'US', 'airlines', 'bc', 'solid', 'demand', 'improving', 'profit', 'amp', 'capacity', 'discipline']",[],13:53:44,27707080
91,2014-06-04,Wed,179053,474296610554646529,9,PIMCO,"['How', 'can', 'global', 'investors', 'navigate', 'The', 'New', 'Neutral', 'Scott', 'Mather', 'explains', 'Watch', 'video']",[],21:08:18,27707080
92,2014-06-03,Tue,179053,473838855976914944,5,PIMCO,"['Deputy', 'CIO', 'Mark', 'Kiesel', 'explains', 'where', 'PIMCO', 'is', 'seeking', 'secular', 'staying', 'power', 'in', 'global', 'credit', 'markets', 'PIMCOsecular']",[],14:49:21,27707080
93,2014-06-02,Mon,179053,473544676721819648,1,PIMCO,"['Watch', 'Mark', 'Kiesel', 'on', '@BloombergTV', 'today', 'at', '1250PM', 'PT', '350PM', 'ET']",[],19:20:23,27707080
94,2014-06-02,Mon,179053,473494785832255488,14,PIMCO,"['PIMCO', 'Deputy', 'CIO', 'Mihir', 'Worah', 'on', 'multi-asset', 'investing', 'Is', 'now', 'the', 'time', 'for', 'emerging', 'market', 'equities', 'Read', 'more']",[],16:02:08,27707080
95,2014-06-02,Mon,179053,473473598834114560,5,PIMCO,"['PIMCO', 'ETFs', '5th', 'anniversary', '5', 'years', 'of', 'bringing', 'PIMCO', 's', 'expertise', 'innovation', 'and', 'largest', 'active', 'ETFs', 'to', 'investors']",[],14:37:57,27707080
96,2014-05-30,Fri,179053,472375247308861440,4,PIMCO,"['Amey', 'UK', 'house', 'prices', 'look', 'bubbly', 'but', 'we', 'think', 'not', 'Overvalued', 'asset', 'for', 'next', 'five', 'years', 'yes', 'Read', 'more']",[],13:53:29,27707080
97,2014-05-30,Fri,179053,472335387197980672,3,PIMCO,"['Watch', 'Paul', 'McCulley', 'on', '@BloombergTV', 'today', 'at', '445AM', 'PT', '745AM', 'ET']",[],11:15:06,27707080
98,2014-05-30,Fri,179053,472327845281550336,0,PIMCO,"['Watch', 'Virginie', 'Maisonneuve', 'on', '@CNBC', 'today', 'at', '430AM', 'PT', '730AM', 'ET']",[],10:45:08,27707080
99,2014-05-29,Thu,179053,472099939783553024,10,PIMCO,"['PIMCO', 'Deputy', 'CIO', 'Virginie', 'Maisonneuve', 'Sees', 'Opportunities', 'for', 'Equities', 'in', 'the', 'New', 'Neutral', 'Read', 'More']",[],19:39:31,27707080
100,2014-05-29,Thu,179053,471924042518102016,5,PIMCO,"['Andrew', 'Balls', 'discusses', 'Europe', 's', '3-5', 'yr', 'outlook', 'We', 'expect', 'stable', 'trend-like', 'real', 'growth', 'of', '1-15', 'But', 'is', 'it', 'healthy']",[],08:00:34,27707080
101,2014-05-22,Thu,179053,469507534685233152,7,PIMCO,"['Scott', 'Mather', 'discusses', 'opportunities', 'and', 'risks', 'in', 'global', 'bonds', 'in', 'a', 'New', 'Neutral', 'world', 'PIMCOsecular']",[],15:58:13,27707080
102,2014-05-21,Wed,179053,469119227828256768,27,PIMCO,"['Want', 'a', 'gauge', 'of', 'whether', 'the', 'commodities', 'market', 'is', 'concerned', 'about', 'UkraineLook', 'at', 'wheat', 'priceshttptcoD2dmpfCB7u']",[],14:15:14,27707080
103,2014-05-21,Wed,179053,469085651741462529,1,PIMCO,"['Watch', 'Tony', 'Crescenzi', 'on', '@SquawkCNBC', 'today', 'at', '530AM', 'PT', '830AM', 'ET', '@JoeSquawk']",[],12:01:49,27707080
104,2014-05-20,Tue,179053,468843356530180096,7,PIMCO,"['Mather', 'EMU', 'peripheral', 'bonds', 'on', 'sale', 'Election', 'jitters', 'Attractive', 'at', 'multiples', '4X', 'over', 'Germany', 'in', '5yr', 'space']",[],19:59:01,27707080
105,2014-05-20,Tue,179053,468725970586071040,13,PIMCO,"['PIMCO', 's', 'Amey', 'Uptick', 'in', 'UK', 'inflation', 'rate', 'doesn', 't', 'change', 'key', 'fact', 'jobs', 'key', 'to', 'MPC', 'hiking', 'rates', 'so', 'average', 'earnings', 'need', 'to', 'rise']",[],12:12:34,27707080
106,2014-05-19,Mon,179053,468391051531931648,10,PIMCO,"['Prospects', 'for', 'US', 'secular', 'growth', 'are', 'brighter', 'than', 'other', 'major', 'economies', 'though', 'still', 'modest', 'PIMCOsecular']",[],14:01:43,27707080
107,2014-05-17,Sat,179053,467681240192401409,40,PIMCO,"['5', 'yrs', 'after', 'financial', 'crisis', 'global', 'aggregate', 'demand', 'is', 'insufficient', 'to', 'absorb', 'supply', 'Read', 'our', 'outlook', 'for', 'next', '5']",[],15:01:11,27707080
108,2014-05-16,Fri,179053,467356495018221569,1,PIMCO,"['Watch', 'Tony', 'Crescenzi', 'on', '@CNBC', 'today', 'at', '1100AM', 'PT', '200PM', 'ET']",[],17:30:46,27707080
109,2014-05-13,Tue,179053,466275347634618368,17,PIMCO,"['We', 'see', 'the', 'Fed', 's', 'neutral', 'rate', 'as', 'likely', 'close', 'to', '0', 'real', 'and', '2', 'nominal', 'in', 'the', 'years', 'ahead', 'PIMCOsecular']",[],17:54:40,27707080
110,2014-05-13,Tue,179053,466148431783026690,0,PIMCO,"['Watch', 'Rich', 'Clarida', 'on', '@BloombergTV', 'today', 'at', '3AM', 'PT', '6AM', 'ET']",[],09:30:21,27707080
111,2014-05-12,Mon,179053,465865361876074496,0,PIMCO,"['Listen', 'to', 'Andrew', 'Bosomworth', 'on', '@BloombergRadio', 'today', 'at', '515AM', 'PT', '1115AM', 'ET']",[],14:45:32,27707080
112,2014-05-09,Fri,179053,464744293295747072,1,PIMCO,"['Listen', 'to', 'Beth', 'MacLean', 'on', '@BloombergRadio', 'today', 'at', '600AM', 'PT', '900AM', 'ET', '@tomkeene']",[],12:30:48,27707080
113,2014-05-06,Tue,179053,463677542831247360,8,PIMCO,"['Europe', 'Not', 'too', 'hot', 'not', 'too', 'cold', 'sweet', 'spot', 'for', 'credit', 'investors', 'Eve', 'Tournier', 'discusses']",[],13:51:55,27707080
114,2014-05-05,Mon,179053,463302610939023360,2,PIMCO,"['Welcome', 'Nate', 'Silver', 'Anne-Marie', 'Slaughter', 'Paul', 'Tucker', 'Michael', 'Greenstone', 'amp', 'Carmen', 'Reinhart', 'PIMCOsecular']",[],13:02:04,27707080
115,2014-05-02,Fri,179053,462297718937776128,6,PIMCO,"['Where', 'do', 'we', 'see', 'opportunities', 'and', 'risks', 'over', 'the', 'next', 'five', 'years', 'Answers', 'coming', 'PIMCOsecular']",[],18:28:59,27707080
116,2014-05-02,Fri,179053,462255922660638720,27,PIMCO,"['Crescenzi', 'Chart', 'Conundrum', 'for', 'Fed', 'Unemployment', 'down', 'but', 'wage', 'data', 'show', 'plentiful', 'slack', 'Fed', 'mkts', 'side', 'with', 'wages']",[],15:42:54,27707080
117,2014-05-02,Fri,179053,462252987931717632,11,PIMCO,"['Mather', 'More', 'US', 'jobs', 'but', 'not', 'enough', 'to', 'cause', 'the', 'USD', 'to', 'strengthen', 'Not', 'what', 'other', 'central', 'banks', 'ECB', 'BOE', 'RBA', 'RBNZ', 'BOJ', 'were', 'hoping', 'for']",[],15:31:15,27707080
118,2014-05-02,Fri,179053,462230116475879424,31,PIMCO,"['Worah', 'Today', 's', 'Jobs', 'data', 'The', 'Good', '288k', 'new', 'jobs', 'created', 'The', 'Bad', 'Wages', 'not', 'growing', 'The', 'Ugly', 'Younger', 'Americans', 'leaving', 'the', 'workforce']",[],14:00:22,27707080
119,2014-05-02,Fri,179053,462215062678437889,3,PIMCO,"['Where', 'do', 'we', 'see', 'opportunities', 'and', 'risks', 'over', 'the', 'next', 'five', 'years', 'Answers', 'coming', 'PIMCOsecular']",[],13:00:33,27707080
120,2014-05-01,Thu,179053,461868534210236416,0,PIMCO,"['Listen', 'to', 'Tony', 'Crescenzi', 'on', '@BloombergRadio', 'today', 'at', '730AM', 'PT', '1030AM', 'ET']",[],14:03:34,27707080
121,2014-05-01,Thu,179053,461822768469008384,0,PIMCO,"['Watch', 'Tony', 'Crescenzi', 'on', '@SquawkCNBC', 'today', 'at', '430AM', 'PT', '730AM', 'ET', '@JoeSquawk']",[],11:01:42,27707080
122,2014-04-30,Wed,179053,461573583547138049,0,PIMCO,"['Watch', 'Mark', 'Kiesel', 'on', '@BloombergTV', 'today', 'at', '1200PM', 'PT', '300PM', 'ET']",[],18:31:32,27707080
123,2014-04-30,Wed,179053,461556892431831041,0,PIMCO,"['Watch', 'Tony', 'Crescenzi', 'on', 'TV', 'today', 'at', '1055AM', 'PT', '155PM', 'ET']",[],17:25:13,27707080
124,2014-04-30,Wed,179053,461506790493278210,9,PIMCO,"['Worah', 'ECI', 'up', 'only', '12', 'annualized', 'Wages', 'hardly', 'growing', 'Easy', 'money', 'by', 'itself', 'cannot', 'create', 'high', 'pay', 'jobs', 'Need', 'education', 'amp', 'infrastructure']",[],14:06:07,27707080
125,2014-04-30,Wed,179053,461502300440494080,7,PIMCO,"['Worah', 'Deputy', 'CIO', 'Eurozone', 'Inflation', 'just', '07', 'Even', 'Germany', 'ticks', 'lower', 'to', '11', 'Will', 'the', 'ECB', 'fiddle', 'as', 'the', 'decline', 'continues']",[],13:48:17,27707080
126,2014-04-29,Tue,179053,461270691233681408,2,PIMCO,"['Kiesel', 'Deputy', 'CIO', 'Las', 'Vegas', 'and', 'Macau', 'based', 'resort', 'posts', 'positive', 'RevPar', 'and', 'EBITDA', 'encouraging', 'for', 'the', 'gaming', 'sector']",[],22:27:57,27707080
127,2014-04-28,Mon,179053,460758687377006592,8,PIMCO,"['Read', 'PIMCO', 's', 'new', 'Global', 'Central', 'Bank', 'Focus', 'Henny', 'Pennies', 'by', 'Crescenzi', 'Amey', 'Kakuchi', 'and', 'Emons']",[],12:33:26,27707080
128,2014-04-25,Fri,179053,459679810022019072,0,PIMCO,"['Listen', 'to', 'Scott', 'Mather', 'on', '@BloombergRadio', 'today', 'at', '630AM', 'PT', '930AM', 'ET', '@tomkeene']",[],13:06:21,27707080
129,2014-04-24,Thu,179053,459320385499328513,5,PIMCO,"['Kiesel', 'Dep', 'CIO', 'Americas', 'top', 'building', 'material', 'companies', 'amp', 'homebuilders', 'generating', '10', 'yy', 'gains', 'in', 'pricing', 'Own', 'companies', 'w', 'pricing', 'power']",[],13:18:08,27707080
130,2014-04-23,Wed,179053,459052422540054530,6,PIMCO,"['Mather', 'Deputy', 'CIO', 'Eurozone', 'data', 'still', 'improving', 'outlook', 'for', 'Spain', 'and', 'Italy', 'yield', 'convergence', 'ECB', 'to', 'remain', 'supportive']",[],19:33:20,27707080
131,2014-04-23,Wed,179053,458958618780766208,4,PIMCO,"['Kiesel', 'Deputy', 'CIO', 'We', 'continue', 'to', 'see', 'opportunity', 'in', 'airlines', 'which', 'are', 'flying', 'now', 'given', 'improving', 'pricing', 'power', 'and', 'demand']",[],13:20:36,27707080
132,2014-04-16,Wed,179053,456445935476686848,12,PIMCO,"['Quantitative', 'easing', 'Could', 'it', 'possibly', 'happen', 'in', 'Europe', 'Myles', 'Bradshaw', 'discusses']",[],14:56:06,27707080
133,2014-04-15,Tue,179053,456140074301001728,2,PIMCO,"['Watch', 'Mark', 'Kiesel', 'on', '@BloombergTV', 'today', 'at', '1210PM', 'PT', '310PM', 'ET']",[],18:40:43,27707080
134,2014-04-15,Tue,179053,456086668131311616,21,PIMCO,"['Crescenzi', 'Chart', 'Timing', 'speed', 'of', 'Fed', 'rate', 'hikes', 'depends', 'on', 'inflation', 'Wages', 'matter', 'most', 'but', 'watch', 'shelter', 'costs']",[],15:08:30,27707080
135,2014-04-14,Mon,179053,455782489462964224,3,PIMCO,"['Read', 'Deputy', 'CIO', 'Mark', 'Kiesel', 's', 'new', 'Global', 'Credit', 'Perspectives', 'Uncovering', 'Opportunities', 'in', 'Emerging', 'Markets', 'here']",[],18:59:48,27707080
136,2014-04-14,Mon,179053,455766134273626112,5,PIMCO,"['CEO', 'Hodge', 'To', 'get', 'private', 'capital', 'back', 'into', 'the', 'mortgage', 'market', 'housing', 'reform', 'must', 'include', 'investor', 'protections']",[],17:54:48,27707080
137,2014-04-14,Mon,179053,455758431421353984,19,PIMCO,"['Crescenzi', 'Chart', 'Fed', 'minutes', 'say', 'low', 'credit', 'growth', 'a', 'reason', 'to', 'expect', 'low', 'policy', 'rate', 'in', 'next', 'hike', 'cycle', 'We', 'agree']",[],17:24:12,27707080
138,2014-04-11,Fri,179053,454665651475722240,0,PIMCO,"['Listen', 'to', 'Beth', 'MacLean', 'on', '@BloombergRadio', 'with', 'Kathleen', 'Hayes', 'today', 'at', '1030AM', 'PT', '130PM', 'ET']",[],17:01:53,27707080
139,2014-04-09,Wed,179053,453963458351230976,1,PIMCO,"['Watch', 'Richard', 'Clarida', 'on', 'Street', 'Smart', '@BloombergTV', 'today', 'at', '12PM', 'PT', '3PM', 'ET']",[],18:31:37,27707080
140,2014-04-09,Wed,179053,453955999712698368,0,PIMCO,"['Watch', 'Tony', 'Crescenzi', 'on', '@Bloomberg', 'TV', 'today', 'at', '1130AM', 'PT', '230PM', 'ET']",[],18:01:59,27707080
141,2014-04-08,Tue,179053,453593806105890816,14,PIMCO,"['Mather', 'Dep', 'CIO', 'UK', 'bond', 'yields', 'already', 'look', 'remarkably', 'normal', 'Read', 'the', 'view', 'here']",[],18:02:45,27707080
142,2014-04-08,Tue,179053,453571964805079040,4,PIMCO,"['Jessop', 'and', 'Arif', 'Avoiding', 'losers', 'is', 'as', 'important', 'as', 'picking', 'winners', 'in', 'high', 'yield', 'markets', 'today', 'Read', 'more']",[],16:35:58,27707080
143,2014-04-07,Mon,179053,453178466872348672,7,PIMCO,"['Kiesel', 'Dep', 'CIO', 'Macau', 'remains', 'one', 'of', 'the', 'best', 'pure', 'plays', 'to', 'invest', 'in', 'EM', 'amp', 'the', 'Asia', 'consumer', 'with', 'gt', '2x', 'nominal', 'GDP', 'growth', 'in', 'mass', 'market']",[],14:32:20,27707080
144,2014-04-05,Sat,179053,452501181848633344,10,PIMCO,"['Deputy', 'CIO', 'Matherbond', 'bull', 'run', 'since', '1980', 'was', 'counterpart', 'to', '1950-79', 'bear', 'runan', 'aberration', 'from', 'centuries-old', 'range']",[],17:41:03,27707080
145,2014-04-04,Fri,179053,452068402363125760,0,PIMCO,"['Mather', 'Dep', 'CIO', 'Diverse', 'monetary', 'policy', 'Brazil', 'hikes', 'ECB', 'on', 'hold', 'amp', 'flirts', 'w', 'QE', 'BoJ', 'pumps', 'liquidity', 'RBA', 'room', 'to', 'cut', 'Go', 'globalfind', 'opps']",[],13:01:20,27707080
146,2014-04-04,Fri,179053,452053238893015040,8,PIMCO,"['Watch', 'Rich', 'Clarida', 'on', 'The', 'News', 'Hub', '@WSJLive', 'today', 'at', '530AM', 'PT', '830AM', 'ET', '@simonconstable']",[],12:01:05,27707080
147,2014-04-03,Thu,179053,451817042157793280,1,PIMCO,"['Schneider', 'Short-term', 'strategies', 'score', 'big', 'when', 'they', 'embrace', 'credit', 'and', 'liquid', 'assets', 'Read', 'my', 'view', 'here']",[],20:22:31,27707080
148,2014-04-03,Thu,179053,451758971725299712,0,PIMCO,"['Watch', 'Tony', 'Crescenzi', 'on', '@CNBCcom\xe2\x80\x99s', 'Futures', 'Now', 'today', 'at', '1000AM', 'PT', '100PM', 'ET']",[],16:31:46,27707080
149,2014-04-01,Tue,179053,451101563382419457,4,PIMCO,"['PIMCO', 'expands', 'suite', 'of', 'Income', 'strategies', 'with', 'the', 'launch', 'of', 'the', 'PIMCO', 'Balanced', 'Income', 'Fund']",[],20:59:28,27707080
150,2014-03-31,Mon,179053,450694314654326784,21,PIMCO,"['Crescenzi', 'Chart', 'Friday', 's', '11', 'yoy', 'PCE', 'inflation', 'reminds', 'why', 'the', 'Fed', 'can', 'be', 'patient', 'on', 'timing', 'amp', 'extent', 'of', 'rate', 'hikes']",[],18:01:12,27707080
151,2014-03-28,Fri,179053,449576439688744961,2,PIMCO,"['Bosomworth', 'SpanishGerman', 'inflation', 'print', 'lower', 'in', 'Mar', 'Expectations', 'are', 'further', 'de-anchoring', 'from', 'ECB', 'target']",[],15:59:10,27707080
152,2014-03-27,Thu,179053,449205533674061824,3,PIMCO,"['Maisonneuve', 'Mind', 'the', 'Gap', 'Adapting', 'to', 'a', 'Post-Crisis', 'World', 'in', 'Transition', 'Read', 'more']",[],15:25:19,27707080
153,2014-03-26,Wed,179053,448853772278972416,2,PIMCO,"['Amey', 'UK', 'Economic', 'Outlook', 'A', 'Sustainable', 'Recovery', 'Read', 'more']",[],16:07:33,27707080
154,2014-03-24,Mon,179053,448098584983273472,2,PIMCO,"['MacLean', 'OCC', 'no', 'exceptions', 'policy', 'for', 'aggressive', 'loans', 'yet', 'they', 'persist', 'PIMCO', 'credit', 'research', 'helps', 'protect', 'investors', 'from', 'market', 'froth']",[],14:06:42,27707080
155,2014-03-24,Mon,179053,448029217318793216,0,PIMCO,"['Watch', 'Rich', 'Clarida', 'guest', 'host', '@BloombergTV', 'Bloomberg', 'Surveillance', 'today', 'at', '3AM', 'PT', '6AM', 'ET']",[],09:31:04,27707080
156,2014-03-21,Fri,179053,447101729126227968,7,PIMCO,"['How', 'can', 'investors', 'in', 'the', 'short-term', 'space', 'benefit', 'from', 'active', 'management', 'Schneider', 'explains']",[],20:05:33,27707080
157,2014-03-21,Fri,179053,447052982916775936,12,PIMCO,"['We', 'see', 'opportunities', 'in', 'commodities', 'Learn', 'more']",[],16:51:51,27707080
158,2014-03-20,Thu,179053,446666404998443008,3,PIMCO,"['Kiesel', 'Dep', 'CIO', 'As', 'property', 'prices', 'diverge', 'globally', 'so', 'will', 'credit', 'extension', 'amp', 'animal', 'spirits', 'These', 'trends', 'supplydemand', 'favor', 'the', 'US']",[],15:15:44,27707080
159,2014-03-20,Thu,179053,446648039663755264,3,PIMCO,"['Morningstar', 'Reaffirms', 'Gold', 'Rating', 'on', 'PIMCO', 'Total', 'Return', 'Important', 'disclosure']",[],14:02:45,27707080
160,2014-03-19,Wed,179053,446417187973398528,6,PIMCO,"['Morningstar', 'Reaffirms', 'Gold', 'Rating', 'on', 'PIMCO', 'Total', 'Return', 'Important', 'disclosure']",[],22:45:26,27707080
161,2014-03-19,Wed,179053,446314050436468736,5,PIMCO,"['Kiesel', 'Dep', 'CIO', 'We', 'see', 'continued', 'opportunity', 'in', 'home', 'builders', 'w', 'superior', 'land', 'positions', 'amp', 'in', 'building', 'material', 'companies', 'w', 'pricing', 'power']",[],15:55:36,27707080
162,2014-03-14,Fri,179053,444497222290640896,11,PIMCO,"['Mather', 'DepCIO', 'New', 'Zealand', '1st', 'to', 'raise', 'rates', 'in', 'developd', 'world', 'Centrl', 'bank', 'policies', 'to', 'diverge', 'driving', 'asset', 'mkts', 'in', 'different', 'directions']",[],15:36:10,27707080
163,2014-03-14,Fri,179053,444479718084345856,5,PIMCO,"['Andrew', 'Balls', 'discusses', 'European', 'outlook', 'Expect', 'positiveyet', 'fragilereal', 'growth', 'in', 'eurozone', 'Deflation', 'risk', 'is', 'real']",[],14:26:37,27707080
164,2014-03-14,Fri,179053,444465937803390976,0,PIMCO,"['Listen', 'to', 'Masha', 'Gordon', 'on', '@BloombergRadio', 'today', 'at', '630AM', 'PT', '930AM', 'ET', '@mckonomy']",[],13:31:52,27707080
165,2014-03-13,Thu,179053,444121571104677888,6,PIMCO,"['Kiesel', 'DepCIO', 'RussiaChina', 'headwinds', 'are', 'offset', 'by', '4', 'US', 'tailwinds', 'rising', 'asset', 'prices', 'healing', 'priv', 'sector', 'improving', 'emplymnt', 'ampdovish', 'Fed']",[],14:43:28,27707080
166,2014-03-12,Wed,179053,443745948179902465,11,PIMCO,"['Parikh', 'The', 'revival', 'of', 'Eurozone', 'growth', 'will', 'bolster', 'the', 'global', 'economy', 'in', '2014', 'even', 'though', 'new', 'risks', 'surface', 'in', 'China']",[],13:50:53,27707080
167,2014-03-11,Tue,179053,443411169676890112,9,PIMCO,"['Crescenzi', 'Chart', 'Waiting', 'on', 'wages', 'Fed', 'amp', 'markets', 'are', 'watching', 'for', 'wage', 'gains', 'Tilt', 'barely', 'higher', 'but', 'no', 'breakout', 'yet']",[],15:40:35,27707080
168,2014-03-07,Fri,179053,441937108174114816,1,PIMCO,"['Watch', 'Mark', 'Kiesel', 'on', '@BloombergTV', 'today', 'at', '630AM', 'PT', '930AM', 'ET']",[],14:03:12,27707080
169,2014-03-06,Thu,179053,441710112840114176,15,PIMCO,"['Crescenzi', 'New', 'Fed', 'data', 'show', 'household', 'net', 'worth', 'up', 'a', 'whopping', '$29', 'trillion', 'in', 'Q4', 'to', '$807', 'tln', 'Fodder', 'for', 'optimists']",[],23:01:12,27707080
170,2014-03-06,Thu,179053,441694833049366528,4,PIMCO,"['Schneider', 'Concerned', 'about', 'rising', 'rates', 'Short-term', 'bonds', 'may', 'help', 'cushion', 'the', 'risk']",[],22:00:29,27707080
171,2014-03-06,Thu,179053,441659459061166081,6,PIMCO,"['Worah', 'Deputy', 'CIO', 'Draghi', 'says', 'ECB', 'will', 'not', 'tighten', 'even', 'as', 'recovery', 'takes', 'hold', 'due', 'to', 'stock', 'of', 'slack', 'Supportive', 'of', 'European', 'risk', 'assets']",[],19:39:55,27707080
172,2014-03-06,Thu,179053,441611111088291840,8,PIMCO,"['Kiesel', 'Dep', 'CIO', 'Value', 'in', 'US', 'banks', 'continues', 'to', 'move', 'down', 'the', 'capital', 'structure', 'eg', 'favoring', 'equity', 'vs', 'senior', 'debt', 'as', 'private', 'sector', 'heals']",[],16:27:48,27707080
173,2014-03-05,Wed,179053,441234330950828032,3,PIMCO,"['Pagani', '2014', 'Europe', 'in', 'Transition', 'Back', 'to', 'Fundamentals']",[],15:30:36,27707080
174,2014-03-04,Tue,179053,440973996566118400,10,PIMCO,"['Schneider', 'No', 'signal', 'now', 'as', 'short-end', 'remains', '0', 'but', 'Fed', 's', 'new', 'repo', 'facilityFRFA', 'wl', 'emerge', 'as', 'policy', 'tool', '2', 'watch']",[],22:16:08,27707080
175,2014-03-04,Tue,179053,440940226966732800,0,PIMCO,"['Watch', 'Virginie', 'Maisonneuve', 'on', '@CNBC', 'today', 'at', '1230PM', 'PT', '330PM', 'ET']",[],20:01:57,27707080
176,2014-03-04,Tue,179053,440796512705314816,1,PIMCO,"['Watch', 'Rich', 'Clarida', 'guest', 'host', '@BloombergTV', 'Bloomberg', 'Surveillance', 'today', 'at', '3AM', 'PT', '6AM', 'ET']",[],10:30:52,27707080
177,2014-03-03,Mon,179053,440573672651517953,1,PIMCO,"['Watch', 'Mark', 'Kiesel', 'on', '@FoxBusiness', 'today', 'at', '1215PM', 'PT', '315PM', 'ET']",[],19:45:23,27707080
178,2014-03-03,Mon,179053,440524692412465152,12,PIMCO,"['Worah', 'Deputy', 'CIO', 'When', 'geo', 'political', 'tensions', 'rise', 'TIPS', 'Commodities', 'usually', 'move', 'opposite', 'to', 'Equities', 'Is', 'your', 'portfolio', 'diversified']",[],16:30:45,27707080
179,2014-03-03,Mon,179053,440333391863750656,25,PIMCO,"['New', 'article', 'by', 'Francesc', 'Balcells', 'Ukraine', 'Geopolitical', 'Risk', 'Rising', 'For', 'Global', 'Markets', 'on']",[],03:50:36,27707080
180,2014-02-28,Fri,179053,439520709824749570,9,PIMCO,"['Schneider', 'With', 'short-term', 'rates', 'anchored', 'near', 'zero', 'money', 'market', 'funds', 'will', 'continue', 'to', 'disappoint']",[],22:01:17,27707080
181,2014-02-28,Fri,179053,439485177572917248,0,PIMCO,"['Watch', 'Tony', 'Crescenzi', 'on', '@BloombergTV', 'today', 'at', '1210PM', 'PT', '310PM', 'ET']",[],19:40:06,27707080
182,2014-02-28,Fri,179053,439435348914216961,7,PIMCO,"['Andrew', 'Balls', 'discusses', 'Eurozone', 'deflation', 'risks', 'and', 'how', 'to', 'invest', 'ahead', 'of', 'the', 'ECB', 'and', 'BoE']",[],16:22:06,27707080
183,2014-02-28,Fri,179053,439413294420754433,4,PIMCO,"['Kiesel', 'Deputy', 'CIO', 'Macau', 'remains', 'one', 'of', 'the', 'best', 'long-term', 'plays', 'on', 'the', 'EM', 'consumer', 'If', 'you', 'aren', 't', 'invested', 'in', 'Macau', 'gaming', 'you', 'should', 'be']",[],14:54:27,27707080
184,2014-02-27,Thu,179053,439158592051359744,4,PIMCO,"['Schneider', 'With', 'short-term', 'rates', 'anchored', 'near', 'zero', 'money', 'market', 'funds', 'will', 'continue', 'to', 'disappoint']",[],22:02:22,27707080
185,2014-02-27,Thu,179053,439105581551747072,8,PIMCO,"['Mather', 'Deputy', 'CIO', 'Brazil', 'hikes', '25bps', 'but', 'near', 'end', 'of', 'cycle', 'amp', 'helped', 'by', 'better', 'fiscal', 'policy', 'Brazil', 'mkts', 'attractive', 'despite', 'Ukraine']",[],18:31:43,27707080
186,2014-02-27,Thu,179053,439085813767618560,5,PIMCO,"['Kiesel', 'DepCIO', 'Watch', 'wages', 'amp', 'inflation', 'not', 'unemployment', '4', 'Fed', 'policy', 'With', 'low', 'wage', 'growth', 'amp', 'benign', 'inflation', 'Fed', 'shud', 'b', 'slow', 'to', 'raise', 'rates']",[],17:13:10,27707080
187,2014-02-27,Thu,179053,439057409177554945,14,PIMCO,"['Anderson', 'We', 'think', 'the', 'housing', 'market', 'is', 'settling', 'into', 'a', 'new', 'equilibrium', 'of', 'steady', 'more', 'gradual', 'growth', 'and', 'recovery']",[],15:20:18,27707080
188,2014-02-26,Wed,179053,438807714442260481,20,PIMCO,"['Crescenzi', 'Chart', 'of', 'the', 'Day', '19yr', 'low', 'mortgage', 'applications', 'key', '2', 'watch', 'Many', 'investments', 'depend', 'on', 'housing', 'recovery']",[],22:48:06,27707080
189,2014-02-26,Wed,179053,438740807236198400,2,PIMCO,"['Virginie', 'Maisonneuve', 'Deputy', 'CIO', 'discusses', 'the', 'future', 'of', 'equities', 'markets', 'and', 'PIMCO', 's', 'equity', 'business']",[],18:22:14,27707080
190,2014-02-26,Wed,179053,438704755704365056,3,PIMCO,"['Kiesel', 'Deputy', 'CIO', 'Healing', 'private', 'sector', 'and', 'supportive', 'developed-market', 'central', 'banks', 'remain', 'supportive', 'for', 'many', 'consumer', 'cyclicals']",[],15:58:59,27707080
191,2014-02-26,Wed,179053,438622209738031104,0,PIMCO,"['Watch', 'Rich', 'Clarida', 'Guest', 'Host', 'on', '@BloombergTV', 'Bloomberg', 'Surveillance', 'today', 'at', '3AM', 'PT', '6AM', 'ET']",[],10:30:58,27707080
192,2014-02-25,Tue,179053,438417738080739329,1,PIMCO,"['Kiesel', 'DepCIO', 'Luxury', 'homebuildr', 'results', 'support', 'our', 'strategy', '2', 'favor', 'premier', 'credits', 'w', 'growth', 'amppricing', 'pwr', 'w', 'avg', 'selling', 'prices', 'up', '15-22']",[],20:58:28,27707080
193,2014-02-24,Mon,179053,437965000817516545,10,PIMCO,"['Bosomworth', 'Eurozone', 'flirting', 'with', 'deflation', 'may', 'force', 'ECB', 'to', 'act', 'sooner', 'rather', 'than', 'later', 'Read', 'more']",[],14:59:27,27707080
194,2014-02-24,Mon,179053,437935418588561408,3,PIMCO,"['Watch', 'Mark', 'Kiesel', 'on', '@CNBC', 'today', 'at', '530AM', 'PT', '830AM', 'ET']",[],13:01:54,27707080
195,2014-02-21,Fri,179053,436984221123764224,14,PIMCO,"['Money', 'market', 'funds', 'carry', 'a', 'high', 'price', 'near-zero', 'yields', 'Jerome', 'Schneider', 'explains']",[],22:02:11,27707080
196,2014-02-21,Fri,179053,436967929457180672,15,PIMCO,"['Crescenzi', 'Chart', 'of', 'the', 'Day', 'Inflation', 'gauge', 'Fed', 'targets', 'is', 'near', '53-yr', 'low', 'Keeps', 'rate', 'hikes', 'afar', 'short', 'rates', 'stable']",[],20:57:27,27707080
197,2014-02-20,Thu,179053,436621394890457088,11,PIMCO,"['Money', 'market', 'funds', 'carry', 'a', 'high', 'price', 'near-zero', 'yields', 'Jerome', 'Schneider', 'explains']",[],22:00:27,27707080
198,2014-02-20,Thu,179053,436568729192001536,9,PIMCO,"['Deputy', 'CIO', 'Worah', 'Gold', 'has', 'out-performed', 'other', 'real', 'assets', 'Time', 'for', 'a', 'breather', 'We', 'believe', 'TIPS', 'a', 'better', 'inflation', 'hedge', 'here']",[],18:31:10,27707080
199,2014-02-20,Thu,179053,436518786213380096,12,PIMCO,"['Worah', 'Overall', 'CPI', '16', 'still', 'too', 'low', 'Yet', 'cost', 'of', 'shelter', 'up', '26', 'Need', 'wage', 'growth', 'to', 'keep', 'shelter', 'affordable']",[],15:12:43,27707080
200,2014-02-19,Wed,179053,436233878156881921,8,PIMCO,"['Crescenzi', 'PPI', 'changed', 'to', 'now', 'include', 'services', '64', 'of', 'PPI', 'New', 'data', 'show', 'low', 'inflation', 'Good', 'for', 'front', 'rates']",[],20:20:36,27707080
201,2014-02-19,Wed,179053,436221461779709952,0,PIMCO,"['Watch', 'Rich', 'Clarida', 'Guest', 'Host', 'on', '@BloombergTV', 'Street', 'Smart', 'today', 'at', '12PM', 'PT', '3PM', 'ET', '@trishregan']",[],19:31:15,27707080
202,2014-02-19,Wed,179053,436150448014508032,10,PIMCO,"['Mather', 'Deputy', 'CIO', 'BOJ', 'eases', 'to', 'add', 'more', 'to', 'expanding', 'balance', 'sheet', 'Ongoing', 'yen', 'weakness', 'amp', 'financial', 'asset', 'appreciation', 'should', 'be', 'expected']",[],14:49:04,27707080
203,2014-02-18,Tue,179053,435896949028716545,10,PIMCO,"['Schneider', 'Debt', 'ceiling', 'agreement', 'likely', 'spells', '0', 'yields', 'for', 'T-bills', 'Look', 'beyond', 'cash', 'for', 'liquid', 'opportunities']",[],22:01:45,27707080
204,2014-02-18,Tue,179053,435831887551279104,7,PIMCO,"['Kiesel', 'Deputy', 'CIO', 'Here', 'are', '5', 'bottom-up', 'investment', 'opportunities', 'now', 'in', 'the', 'US', 'housing', 'market']",[],17:43:14,27707080
205,2014-02-14,Fri,179053,434447038177345536,5,PIMCO,"['Schneider', 'Debt', 'ceiling', 'agreement', 'likely', 'spells', '0', 'yields', 'for', 'T-bills', 'Look', 'beyond', 'cash', 'for', 'liquid', 'opportunities']",[],22:00:20,27707080
206,2014-02-14,Fri,179053,434433204570034176,5,PIMCO,"['Crescenzi', '10k', 'flights', 'cancelled', 'consumers', 'amp', 'factories', 'stall', 'Weather', 'Probably', 'but', 'cloudiness', 'limits', 'bond', 'mkt', 'moves', 'in', 'both', 'directions']",[],21:05:22,27707080
207,2014-02-14,Fri,179053,434355859515527168,4,PIMCO,"['Amey', 'An', 'About', 'Turn', 'at', 'the', 'Bank', 'of', 'England', 'Markets', 'to', 'embed', 'risk', 'premia', 'in', 'interest', 'rates']",[],15:58:01,27707080
208,2014-02-13,Thu,179053,434059690893672448,9,PIMCO,"['Worah', 'Deputy', 'CIO', '11', 'PCE', 'inflation', 'too', 'low', 'for', 'comfort', 'Deleveraging', 'economy', 'needs', 'faster', 'wage', 'growth']",[],20:21:09,27707080
209,2014-02-13,Thu,179053,433975303405588480,2,PIMCO,"['Kiesel', 'Deputy', 'CIO', 'Comcast', 'TimeWarner', 'will', 'have', 'approx', '30mm', 'subscribers', 'roughly', '5x', 'COX', 'All-stock', 'deal', 'is', 'positive', '4', 'TWC', 'bondholders']",[],14:45:49,27707080
210,2014-02-13,Thu,179053,433962374400593921,8,PIMCO,"['Parikh', 'Aussie', 'labor', 'market', 'weaker', 'as', 'US', 'stronger', 'Buy', 'Aussie', 'bonds', 'for', 'higher', 'total', 'return', 'potential']",[],13:54:27,27707080
211,2014-02-12,Wed,179053,433692105421385729,4,PIMCO,"['Jessop', 'and', 'MacLean', 'Ride', 'the', 'low', 'default', 'wave', 'toward', 'attractive', 'opportunities', 'in', 'leveraged', 'finance', 'Learn', 'more']",[],20:00:30,27707080
212,2014-02-12,Wed,179053,433607010752688128,1,PIMCO,"['Kiesel', 'Deputy', 'CIO', 'Rising', 'home', 'equity', 'bullish', 'for', 'repair', 'amp', 'remodel', 'w', 'building', 'materials', 'cos', 'experiencing', 'higher', 'volume', 'amp', 'improved', 'pricing']",[],14:22:22,27707080
213,2014-02-12,Wed,179053,433571536038268928,0,PIMCO,"['Watch', 'Mark', 'Kiesel', 'on', '@BloombergTV', 'today', 'at', '430AM', 'PT', '730AM', 'ET', '@tomkeene']",[],12:01:24,27707080
214,2014-02-11,Tue,179053,433307250590244864,0,PIMCO,"['Watch', 'Mark', 'Kiesel', 'on', '@CNBC', 'today', 'at', '1100AM', 'PT', '200PM', 'ET']",[],18:31:13,27707080
215,2014-02-11,Tue,179053,433290024617246720,21,PIMCO,"['KieselDeputyCIO', 'It', 's', 'math', 'Few', 'companies', 'raising', 'capital', '2', 'increase', 'hiring', 'ampcapex', 'Soft', 'EM', 'growth', 'amplow', 'inflation', '=', 'Fed', '2', 'delay', 'ratehikes']",[],17:22:46,27707080
216,2014-02-11,Tue,179053,433178964493107200,5,PIMCO,"['Andrew', 'Balls', 'on', 'CNBC', 'PIMCO', 'likes', 'UK', 'front', 'end', 'dislikes', 'European', 'long', 'end']",[],10:01:27,27707080
217,2014-02-10,Mon,179053,432987138884653056,11,PIMCO,"['Worah', 'Shale', 'production', 'anchors', 'long', 'term', 'oil', 'prices', 'below', 'short', 'term', 'prices', 'Tail', 'wind', 'for', 'investors', 'with', 'longer', 'investment', 'horizon']",[],21:19:13,27707080
218,2014-02-10,Mon,179053,432938009265471488,7,PIMCO,"['Andrew', 'Balls', 'discusses', 'President', 'Draghi', 's', 'deflation', 'dilemma', 'with', '@johnauthers', '@ftcom']",[],18:03:59,27707080
219,2014-02-10,Mon,179053,432900054509428736,1,PIMCO,"['Kiesel', 'Deputy', 'CIO', 'for', 'success', 'in', 'credit', 'investing', 'ensure', 'you', 'have', 'growth', 'asset', 'quality', 'amp', 'pricing', 'power']",[],15:33:10,27707080
220,2014-02-07,Fri,179053,431872698105749504,8,PIMCO,"['Mather', 'Dep', 'CIO', 'Rating', 'outlook', 'neg', '4', 'Turkey', 'S', 'ampP', 'but', 'upgraded', 'Mexico', 'Moody', 's', 'this', 'wk', 'Invstmnt', 'opprtunity', '4', 'those', 'who', 'can', 'differentiate']",[],19:30:49,27707080
221,2014-02-07,Fri,179053,431796692867121152,3,PIMCO,"['Maisonneuve', 'Mind', 'the', 'Gap', 'Transitioning', 'global', 'economy', 'fragmentation', '=', 'volatility', 'but', 'chance', '2', 'buy', 'quality', 'stocks']",[],14:28:48,27707080
222,2014-02-07,Fri,179053,431790095243681792,0,PIMCO,"['Watch', 'Mark', 'Kiesel', 'on', '@BloombergTV', 'today', 'at', '630AM', 'PT', '930AM', 'ET']",[],14:02:35,27707080
223,2014-02-06,Thu,179053,431519390333673472,15,PIMCO,"['Mather', 'ECB', 'on', 'hold', 'today', 'amp', 'in', 'future', 'as', 'long', 'as', 'debt', 'crisis', 'on', 'holiday', 'Spanish', 'amp', 'Italian', 'bonds', 'still', 'converging', 'to', 'Germany']",[],20:06:54,27707080
224,2014-02-06,Thu,179053,431440919838330882,15,PIMCO,"['Worah', 'Looking', 'for', 'an', 'attractive', 'real', 'asset', 'Consider', 'apartment', 'REITs', 'We', 'are']",[],14:55:05,27707080
225,2014-02-05,Wed,179053,431101355072430080,24,PIMCO,"['Mather', 'indiscriminate', 'selling', 'in', 'EM', 'bonds', 'amp', 'panic', 'buying', 'of', 'developed', 'world', 'is', 'subsiding', 'Time', 'for', 'value', 'investors', 'to', 'consider', 'stepping', 'in']",[],16:25:47,27707080
226,2014-02-05,Wed,179053,431064048093114368,27,PIMCO,"['Crescenzi', 'New', 'CBO', 'data', 'US', 'budget', 'deficit', '$514', 'bn', 'in', '2014', 'less', 'than', 'half', 'of', '2012', 'Tsy', 'issuance', 'will', 'fall', 'Supportive', 'and', 'offsets', 'Fed', 'taper']",[],13:57:32,27707080
227,2014-02-03,Mon,179053,430392637871644673,9,PIMCO,"['Crescenzi', 'Weather', 'is', 'always', 'an', 'excuse', 'amp', 'it', 'may', 'have', 'weakened', 'today', 's', 'ISM', 'report', 'What', 's', 'the', 'data', 'saying', 'Don', 't', 'get', 'overly', 'bullish', 'on', 'growth']",[],17:29:35,27707080
228,2014-02-03,Mon,179053,430287219040215040,2,PIMCO,"['Watch', 'Rich', 'Clarida', 'guest', 'host', '@BloombergTV', 'Bloomberg', 'Surveillance', 'today', 'at', '3AM', 'PT', '6AM', 'ET']",[],10:30:42,27707080
229,2014-01-31,Fri,179053,429341928212410368,4,PIMCO,"['Crescenzi', 'On', 'Bernanke', 's', 'last', 'day', 'look', 'back', 'and', 'look', 'forward', 'Expect', 'continuity', 'from', 'Yellen', 'in', 'a', 'role', 'defined', 'by', '100', 'years', 'of', 'history']",[],19:54:27,27707080
230,2014-01-30,Thu,179053,428988952432103424,2,PIMCO,"['Jessop', 'and', 'Arif', 'Where', 'can', 'investors', 'look', 'for', 'upside', 'in', 'a', 'medium', 'yield', 'high', 'yield', 'market', 'Learn', 'more']",[],20:31:51,27707080
231,2014-01-30,Thu,179053,428913349725011968,4,PIMCO,"['Kiesel', 'In', 'periods', 'of', 'higher', 'volatility', 'focus', 'on', 'companies', 'with', 'pricing', 'power', 'Cable', 'is', 'one', 'opportunity', 'now']",[],15:31:26,27707080
232,2014-01-29,Wed,179053,428535806144561152,11,PIMCO,"['PIMCO', 'makes', 'additional', 'portfolio', 'management', 'leadership', 'appointments']",[],14:31:12,27707080
233,2014-01-28,Tue,179053,428226547288649728,6,PIMCO,"['Boomers', 'will', 'rely', 'on', '401ks', 'for', 'retirement', 'Are', 'investment', 'options', 'aligned', 'with', 'desired', 'outcomes']",[],18:02:19,27707080
234,2014-01-27,Mon,179053,427788733887549440,7,PIMCO,"['Risk', 'yield', 'regulation', 'three', 'things', 'insurance', 'companies', 'should', 'be', 'considering']",[],13:02:36,27707080
235,2014-01-21,Tue,179053,425762217917562880,25,PIMCO,"['PIMCO', 'appoints', 'leadership', 'team']",[],22:49:57,27707080
236,2014-01-21,Tue,179053,425740474771857408,52,PIMCO,"['PIMCO', 'appoints', 'leadership', 'team']",[],21:23:33,27707080
237,2014-01-20,Mon,179053,425276584007049217,15,PIMCO,"['PIMCO', 's', 'Gordon', 'a', 'year', 'ago', 'South', 'Africa', 'borrowed', 'consumption', 'from', 'future', 'estimates', 'to', 'fall', 'Still', 'too', 'early', 'to', 'buy']",[],14:40:13,27707080
238,2014-01-17,Fri,179053,424255509689274368,7,PIMCO,"['PIMCO', '6-time', 'winner', 'of', 'Morningstar', 'accolades', 'sees', 'opportunity', 'in', 'income', 'Check', 'out', 'the', 'PIMCO', 'Income', 'Fund']",[],19:02:50,27707080
239,2014-01-16,Thu,179053,423923253019947008,7,PIMCO,"['Kiesel', 'Airlines', 'taking', 'off', 'w', 'improving', 'demandcapacity', 'cuts', 'This', 'cyclical', 'sector', 'is', 'attractive', 'due', '2', 'consolidation', 'ampimproved', 'pricing', 'power']",[],21:02:34,27707080
240,2014-01-15,Wed,179053,423530839540920321,4,PIMCO,"['Congratulations', 'to', 'PIMCO', 's', 'Dan', 'Ivascyn', 'Alfred', 'Murata', 'Morningstar', 'FI', 'Managers', 'of', 'Year']",[],19:03:15,27707080
241,2014-01-14,Tue,179053,423175830299508736,31,PIMCO,"['PIMCO', 'inflation', 'outlook', 'for', '2014', 'PCE', 'will', 'likely', 'remain', 'below', 'the', 'Fed', 's', '2', 'target']",[],19:32:34,27707080
242,2014-01-14,Tue,179053,423152568785981440,14,PIMCO,"['PIMCO', 'says', 'look', 'to', 'high-quality', 'tax-exempt', 'hospital', 'bonds', 'for', 'low-risk', 'yield', 'or', 'safe', 'spread']",[],18:00:08,27707080
243,2014-01-13,Mon,179053,422832851445637120,20,PIMCO,"['Kiesel', 'Ford', 's', 'new', 'F-150', 'looking', 'good', 'Ford', 'selling', 'an', 'F-150', 'every', '42', 'seconds', 'Yes', 'America', 's', 'Back', 'Check', 'out', 'Ford', '@Ford', '@FordTrucks']",[],20:49:42,27707080
244,2014-01-08,Wed,179053,420729258601099264,1,PIMCO,"['Listen', 'to', 'Jim', 'Moore', 'on', 'Bloomberg', 'Surveillance', '@bsurveillance', 'today', 'at', '600PM', 'PT', '900PM', 'ET', '@tomkeene']",[],01:30:46,27707080
245,2014-01-03,Fri,179053,419151501031129088,6,PIMCO,"['Kiesel', 'Industry', 'consolidation', 'usually', 'leads', 'to', 'higher', 'profits', 'Want', 'proof', 'US', 'airlines', 'Flying', 'high']",[],17:01:19,27707080
246,2013-12-31,Tue,179053,418034303923400705,23,PIMCO,"['Kiesel', '2013', 'rewarded', 'investors', 'who', 'followed', 'simple', 'advice', 'Don', 't', 'fight', 'central', 'banks', 'Big', 'winners', 'equitiesreal', 'estatehi', 'yldcredit', 'risk']",[],15:01:59,27707080
247,2013-12-26,Thu,179053,416161756936163328,4,PIMCO,"['Watch', 'Tony', 'Crescenzi', 'on', '@SquawkCNBC', 'today', 'at', '330AM', 'PT', '630AM', 'ET', '@JoeSquawk']",[],11:01:09,27707080
248,2013-12-21,Sat,179053,414387832695046144,8,PIMCO,"['Gordon', 'Mind', 'the', 'supply-demand', 'gap', 'In', 'slower', 'EM', 'economies', 'like', 'China', 'PIMCO', 'looks', 'for', 'supply', 'constraints']",[],13:32:12,27707080
249,2013-12-20,Fri,179053,414116043943333888,0,PIMCO,"['Watch', 'Rich', 'Clarida', 'Co-Host', 'on', '@BloombergTV', 'Street', 'Smart', 'today', 'at', '12PM', 'PT', '3PM', 'ET', '@trishregan']",[],19:32:13,27707080
250,2013-12-20,Fri,179053,414093881278730240,4,PIMCO,"['Kiesel', 'Under', 'the', 'Xmas', 'tree', 'we', 'seek', 'companies', 'with', '2x', 'GDP', 'growth', 'amp', 'companies', 'raising', 'prices', 'where', 'Demand', 'gt', 'Supply', 'to', 'outperform', 'next', 'year']",[],18:04:09,27707080
251,2013-12-18,Wed,179053,413421310120038400,3,PIMCO,"['Mead', 'on', 'Downunder', '2014', 'Outlook', 'Australia', 'Inc', 'to', 'continue', 'suffering', 'from', 'mild', 'case', 'of', 'Dutch', 'Disease', 'Watch', 'earnings', 'Rates', 'lower', 'for', 'longer']",[],21:31:35,27707080
252,2013-12-18,Wed,179053,413368570022989824,10,PIMCO,"['Kiesel', 'Monetary', 'policy', 'working', 'at', 'least', 'with', 'housing', '13', 'homes', 'underwater', 'in', '3Q', '13', 'vs', '221', '2y', 'ago', 'per', 'CoreLogic', '@federalreserve']",[],18:02:01,27707080
253,2013-12-18,Wed,179053,413353643929522177,9,PIMCO,"['Kiesel', 'Want', 'growth', 'in', 'US', 'Total', 'housing', 'starts', '296', 'yy', 'with', 'single-family', 'homes', 'up', '262', 'yy', 'per', 'Commerce', 'Dept', '@CommerceGov']",[],17:02:43,27707080
254,2013-12-18,Wed,179053,413345764623282176,4,PIMCO,"['A', 'new', 'article', 'by', 'Tony', 'Crescenzi', 'Lupin', 'Rahman', 'and', 'Ben', 'Emons', 'Coal', 'in', 'the', 'Fed', 's', 'Stock-ing', 'is', 'now', 'available']",[],16:31:24,27707080
255,2013-12-17,Tue,179053,413015915920650240,1,PIMCO,"['Watch', 'Mark', 'Kiesel', 'on', '@CNBC', 'today', 'at', '1110AM', 'PT', '210PM', 'ET']",[],18:40:42,27707080
256,2013-12-17,Tue,179053,412946896748294145,26,PIMCO,"['Crescenzi', 'Fed', 'hasnt', 'prepped', 'markets', 'for', 'Dec', 'taper', 'Better', 'to', 'strongly', 'hint', 'than', 'have', 'second', '13', 'surprise', 'or', 'risk', 'harm', 'to', 'verbal', 'strategy']",[],14:06:27,27707080
257,2013-12-17,Tue,179053,412879835162083328,14,PIMCO,"['European', 'Economic', 'Outlook', 'for', '2014', 'Recession', 'Ending', 'but', 'Long-Term', 'Growth', 'Remains', 'Challenged', 'by', 'Andrew', 'Balls']",[],09:39:58,27707080
258,2013-12-16,Mon,179053,412613257690890240,10,PIMCO,"['Kiesel', 'Investors', 'looking', 'to', 'capitalize', 'on', 'the', 'improving', 'outlook', 'for', 'US', 'housing', 'have', 'several', 'options', 'Learn', 'more']",[],16:00:41,27707080
259,2013-12-16,Mon,179053,412515179281514496,6,PIMCO,"['Amey', 'UK', 'Economic', 'Outlook', 'A', 'Much', 'Better', 'Dilemma', 'for', '2014']",[],09:30:57,27707080
260,2013-12-13,Fri,179053,411590712283906048,9,PIMCO,"['Kiesel', 'Outlook', '4', 'remodeling', 'positive', 'as', 'owner', 's', 'equity', 'as', 'household', 'real', 'estate', 'now', '508', 'up', 'fr', '392', '2-years', 'ago', 'according', '2', 'Fed', 'data']",[],20:17:27,27707080
261,2013-12-13,Fri,179053,411458201344028673,3,PIMCO,"['Watch', 'Rich', 'Clarida', 'guest', 'host', '@BloombergTV', 'Bloomberg', 'Surveillance', 'today', 'at', '4AM', 'PT', '7AM', 'ET']",[],11:30:54,27707080
262,2013-12-12,Thu,179053,411164018167255040,12,PIMCO,"['Many', 'challenges', 'to', 'global', 'growth', 'exhausted', 'themselves', 'in', '2013', 'The', '2014', 'outlook', 'is', 'brighter', 'Saumil', 'Parikh', 'discusses']",[],16:01:55,27707080
263,2013-12-10,Tue,179053,410491645969588224,19,PIMCO,"['Kiesel', 'Who', 'benefits', 'from', 'QE', 'Home', 'Builders', 'Avg', 'selling', 'prices', 'up', 'gt', '18', 'vs', '1y', 'ago', 'Builders', 'w', 'pricing', 'pwr', 'amp', 'growth', 'remain', 'attractive']",[],19:30:09,27707080
264,2013-12-09,Mon,179053,410113576222081024,13,PIMCO,"['Kiesel', 'US', 'consumer', 'improving', 'Household', 'net', 'worth', 'up', 'gt', '10', 'annually', 'or', '$142', 'trillion', 'in', 'past', '2', 'years', 'according', 'to', 'today', 's', 'Fed', 'data']",[],18:27:50,27707080
265,2013-12-07,Sat,179053,409361637909745664,5,PIMCO,"['A', 'new', 'article', 'shows', 'how', 'to', 'assess', 'DC', 'participants', 'retirement', 'readiness', 'with', 'real', 'liabilities']",[],16:39:54,27707080
266,2013-12-06,Fri,179053,409034782786732033,12,PIMCO,"['Kiesel', 'More', 'jobs', 'and', 'a', 'dovish', 'Fed', 'remains', 'constructive', 'for', 'both', 'the', 'front-end', 'and', 'US', 'housing', 'market', 'in', '2014', '@federalreserve']",[],19:01:06,27707080
267,2013-12-04,Wed,179053,408196616148242432,2,PIMCO,"['Watch', 'Rich', 'Clarida', 'guest', 'host', '@BloombergTV', 'Bloomberg', 'Surveillance', 'today', 'at', '4AM', 'PT', '7AM', 'ET']",[],11:30:31,27707080
268,2013-11-27,Wed,179053,405811179953856512,5,PIMCO,"['Mead', 'on', 'Downunder', 'PIMCO', 'global', 'preference', 'for', 'short-dated', 'bonds', 'is', 'amplified', 'in', 'Aus', 'due', 'to', 'long-dated', 'issuance', 'plans', 'Overweight', '3', 'to', '5', 'yrs']",[],21:31:39,27707080
269,2013-11-21,Thu,179053,403606710868516864,3,PIMCO,"['Watch', 'Rich', 'Clarida', 'on', '@BloombergTV', 'Street', 'Smart', 'today', 'at', '12PM', 'PT', '3PM', 'ET', '@trishregan']",[],19:31:53,27707080
270,2013-11-20,Wed,179053,403214117395509248,9,PIMCO,"['Kiesel', 'Limited', 'supply', 'where', 'you', 'want', 'to', 'buy', '=', 'higher', 'housing', 'prices', 'This', 'plus', 'QE', 'are', 'main', 'drivers', 'of', 'global', 'housing', 'prices']",[],17:31:51,27707080
271,2013-11-19,Tue,179053,402823669770383360,7,PIMCO,"['Kiesel', '@HomeDepot', 'earnings', 'show', 'housing', 'remodel', 'is', 'picking', 'up', 'We', 'still', 'favor', 'home', 'improvemnt', 'bldg', 'materials', 'appliance', 'amphomebuilder', 'credit']",[],15:40:21,27707080
272,2013-11-08,Fri,179053,398895034596343808,2,PIMCO,"['Watch', 'Rich', 'Clarida', 'guest', 'host', '@BloombergTV', 'Street', 'Smart', 'today', 'at', '12PM', 'PT', '3PM', 'ET', '@trishregan']",[],19:29:22,27707080
273,2013-11-07,Thu,179053,398555654849572864,26,PIMCO,"['Crescenzi', 'Why', 'such', 'active', 'central', 'banks', 'Deflation', 'amid', 'deleveraging', 'can', 'have', 'very', 'negative', 'economic', 'consequences', 'No', 'wonder', 'ECB', 'cut', 'rates']",[],21:00:47,27707080
274,2013-11-04,Mon,179053,397402429937172480,21,PIMCO,"['Jon', 'Short', 's', 'new', 'article', 'For', 'long-term', 'investors', 'rising', 'rates', 'are', 'nothing', 'to', 'fear', 'appears', 'in', 'Barron', 's', 'Read', 'it', 'here']",[],16:38:17,27707080
275,2013-11-01,Fri,179053,396295008233725952,3,PIMCO,"['Kiesel', 'Continue', 'to', 'go', 'for', 'growth', 'in', 'your', 'investments', 'Where', 'are', 'their', 'opportunities', 'Macau', 'Gaming', 'revenues', 'up', '32', 'yy', 'in', 'Oct']",[],15:17:47,27707080
276,2013-10-31,Thu,179053,395890825580011520,0,PIMCO,"['Listen', 'to', 'Tony', 'Crescenzi', 'on', '@BloombergRadio', 'today', 'at', '6AM', 'PT', '9AM', 'ET']",[],12:31:42,27707080
277,2013-10-30,Wed,179053,395656801158705152,19,PIMCO,"['Crescenzi', 'Fed', 'policy', 'will', 'limit', 'yield', 'moves', 'in', 'both', 'directions', 'Reflation', 'effort', 'limits', 'the', 'downside', 'Low', 'policy', 'rate', 'limits', 'the', 'upside']",[],21:01:47,27707080
278,2013-10-30,Wed,179053,395581708936175616,8,PIMCO,"['PIMCO', 'hires', 'Virginie', 'Maisonneuve', 'as', 'Global', 'Head', 'of', 'Equities']",[],16:03:23,27707080
279,2013-10-29,Tue,179053,395265128759033857,21,PIMCO,"['Kiesel', 'Sun', 'rising', 'in', 'California', 'SF', 'LA', 'amp', 'SD', 'housing', 'prices', 'up', '21-25', 'year-over-year', 'Demand', 'gt', 'supply', '=', 'higher', 'prices', 'Case-Shiller']",[],19:05:25,27707080
280,2013-10-29,Tue,179053,395226558618951680,0,PIMCO,"['Watch', 'Tony', 'Crescenzi', 'on', '@CNBCFuturesNow', 'today', 'at', '10AM', 'PT', '1PM', 'ET', '@JackieDeAngelis']",[],16:32:09,27707080
281,2013-10-24,Thu,179053,393444486875217921,0,PIMCO,"['Watch', 'Rich', 'Clarida', 'guest', 'host', '@BloombergTV', 'today', 'at', '12PM', 'PT', '3PM', 'ET', '@tomkeene']",[],18:30:50,27707080
282,2013-10-23,Wed,179053,393122044214513665,4,PIMCO,"['Crescenzi', 'Look', 'beyond', 'Treasuries', 'for', 'additional', 'sources', 'of', 'capital', 'preservation', 'growth', 'and', 'income', 'potential']",[],21:09:33,27707080
283,2013-10-23,Wed,179053,392811666221854720,12,PIMCO,"['Mead', 'on', 'Downunder', 'Global', 'bonds', 'hedged', 'to', 'AUD', 'should', 'return', '5-6', 'over', 'next', 'yr', 'versus', 'CPI', 'today', 'of', '22', '=', 'a', 'healthy', 'potential', 'real', 'return']",[],00:36:13,27707080
284,2013-10-22,Tue,179053,392730188376969216,8,PIMCO,"['VIDEO', 'Cloud', 'of', 'dysfunction', 'hanging', 'over', 'Washington', 'DC', 'likely', 'means', 'lower', 'rates', 'for', 'longer', 'Tony', 'Crescenzi', 'explains']",[],19:12:28,27707080
285,2013-10-20,Sun,179053,391987803502149633,24,PIMCO,"['Crescenzi', 'Bond', 'market', 'technicals', 'are', 'supportive', 'of', 'stable', 'yields', 'amp', 'positive', 'returns', 'for', 'balance', 'of', 'year', 'Keep', 'an', 'eye', 'on', 'technicals']",[],18:02:29,27707080
286,2013-10-19,Sat,179053,391595600422383617,19,PIMCO,"['Lahr', 'Front-end', 'Friendly', 'Fed', 'helps', 'stocks', 'amp', 'can', 'overcome', 'earnings', 'growth', 'torpor', 'Clearly', 'the', 'Fed', 'is', 'still', 'friendly', 'Own', 'stocks', 'here']",[],16:04:01,27707080
287,2013-10-16,Wed,179053,390608643579985920,8,PIMCO,"['Mead', 'on', 'Downunder', 'Unintended', 'consequences', 'of', 'global', 'policies', 'AUD', '@', '9550', 'means', 'short', 'term', 'Aussie', 'interest', 'rates', 'lower', 'for', 'even', 'longer']",[],22:42:12,27707080
288,2013-10-16,Wed,179053,390503343464124416,16,PIMCO,"['Kiesel', 'US', 'energy', 'revolution', 'is', 'not', 'only', 'a', 'game', 'changer', 'but', 'it', 'offers', 'many', 'attractive', 'US', 'regional', 'investments']",[],15:43:46,27707080
289,2013-10-11,Fri,179053,388778812231909376,1,PIMCO,"['Watch', 'Tony', 'Crescenzi', 'on', '@CNBC', 'today', 'at', '3PM', 'PT', '6PM', 'ET']",[],21:31:06,27707080
290,2013-10-09,Wed,179053,388006217689608192,15,PIMCO,"['Crescenzi', 'A', 'phrase', 'for', 'Yellen', 's', 'policy', 'ideas', 'Opportunistic', 'Reflation', 'pursuit', 'of', 'faster', 'growth', 'so', 'long', 'as', 'inflation', 'is', 'lt25', 'in', 'shortrun']",[],18:21:05,27707080
291,2013-10-09,Wed,179053,387736850691280897,1,PIMCO,"['Listen', 'to', 'PIMCO', 's', 'Josh', 'Thimons', 'this', 'afternoonevening', 'on', 'NPR', 's', 'Marketplace', '@MarketplaceAPM', '@sabritree', 'shutdown']",[],00:30:43,27707080
292,2013-10-02,Wed,179053,385374758348795905,1,PIMCO,"['Watch', 'Libby', 'Cantrill', 'on', '@WSJLive', 'News', 'Hub', 'today', 'at', '530AM', 'PT', '830AM', 'ET']",[],12:04:36,27707080
293,2013-10-01,Tue,179053,385049498869063680,8,PIMCO,"['Is', 'there', 'value', 'in', 'European', 'banks', 'Philippe', 'Bodereau', 'discusses', 'the', 'opportunities', 'with', '@johnauthers', '@ftcom']",[],14:32:09,27707080
294,2013-10-01,Tue,179053,385019032661143552,2,PIMCO,"['Watch', 'Libby', 'Cantrill', 'on', '@BloombergTV', 'today', 'at', '6AM', 'PT', '9AM', 'ET', '@tomkeene']",[],12:31:05,27707080
295,2013-09-30,Mon,179053,384709990210338816,1,PIMCO,"['Listen', 'to', 'Tony', 'Crescenzi', 'on', '@BloombergRadio', 'today', 'at', '930AM', 'PT', '1230PM', 'ET']",[],16:03:03,27707080
296,2013-09-27,Fri,179053,383653208507564032,1,PIMCO,"['KieselCompanies', 'not', 'acting', 'in', 'bondholder', 'interests', 'are', 'largely', 'avoided', 'by', 'PIMCO', 'Stayaway', 'from', 'releveraging', 'credits', 'amp', 'focus', 'on', 'rising', 'stars']",[],18:03:47,27707080
297,2013-09-27,Fri,179053,383531684958072832,3,PIMCO,"['Watch', 'Rich', 'Clarida', 'guest', 'host', '@BloombergTV', 'today', 'at', '3AM', 'PT', '6AM', 'ET', '@tomkeene']",[],10:00:54,27707080
298,2013-09-26,Thu,179053,383350341997457408,24,PIMCO,"['Crescenzi', 'Keep', 'focus', 'on', 'liquidity', 'in', 'good', 'times', 'Theres', 'no', 'Bear', 'Stearns', 'or', 'Lehman', 'to', 'warehouse', 'risk', 'when', 'markets', 'fall', 'it', 's', 'a', 'bygone', 'era']",[],22:00:18,27707080
299,2013-09-26,Thu,179053,383320178148519936,4,PIMCO,"['Kiesel', 'Easy', 'Fed', 'is', 'good', 'for', 'spread', 'but', 'stay', 'in', 'front-end', 'amp', 'in', 'growth', 'industries', 'where', 'there', 'are', 'rising', 'stars']",[],20:00:26,27707080
300,2013-09-24,Tue,179053,382505989184184321,7,PIMCO,"['Kiesel', 'Friendly', 'Fed', 'is', 'positive', 'for', 'US', 'housing', 'prices', 'amp', 'reinforced', 'by', 'pent-up', 'demand', 'amp', 'constrained', 'supply', 'in', 'areas', 'people', 'want', 'to', 'live']",[],14:05:09,27707080
301,2013-09-22,Sun,179053,381855842725011456,10,PIMCO,"['Kiesel', 'Growth', 'isn', 't', 'just', 'for', 'equities', 'In', 'corporate', 'credit', 'growth', 'sectors', 'debt', 'ratios', 'may', 'drop', 'amp', 'bond', 'ratings', 'rise']",[],19:01:42,27707080
302,2013-09-21,Sat,179053,381432838727688192,30,PIMCO,"['PIMCO', 'Cyclical', 'Outlook', 'Cautiously', 'optimistic', 'about', 'growth', 'in', 'US', 'and', 'abroad', 'despite', 'slowdown', 'over', 'the', 'past', 'year']",[],15:00:50,27707080
303,2013-09-20,Fri,179053,381130124684718080,5,PIMCO,"['Will', 'the', 'Good', 'Times', 'Last', 'in', 'Commercial', 'Real', 'Estate', 'Read', 'PIMCO', 's', 'view', 'in', 'Barron', 's']",[],18:57:57,27707080
304,2013-09-20,Fri,179053,380995759153614848,11,PIMCO,"['Kiesel', 'In', 'corporate', 'credit', 'look', 'for', 'opportunities', 'in', 'auto', 'housing', 'gaming', 'and', 'energy', 'sectors', 'Learn', 'more']",[],10:04:02,27707080
305,2013-09-20,Fri,179053,380982237938069504,0,PIMCO,"['Watch', 'Mark', 'Kiesel', 'on', '@CNBC', 'today', 'at', '540AM', 'PT', '840AM', 'ET', '@MandyCNBC']",[],09:10:18,27707080
306,2013-09-19,Thu,179053,380802686704422912,24,PIMCO,"['Crescenzi', 'Call', 'it', 'a', 'new', 'normalization', 'for', 'rates', 'Last', 'three', 'Fed', 'hike', 'cycles', 'ended', 'at', '53', '65', 'and', '6', 'Fed', 'sees', 'only', '2', 'end', 'of', '2016']",[],21:16:50,27707080
307,2013-09-17,Tue,179053,380029933676154880,10,PIMCO,"['Johnson', 'amp', 'Sharenow', 'Commodity', 'returns', '=', 'price', 'change', 'roll', 'yield', 'Roll', 'yield', 'is', 'the', 'highest', 'in', 'years', 'Learn', 'more']",[],18:06:11,27707080
308,2013-09-17,Tue,179053,379987253994741760,0,PIMCO,"['Watch', 'Tony', 'Crescenzi', 'on', '@CNBCNumbers', 'today', 'at', '845AM', 'PT', '1145AM', 'ET']",[],15:16:35,27707080
309,2013-09-16,Mon,179053,379610279128346624,13,PIMCO,"['Crescenzi', 'Key', 'focus', 'Wednesday', 'will', 'be', 'on', 'the', 'Fed', 's', 'new', 'projection', 'for', 'end-of-2016', 'policy', 'rate', 'Expect', '20', 'to', '25', 'Markets', 'priced', 'for', 'it']",[],14:18:38,27707080
310,2013-09-06,Fri,179053,376050177439977472,1,PIMCO,"['Watch', 'Rich', 'Clarida', 'guest', 'host', '@BloombergTV', 'today', 'at', '12PM', 'PT', '3PM', 'ET', '@trishregan']",[],18:32:03,27707080
311,2013-09-05,Thu,179053,375649632086679552,0,PIMCO,"['Listen', 'to', 'Mark', 'Kiesel', 'on', '@BloombergRadio', 'today', 'at', '930AM', 'PT', '1230PM', 'ET']",[],16:00:26,27707080
312,2013-09-03,Tue,179053,375009283601354752,19,PIMCO,"['Lahr', 'What', 's', 'a', 'potential', 'catalyst', 'for', 'a', 'long', 'awaited', 'M', 'ampA', 'surge', 'Here', 's', 'an', 'idea', 'fear', 'of', 'the', 'low', 'rate', 'window', 'closing', 'See', 'VODVZ']",[],21:35:55,27707080
313,2013-09-03,Tue,179053,374954293780299776,14,PIMCO,"['Kiesel', 'Macau', 'gaming', 'market', 'growing', 'at', 'gt', '15', 'annually', 'amp', 'remains', 'an', 'attractive', 'way', 'to', 'invest', 'in', 'growing', 'Chinese', 'consumer']",[],17:57:24,27707080
314,2013-08-30,Fri,179053,373549936190963712,29,PIMCO,"['Crescenzi', 'The', 'US', 'economy', 'is', 'laboring', 'into', 'Labor', 'Day', 'still', 'growing', 'under', '2', 'new', 'data', 'suggest', 'Markets', 'are', 'priced', 'for', 'faster', 'growth']",[],20:56:59,27707080
315,2013-08-29,Thu,179053,373120531329216512,1,PIMCO,"['Watch', 'Tony', 'Crescenzi', 'on', '@CNBCFuturesNow', 'today', 'at', '10AM', 'PT', '1PM', 'ET']",[],16:30:41,27707080
316,2013-08-28,Wed,179053,372753586603982848,4,PIMCO,"['Seeking', 'returns', 'in', 'an', 'evolving', 'market', 'of', 'bonds', 'Doug', 'Hodge', 'talks', 'about', 'opportunities', 'Watch', 'video']",[],16:12:35,27707080
317,2013-08-26,Mon,179053,372128874832076800,10,PIMCO,"['Mead', 'on', 'Downunder', 'Strong', 'home', 'auction', 'clearance', 'rate', 'but', 'housing', 'investment', 'contribution', 'of', 'approx', '02', 'GDP', 'won', 't', 'fill', 'looming', 'growth', 'hole']",[],22:50:12,27707080
318,2013-08-26,Mon,179053,372050350758699008,8,PIMCO,"['Tapering', 'talk', 'jolted', 'bonds', 'but', 'secular', 'demand-drivers', 'improving', 'Read', 'Doug', 'Hodge', 's', 'oped', 'in', 'Barron', 's']",[],17:38:10,27707080
319,2013-08-23,Fri,179053,370985455371567104,14,PIMCO,"['Tony', 'Crescenzi', 'There', 's', 'only', 'so', 'far', 'a', 'market', 'can', 'move', 'on', 'the', 'same', 'thing', 'be', 'it', 'earnings', 'economic', 'data', 'or', 'Fed', 'policyhttptcodHObOvapYj']",[],19:06:39,27707080
320,2013-08-23,Fri,179053,370985055986122752,14,PIMCO,"['Kinkelaar', 'Expensive', 'bond-like', 'stocks', 'with', 'highest', 'yields', 'propped', 'up', 'by', 'QE', 'buy', 'cheaper', 'cyclicals', 'with', 'ability', 'to', 'grow']",[],19:05:04,27707080
321,2013-08-22,Thu,179053,370622453133090816,11,PIMCO,"['Kiesel', 'Global', 'central', 'bank', 'policies', 'likely', 'easier', 'for', 'longer', 'as', 'financial', 'conditions', 'tighten']",[],19:04:13,27707080
322,2013-08-21,Wed,179053,370319833990438912,5,PIMCO,"['Mead', 'on', 'Downunder', 'RBA', 'easing', 'bias', 'intact', 'earnings', 'season', 'soft', 'nothing', 'to', 'taper', 'Roll', 'down', 'steepest', 'Aussie', 'yield', 'curve', 'since', '2009']",[],23:01:43,27707080
323,2013-08-21,Wed,179053,370259269582864384,16,PIMCO,"['Kiesel', 'Existing', 'home', 'inventories', 'up', '29', 'in', 'past', '6', 'months', 'Price', 'gains', 'to', 'moderate', 'with', 'higher', 'rates', 'amp', 'more', 'supply', 'Re-model', 'outlook', 'strong']",[],19:01:03,27707080
324,2013-08-21,Wed,179053,370191805230616576,41,PIMCO,"['Crescenzi', 'Mortgage', 'refi', 'index', 'plunging', 'Fed', 'likely', 'to', 'be', 'buying', 'larger', 'age', 'of', 'new', 'MBS', 'after', 'taper', 'than', 'in', '1H', '13', 'Taper', 'terror', 'overdone']",[],14:32:58,27707080
325,2013-08-20,Tue,179053,369915312969617408,9,PIMCO,"['Kiesel', 'Closely', 'monitor', 'existing', 'home', 'inventory', 's', 'tomorrow', 'at', '10am', 'EST', 'as', 'a', 'leading', 'indicator', 'for', 'the', 'direction', 'of', 'US', 'housing', 'prices']",[],20:14:17,27707080
326,2013-08-20,Tue,179053,369896870329724928,7,PIMCO,"['Kiesel', 'HD', 'results', 'show', 'US', 'housing', 're-model', 'cycle', 'is', 'kicking', 'in', 'Own', 'home', 'improvement', 'appliances', 'and', 'building', 'materials']",[],19:01:00,27707080
327,2013-08-20,Tue,179053,369829893036855296,49,PIMCO,"['Crescenzi', 'Can', '85', 'indicators', 'be', 'wrong', 'The', 'Chicago', 'Fed', 's', 'CFNAI', 'composite', 'is', 'weak', 'for', 'a', 'fifth', 'month', 'Faster', 'growth', 'ahead', 'Show', 'me']",[],14:34:52,27707080
328,2013-08-18,Sun,179053,369172100738600961,14,PIMCO,"['Kiesel', 'Own', 'smallmedium-cap', 'explorationproduction', 'amp', 'mid-stream', 'energy', 'company', 'bonds', 'to', 'gain', 'from', 'US', 'energy', 'revolution']",[],19:01:02,27707080
329,2013-08-17,Sat,179053,368764380021678082,20,PIMCO,"['Kinkelaar', 'Highest', 'dividend', 'ylds', 'could', '=', 'Taper', 'TRAP', 'Good', 'yld', 'growth', 'margin', 'of', 'safety', 'could', '=', 'long', 'term', 'Alpha']",[],16:00:54,27707080
330,2013-08-16,Fri,179053,368447283198980096,6,PIMCO,"['Kiesel', 'Favor', 'building', 'material', 'company', 'bonds', 'over', 'home', 'builder', 's', 'for', 'next', 'phase', 'of', 'housing', 'expansion']",[],19:00:52,27707080
331,2013-08-16,Fri,179053,368440156862566400,3,PIMCO,"['Watch', 'Tony', 'Crescenzi', 'on', '@BloombergTV', 'Guest', 'Host', 'at', '12PM', 'PT', '3PM', 'ET']",[],18:32:33,27707080
332,2013-08-16,Fri,179053,368377679445524480,8,PIMCO,"['Kiesel', 'Housing', 'starts', 'OK', 'but', 'price', 'gains', 'should', 'slow', 'as', 'higher', 'mortgage', 'rates', '=', 'less', 'demand', 'And', 'rising', 'prices', '=', 'more', 'supply']",[],14:24:17,27707080
333,2013-08-16,Fri,179053,368364268619857920,2,PIMCO,"['Watch', 'Tony', 'Crescenzi', 'on', '@CNBC', 'Live', 'from', 'the', 'NYSE', 'today', 'at', '7AM', 'PT', '10AM', 'ET']",[],13:31:00,27707080
334,2013-08-15,Thu,179053,368047333571043328,12,PIMCO,"['Kiesel', 'Favor', 'US', 'vs', 'German', 'yields', 'at', 'current', 'valuations']",[],16:31:36,27707080
335,2013-08-14,Wed,179053,367723392675610624,11,PIMCO,"['Crescenzi', 'Dynamic', 'duo', 'Low', 'inflation', 'such', 'as', 'today', 's', 'PPI', 'along', 'with', 'a', 'policy', 'rate', 'that', 'may', 'not', 'move', 'til', '2016', 'firmly', 'anchor', 'Treasuries']",[],19:04:23,27707080
336,2013-08-12,Mon,179053,367016084219502592,16,PIMCO,"['Thimons', 'New', 'SF', 'Fed', 'paper', 'is', 'another', 'piece', 'of', 'evidence', 'that', 'Fed', 'like', 'BOE', 'amp', 'ECB', 'would', 'rather', 'use', 'its', 'words', 'than', 'its', 'wallet', 'to', 'stimulate']",[],20:13:47,27707080
337,2013-08-10,Sat,179053,366182435437817856,6,PIMCO,"['Crescenzi', 'Put', 'your', 'Lewis', 'amp', 'Clark', 'on', 'and', 'explore', 'scour', 'the', '$100', 'trillion', 'global', 'supermarket', 'of', 'bonds', 'for', 'opportunities', 'to', 'fight', 'rising']",[],13:01:10,27707080
338,2013-08-02,Fri,179053,363396428221403136,0,PIMCO,"['Watch', 'Mark', 'Kiesel', 'on', '@CNBCFastMoney', 'today', 'at', '2PM', 'PT', '5PM', 'ET', '@MelissaLeeCNBC']",[],20:30:34,27707080
339,2013-08-02,Fri,179053,363268228560482304,1,PIMCO,"['Listen', 'to', 'Tony', 'Crescenzi', 'on', '@BloombergRadio', 'today', 'at', '530am', 'PT', '830am', 'ET']",[],12:01:09,27707080
340,2013-07-31,Wed,179053,362655736167280641,9,PIMCO,"['Alternatives', 'for', 'Todays', 'and', 'Tomorrows', 'Market', 'Challenges', 'PIMCO', 's', 'Jennifer', 'Bridwell', 'and', 'Sabrina', 'Callin', 'explain']",[],19:27:20,27707080
341,2013-07-31,Wed,179053,362641391710515200,0,PIMCO,"['Watch', 'Tony', 'Crescenzi', 'on', '@BloombergTv', 'today', 'at', '12PM', 'PT', '3PM', 'ET']",[],18:30:19,27707080
342,2013-07-30,Tue,179053,362272513377566721,7,PIMCO,"['A', 'new', 'article', 'by', 'Tony', 'Crescenzi', 'Calm', 'Has', 'Replaced', 'Fear', 'in', 'the', 'Bond', 'Market', 'is', 'now', 'available']",[],18:04:32,27707080
343,2013-07-26,Fri,179053,360829525636038656,2,PIMCO,"['Watch', 'Rich', 'Clarida', 'guest', 'host', 'on', '@BloombergTV', 'Street', 'Smart', 'today', 'at', '12PM', 'PT', '3PM', 'ET', '@trishregan', '@AJInsight']",[],18:30:37,27707080
344,2013-07-25,Thu,179053,360484741805387778,0,PIMCO,"['Watch', 'Myles', 'Bradshaw', 'on', '@BloombergTv', 'The', 'Pulse', 'today', 'at', '110PM', 'PT', '410PM', 'ET', '@flacqua', '@GuyJohnsonTV']",[],19:40:34,27707080
345,2013-07-25,Thu,179053,360437366256713728,2,PIMCO,"['Watch', 'Tony', 'Crescenzi', 'on', 'today', 'at', '10AM', 'PT', '1PM', 'ET', '@CNBCFuturesNow']",[],16:32:19,27707080
346,2013-07-17,Wed,179053,357591084337074176,1,PIMCO,"['Watch', 'Mark', 'Kiesel', 'on', 'BloombergTV', 'today', 'at', '130pm', 'PT', '430pm', 'ET']",[],20:02:12,27707080
347,2013-07-15,Mon,179053,356865435628617728,3,PIMCO,"['Watch', 'Tony', 'Crescenzi', 'on', 'BloombergTV', 'today', 'at', '110pm', 'PT', '410pm', 'ET']",[],19:58:44,27707080
348,2013-07-11,Thu,179053,355326210051547136,2,PIMCO,"['Listen', 'to', 'Tony', 'Crescenzi', 'on', 'BloombergRadio', 'today', 'at', '730am', 'PT', '1030am', 'ET']",[],14:02:24,27707080
349,2013-07-09,Tue,179053,354548303431614464,1,PIMCO,"['Watch', 'Rich', 'Clarida', 'guest', 'host', 'on', 'BloombergSurveillance', 'today', 'at', '4am', 'PT', '7am', 'ET']",[],10:31:17,27707080
350,2013-07-08,Mon,179053,354312819895844864,11,PIMCO,"['Morningstar', 'Worries', 'about', '@PIMCO', 'Total', 'Return', 'overblown', 'By', 'PIMCO', 'Investments', 'LLC']",[],18:55:33,27707080
351,2013-07-05,Fri,179053,353122164175671296,2,PIMCO,"['Listen', 'to', 'Tony', 'Crescenzi', 'on', 'BloombergRadio', 'today', 'at', '530AM', 'PT', '830AM', 'ET']",[],12:04:19,27707080
352,2013-06-28,Fri,179053,350623045104308225,1,PIMCO,"['Watch', 'Tony', 'Crescenzi', 'on', 'BloombergTV', 'today', 'at', '8am', 'PT', '11am', 'ET']",[],14:33:42,27707080
353,2013-06-25,Tue,179053,349550369715662848,4,PIMCO,"['Stay', 'the', 'Course', 'A', 'new', 'article', 'by', 'PIMCOs', 'COO', 'Douglas', 'Hodge']",[],15:31:17,27707080
354,2013-06-21,Fri,179053,348051862961934336,3,PIMCO,"['Watch', 'Mark', 'Kiesel', 'on', 'CNBC', 'today', 'at', '548', 'AM', 'PT', '848', 'AM', 'ET']",[],12:16:45,27707080
355,2013-06-20,Thu,179053,347738704233766913,3,PIMCO,"['Watch', 'Mark', 'Kiesel', 'on', 'CNBC', 'today', 'at', '9AM', 'PT', '12PM', 'ET']",[],15:32:22,27707080
356,2013-06-19,Wed,179053,347455216368635905,1,PIMCO,"['Watch', 'Mihir', 'Worah', 'on', 'BNN', 'today', 'at', '215PM', 'PT', '515PM', 'ET']",[],20:45:53,27707080
357,2013-06-18,Tue,179053,347074259140616192,2,PIMCO,"['Watch', 'Tony', 'Crescenzi', 'on', 'CNBC', 'Futures', 'Now', 'today', 'at', '1PM', 'PT4PM', 'ET']",[],19:32:06,27707080
358,2013-06-11,Tue,179053,344533661317738498,16,PIMCO,"['Evaluating', 'risks', 'allocating', 'assets', 'in', 'an', 'era', 'of', 'lower', 'returns', 'Saumil', 'Parikh', 'discusses', 'PIMCO', 's', 'views']",[],19:16:40,27707080
359,2013-05-30,Thu,179053,340121041781288960,22,PIMCO,"['When', 'a', 'traditional', 'investment', 'model', 'no', 'longer', 'produces', 'the', 'returns', 'you', 'seek', 'It', 's', 'time', 'for', 'alternatives']",[],15:02:30,27707080
360,2013-05-29,Wed,179053,339652342880292864,14,PIMCO,"['PIMCO', 's', 'Secular', 'Outlook', 'Series', 'Issue', '1', 'Europe', 's', 'Crossroads', 'a', 'Q', 'ampA', 'with', 'Andrew', 'Balls', 'is', 'now', 'available']",[],08:00:03,27707080
361,2013-04-08,Mon,179053,321263814471450624,16,PIMCO,"['Slow', 'growth', 'muted', 'returns', 'Investors', 'should', 'think', 'alternatively', 'Douglas', 'Hodge', 'PIMCO', 's', 'COO', 'explains', 'in', 'the', 'FT']",[],14:10:36,27707080
362,2013-03-20,Wed,179053,314361326757634048,4,PIMCO,"['How', 'StocksPLUS', 'seeks', 'outperformance', 'This', 'is', 'an', 'Ad', 'PIMCO', 'Investments', 'LLC', 'Important', 'Info']",[],13:02:35,27707080
363,2013-03-14,Thu,179053,312222654616707072,14,PIMCO,"['PIMCO', 'Cyclical', 'Outlook', 'by', 'Saumil', 'Parikh', 'Expect', 'Glimmer', 'of', 'Hope', 'as', 'US', 'housing', 'recovery', 'sustains', 'economic', 'growth']",[],15:24:16,27707080
364,2013-03-04,Mon,179053,308645102723686400,24,PIMCO,"['Could', 'interest', 'rates', 'remain', 'low', 'until', '2030', 'Saumil', 'Parikh', 'examines', 'potential', 'paths', 'for', 'Fed', 'policy', 'rate', 'bond', 'returns']",[],18:28:21,27707080
365,2013-02-05,Tue,179053,298818110134296577,7,PIMCO,"['A', 'new', 'article', 'by', 'Douglas', 'M', 'Hodge', 'Straitjacket', 'Investing', 'Passive', 'Has', 'Its', 'Limitations', 'is', 'now', 'available']",[],15:39:23,27707080
366,2013-01-14,Mon,179053,290865989996916738,1,PIMCO,"['Attending', 'Barron', 's', 'Roundtable', 'today', 'Read', 'conclusions', 'in', 'this', 'weekend', 's', 'edition']",[],17:00:30,27707080
367,2013-01-09,Wed,179053,289075446207885312,17,PIMCO,"['A', 'new', 'article', 'by', 'Tony', 'Crescenzi', 'Ten', 'Acts', 'for', 'Chairman', 'Bernanke', 'in', 'January', '2013', 'is', 'now', 'available']",[],18:25:31,27707080
368,2012-12-11,Tue,179053,278552501609984000,22,PIMCO,"['PIMCO', 'cyclical', 'outlook', 'by', 'Saumil', 'Parikh', '2013', 'US', 'growth', 'likely', 'to', 'slow', 'while', 'eurozone', 'shrinks', 'China', 'faces', 'challenges']",[],17:31:06,27707080
369,2012-11-26,Mon,179053,273088973084180480,18,PIMCO,"['A', 'new', 'article', 'by', 'Tony', 'Crescenzi', 'Andrew', 'Bosomworth', 'Lupin', 'Rahman', 'and', 'Ben', 'Emons', 'D\xc3\xa9j\xc3\xa0', 'Vu', 'All', 'Over', 'Again', 'is', 'available']",[],15:40:59,27707080
370,2012-11-13,Tue,179053,268365865936904192,15,PIMCO,"['A', 'new', 'article', 'by', 'Saumil', 'H', 'Parikh', 'Forecasting', 'Equity', 'Returns', 'in', 'the', 'New', 'Normal', 'is', 'now', 'available']",[],14:53:03,27707080
371,2012-11-01,Thu,179053,264065532402208769,38,PIMCO,"['A', 'new', 'article', 'by', 'Josh', 'Thimons', 'What', 'Happens', 'at', 'the', 'Fed', 'Under', 'a', 'Romney', 'Presidency', 'is', 'now', 'available']",[],18:05:03,27707080
372,2012-10-18,Thu,179053,258965466456915968,30,PIMCO,"['PIMCO', 'Joins', 'ETF', 'Industry', 'in', 'launching', 'website', 'to', 'help', 'educate', 'and', 'inform', 'investors', 'about', 'ETFs']",[],16:19:13,27707080
373,2012-08-24,Fri,179053,238999003528851457,55,PIMCO,"['Even', 'with', 'QE3', 'Treasury', 'yields', 'have', 'practical', 'limits', '150', '10', 'year', 'is', 'a', 'good', 'common', 'sense', 'bottom']",[],13:59:37,27707080
374,2012-08-02,Thu,179053,231026108676583424,99,PIMCO,"['Draghi', 'drags', 'it', 'out', 'kicks', 'the', 'can', 'Someone', 'must', 'have', 'gotten', 'to', 'him', 'between', 'London', 'and', 'Frankfurt', 'Trust', 'fading', 'fast']",[],13:58:11,27707080
375,2012-07-26,Thu,179053,228480598614876160,17,PIMCO,"['A', 'new', 'article', 'by', 'Douglas', 'M', 'Hodge', 'Its', 'All', 'About', 'Culture', 'is', 'now', 'available', 'on']",[],13:23:14,27707080
376,2012-06-06,Wed,179053,210377172458803200,36,PIMCO,"['ECB', 's', 'Draghi', 'What', 'me', 'worry', 'Let', 'Merkel', 'Fix', 'it']",[],14:26:41,27707080
377,2012-06-05,Tue,179053,210011227299131392,42,PIMCO,"['Commentators', 'ask', 'when', 'will', 'stocks', 'get', 'back', 'on', 'track', 'Answer', 'Deleveraging', 'derails', 'risk', 'assets', 'Rebuilding', 'rails', 'takes', 'long', 'time']",[],14:12:33,27707080
378,2012-05-12,Sat,179053,201311299953639425,7,PIMCO,"['60', 'PIMCO', 'volunteers', 'walked', 'in', 'OCAIDSWalk', '@', 'Disneyland', 'Raised', 'funds', '4', 'men', 'women', 'children', 'affected', 'by', 'HIVAIDS']",[],14:02:09,27707080
379,2012-04-27,Fri,179053,195881291160363009,66,PIMCO,"['Nominal', 'GDP', 'growth', 'at', '38', 'not', 'enough', 'to', 'lower', 'unemployment', 'QE', 'creeps', 'back', 'on', 'the', 'table']",[],14:25:13,27707080
380,2012-04-19,Thu,179053,192974540060639233,93,PIMCO,"['Definition', 'of', 'a', 'Shill', 'Spanish', 'banks', 'buying', 'Spanish', 'bonds', 'Come', 'and', 'get', 'em']",[],13:54:50,27707080
381,2012-04-18,Wed,179053,192668429017300992,102,PIMCO,"['Gross', 'IMF', 'suggests', 'European', 'banks', 'must', 'sell', '35', 'trillion', 'in', 'assets', '2', 'meet', 'future', 'capital', 'requiremnts', 'Markets', 'wonder', 'who', 'will', 'buy', 'them']",[],17:38:27,27707080
382,2012-04-17,Tue,179053,192301441581457409,71,PIMCO,"['Gross', 'Fed', 'needs', 'silently', 'targets', '5', 'nominal', 'GDP', 'to', 'achieve', 'dual', 'mandate', 'If', 'we', 'grow', 'more', 'than', 'that', 'QE', 'off', 'if', 'less', 'QE', 'on']",[],17:20:11,27707080
383,2012-04-17,Tue,179053,192281324722192384,15,PIMCO,"['PIMCO', 'to', 'open', 'office', 'in', 'Brazil', 'Launch', 'scheduled', 'for', 'Sept', '2012', 'in', 'Rio', 'de', 'Janeiro']",[],16:00:14,27707080
384,2012-04-16,Mon,179053,191943583551602688,41,PIMCO,"['Gross', 'Spanish', 'King', 'Juan', 'Carlos', 'Let', 'them', 'hunt', 'elephants', 'Investors', 'seem', 'to', 'have', 'other', 'targets', 'in', 'their', 'gun', 'sights']",[],17:38:11,27707080
385,2012-04-15,Sun,179053,191674459323772929,45,PIMCO,"['Gross', 'Central', 'banks', 'writing', 'checks', 'support', 'asset', 'markets', 'for', 'now']",[],23:48:46,27707080
386,2012-04-14,Sat,179053,191283302529892352,43,PIMCO,"['A', 'new', 'piece', 'by', 'Mohamed', 'A', 'El-Erian', 'What', 'the', 'Return', 'of', 'Market', 'Volatility', 'Tells', 'Us', 'is', 'now', 'available']",[],21:54:27,27707080
387,2012-04-14,Sat,179053,191191559155367938,1,PIMCO,"['25', 'PIMCO', 'Fdn', 'volunteers', 'assisted', 'Grandma', 's', 'House', 'of', 'Hope', '2', 'pak', 'food', '4', 'hungry', 'homeless', 'S', 'Calif', 'kids']",[],15:49:54,27707080
388,2012-04-13,Fri,179053,190848886385033217,12,PIMCO,"['Gross', 'Consider', 'TIPS', 'for', 'cheap', 'inflation', 'protection']",[],17:08:14,27707080
389,2012-04-12,Thu,179053,190491528010018819,22,PIMCO,"['Gross', 'Yellen', 'Dudley', 'dampen', 'QE3', 'probabilities', 'but', 'extend', 'likely', 'horizon', 'for', '25', 'basis', 'FF', 'Favors', '5', 'not', '30', 'year', 'Treasuries']",[],17:28:14,27707080
390,2012-04-11,Wed,179053,190204268446363650,18,PIMCO,"['Evolution', 'Impact', 'Limitations', 'of', 'Unusual', 'Central', 'Bank', 'Policy', 'Activism', 'by', 'Mohamed', 'A', 'El-Erian', 'is', 'now', 'available']",[],22:26:46,27707080
391,2012-04-11,Wed,179053,190121022094192640,26,PIMCO,"['GROSS', 'Fed', 'hawks', 'have', 'spoken', 'Now', 'it', 's', 'time', 'for', 'the', 'Doves', 'Yellen', 'this', 'aft', 'Dudley', 'Thurs', 'AM', 'Bernanke', 'Thurs', 'later']",[],16:55:58,27707080
392,2012-04-10,Tue,179053,189787486661251072,6,PIMCO,"['Gross', 'BOND', 'is', 'an', 'Active', 'ETF', 'gaining', 'mkt', 'traction', 'WHY', 'GO', 'PASSIVE', 'Chk', 'the', 'results', 'This', 'is', 'an', 'AdPIMCO', 'Investments', 'LLC']",[],18:50:37,27707080
393,2012-04-09,Mon,179053,189411119100731392,25,PIMCO,"['Gross', 'Fed', 'plays', 'by', 'chess', 'rules', 'Bernanke', 'the', 'King', 'Yellen', 'the', 'Queen', 'Dudley', 'the', 'castle', 'All', '3', 'speaking', 'this', 'week']",[],17:55:04,27707080
394,2012-04-08,Sun,179053,188969125073256449,57,PIMCO,"['Gross', 'Investors', 'looking', '4', 'golden', 'egg', 'should', 'be', 'satisfied', 'w', 'marshmallow', 'chickens', 'jellybeans', '4-6', 'returns', '4', 'bonds', 'stocks', 'in', 'future']",[],12:38:44,27707080
395,2012-04-06,Fri,179053,188242271454502912,114,PIMCO,"['Gross', 'What', 'is', 'the', 'quality', 'of', 'new', 'jobs', 'Almost', 'entirely', 'service', 'most', 'wo', 'healthcare', 'other', 'benefits', 'America', 'in', 'relative', 'decline']",[],12:30:29,27707080
396,2012-04-05,Thu,179053,187932792217276417,24,PIMCO,"['A', 'new', 'article', 'by', 'Mohamed', 'A', 'El-Erian', 'Markets', 'Wake', 'Up', 'to', 'Central', 'Banks', 'Complicated', 'Tradeoffs', 'is', 'now', 'available']",[],16:00:43,27707080
397,2012-04-05,Thu,179053,187917034640785408,396,PIMCO,"['Gross', 'Greece', 'was', 'a', 'zit', 'Portugal', 'is', 'a', 'boil', 'Spain', 'is', 'a', 'tumor', 'You', 'can', 't', 'fix', 'a', 'debt', 'crisis', 'w', 'austerity', 'more', 'debt']",[],14:58:07,27707080
398,2012-04-04,Wed,179053,187587981077524482,7,PIMCO,"['Access', 'PIMCO', 's', 'Total', 'Return', 'ETF', 'with', 'one', 'simple', 'word', 'BOND', 'This', 'is', 'an', 'Ad', 'PIMCO', 'Investments', 'LLC']",[],17:10:34,27707080
399,2012-04-04,Wed,179053,187540360602460161,144,PIMCO,"['Gross', 'Central', 'banks', 'are', 'where', 'bad', 'bonds', 'go', 'to', 'die', 'Without', 'QE', 'the', 'financial', 'markets', 'then', 'the', 'economy', 'will', 'falter']",[],14:01:20,27707080
400,2012-04-03,Tue,179053,187251073310916608,14,PIMCO,"['Gross', 'Some', 'a', 'couple', 'many', 'Depends', 'on', 'who', 'they', 'are', 'Minutes', 'should', 'say', 'the', 'Chairman', 'felt', 'that']",[],18:51:49,27707080
401,2012-04-03,Tue,179053,187180387364126720,95,PIMCO,"['Gross', 'Portugal', 'headed', 'for', 'a', 'haircut', 'voluntary', 'exchange', 'by', 'private', 'market', 'seems', 'inevitable', 'Euro', 'vulnerable', 'in', 'its', 'wake']",[],14:10:56,27707080
402,2012-04-02,Mon,179053,186867888118956032,21,PIMCO,"['Gross', 'Fed', 's', 'Pianalto', 'correctly', 'disses', 'fiscal', 'deficits', 'but', 'fails', 'to', 'mention', '2', 'trillion', 'plus', 'in', 'QE', 'as', 'a', 'factor', 'in', 'higher', 'inflation']",[],17:29:11,27707080
403,2012-04-02,Mon,179053,186809653701783552,16,PIMCO,"['A', 'new', 'article', 'by', 'Mohamed', 'A', 'El-Erian', 'The', 'Hazard', 'of', 'Second', 'Best', 'is', 'now', 'available']",[],13:37:46,27707080
404,2012-04-01,Sun,179053,186506757839925250,176,PIMCO,"['Gross', 'Don', 't', 'be', 'fooled', 'central', 'bank', 'credit', 'creation', 'increases', 'asset', 'prices', 'but', 'it', 'doesn', 't', 'create', 'wealth']",[],17:34:10,27707080
405,2011-11-28,Mon,179053,141234117449748480,13,PIMCO,"['Gross', 'France', 'Germany', 'holding', 'hands', '2', 'promote', 'nu', 'fiscal', 'plan', 'ECB', 's', 'endorsmnt', 'chckbk', 'will', 'then', 'be', 'critical', '2', 'Eurolndglobal', 'fin', 'mkt', 'rescue']",[],19:16:52,27707080
